2025.12.24,07:03,4495.76,4496.28,4493.55,4493.64,1579
2025.12.24,07:04,4493.50,4494.67,4492.68,4494.15,912
2025.12.24,07:05,4494.24,4495.07,4491.30,4492.10,1225
2025.12.24,07:06,4492.04,4492.35,4490.32,4490.65,697
2025.12.24,07:07,4490.68,4492.09,4489.85,4491.66,485
2025.12.24,07:08,4491.69,4493.28,4491.19,4493.10,306
2025.12.24,07:09,4493.14,4493.59,4490.52,4490.63,475
2025.12.24,07:10,4490.74,4491.26,4487.67,4489.48,684
2025.12.24,07:11,4489.49,4490.17,4484.90,4486.90,1020
2025.12.24,07:12,4486.94,4489.36,4486.30,4489.24,452
2025.12.24,07:13,4489.25,4490.06,4487.96,4489.55,410
2025.12.24,07:14,4489.58,4490.74,4489.03,4490.51,263
2025.12.24,07:15,4490.50,4490.97,4489.70,4490.25,451
2025.12.24,07:16,4490.18,4490.30,4489.36,4490.15,307
2025.12.24,07:17,4490.17,4491.80,4490.17,4491.64,356
2025.12.24,07:18,4491.66,4492.22,4491.10,4492.08,354
2025.12.24,07:19,4492.09,4492.46,4491.57,4492.41,357
2025.12.24,07:20,4492.16,4493.14,4491.95,4492.93,311
2025.12.24,07:21,4492.93,4493.06,4491.40,4491.67,507
2025.12.24,07:22,4491.80,4493.10,4491.70,4492.88,547
2025.12.24,07:23,4492.90,4493.56,4492.46,4493.30,593
2025.12.24,07:24,4493.31,4494.17,4493.12,4493.30,693
2025.12.24,07:25,4493.31,4494.27,4493.31,4493.93,256
2025.12.24,07:26,4493.94,4494.73,4493.62,4494.08,431
2025.12.24,07:27,4494.08,4494.53,4493.36,4494.44,696
2025.12.24,07:28,4494.51,4494.57,4492.12,4492.73,705
2025.12.24,07:29,4492.80,4492.97,4491.79,4492.38,404
2025.12.24,07:30,4492.37,4493.99,4491.54,4493.67,1478
2025.12.24,07:31,4493.67,4496.05,4493.54,4495.18,1261
2025.12.24,07:32,4495.15,4496.49,4494.79,4496.24,722
2025.12.24,07:33,4496.31,4496.89,4495.19,4495.49,809
2025.12.24,07:34,4495.46,4495.57,4493.14,4493.25,809
2025.12.24,07:35,4493.22,4494.33,4491.82,4491.94,801
2025.12.24,07:36,4491.92,4492.22,4490.21,4491.08,614
2025.12.24,07:37,4491.07,4494.51,4490.21,4493.90,1183
2025.12.24,07:38,4494.11,4494.78,4493.48,4494.19,775
2025.12.24,07:39,4494.21,4495.43,4493.54,4495.37,566
2025.12.24,07:40,4495.38,4497.05,4495.27,4496.17,498
2025.12.24,07:41,4496.15,4496.18,4494.03,4494.30,618
2025.12.24,07:42,4494.27,4495.25,4492.18,4493.26,709
2025.12.24,07:43,4493.25,4494.64,4492.53,4493.93,1204
2025.12.24,07:44,4493.92,4496.29,4493.87,4495.40,749
2025.12.24,07:45,4495.41,4495.72,4494.50,4495.01,663
2025.12.24,07:46,4494.94,4495.44,4493.87,4494.19,1235
2025.12.24,07:47,4494.23,4495.42,4493.80,4494.84,958
2025.12.24,07:48,4494.87,4496.76,4494.72,4496.42,1001
2025.12.24,07:49,4496.41,4496.84,4495.78,4496.25,1089
2025.12.24,07:50,4496.20,4496.61,4495.05,4495.38,1223
2025.12.24,07:51,4495.40,4497.36,4494.97,4495.58,989
2025.12.24,07:52,4495.62,4496.09,4494.63,4495.27,663
2025.12.24,07:53,4495.30,4495.65,4493.60,4494.21,533
2025.12.24,07:54,4494.22,4494.56,4492.37,4492.65,402
2025.12.24,07:55,4492.61,4492.78,4490.29,4490.50,548
2025.12.24,07:56,4490.54,4491.58,4489.87,4490.17,504
2025.12.24,07:57,4490.13,4490.77,4489.36,4489.94,958
2025.12.24,07:58,4490.01,4490.57,4488.28,4489.63,682
2025.12.24,07:59,4489.65,4489.77,4488.11,4488.52,409
2025.12.24,08:00,4488.57,4489.81,4487.54,4489.48,671
2025.12.24,08:01,4489.44,4489.70,4487.69,4488.04,470
2025.12.24,08:02,4487.98,4488.55,4486.57,4488.41,622
2025.12.24,08:03,4488.39,4489.46,4487.53,4487.53,673
2025.12.24,08:04,4487.67,4487.73,4486.47,4487.20,570
2025.12.24,08:05,4487.17,4489.01,4486.28,4488.79,713
2025.12.24,08:06,4488.80,4489.38,4488.07,4488.43,402
2025.12.24,08:07,4488.45,4489.50,4488.45,4488.84,336
2025.12.24,08:08,4488.90,4489.18,4487.79,4488.21,504
2025.12.24,08:09,4488.18,4488.65,4487.01,4487.77,594
2025.12.24,08:10,4487.77,4490.14,4487.40,4489.40,466
2025.12.24,08:11,4489.40,4490.72,4489.30,4490.64,433
2025.12.24,08:12,4490.37,4491.81,4490.37,4491.66,375
2025.12.24,08:13,4491.68,4492.58,4491.24,4492.48,321
2025.12.24,08:14,4492.46,4493.03,4492.30,4492.66,402
2025.12.24,08:15,4492.63,4493.09,4489.72,4490.06,916
2025.12.24,08:16,4490.05,4490.22,4487.69,4487.86,936
2025.12.24,08:17,4487.87,4488.48,4485.06,4486.00,1166
2025.12.24,08:18,4486.05,4487.83,4485.98,4486.47,815
2025.12.24,08:19,4486.56,4489.04,4486.40,4488.86,610
2025.12.24,08:20,4488.84,4489.35,4487.80,4489.04,743
2025.12.24,08:21,4488.81,4489.53,4488.17,4488.43,468
2025.12.24,08:22,4488.44,4490.73,4488.44,4490.06,1005
2025.12.24,08:23,4490.04,4490.14,4487.93,4488.57,460
2025.12.24,08:24,4488.53,4489.78,4487.90,4489.03,619
2025.12.24,08:25,4488.88,4489.73,4486.75,4487.17,1030
2025.12.24,08:26,4487.23,4488.21,4486.92,4487.92,1507
2025.12.24,08:27,4487.96,4488.05,4486.13,4486.20,505
2025.12.24,08:28,4486.15,4488.08,4485.50,4487.95,874
2025.12.24,08:29,4487.95,4488.57,4487.30,4487.40,446
2025.12.24,08:30,4487.48,4489.70,4487.44,4489.32,328
2025.12.24,08:31,4489.19,4490.81,4488.82,4490.47,306
2025.12.24,08:32,4490.58,4494.09,4490.29,4492.56,492
2025.12.24,08:33,4492.56,4493.39,4491.59,4491.79,372
2025.12.24,08:34,4491.91,4493.37,4491.91,4492.66,398
2025.12.24,08:35,4492.66,4495.34,4492.10,4495.28,432
2025.12.24,08:36,4495.18,4497.12,4495.18,4496.97,624
2025.12.24,08:37,4496.96,4498.29,4495.86,4495.87,413
2025.12.24,08:38,4495.90,4496.70,4495.57,4496.11,352
2025.12.24,08:39,4496.10,4496.69,4495.92,4496.21,327
2025.12.24,08:40,4496.16,4496.37,4494.35,4494.60,378
2025.12.24,08:41,4494.55,4494.72,4493.09,4493.43,332
2025.12.24,08:42,4493.41,4493.58,4492.85,4493.29,325
2025.12.24,08:43,4493.30,4494.39,4493.09,4493.73,665
2025.12.24,08:44,4493.73,4494.82,4493.11,4494.51,506
2025.12.24,08:45,4494.52,4494.85,4493.63,4494.07,851
2025.12.24,08:46,4494.08,4495.12,4493.72,4494.21,529
2025.12.24,08:47,4494.19,4495.15,4493.94,4493.97,674
2025.12.24,08:48,4493.98,4494.97,4493.86,4494.61,579
2025.12.24,08:49,4494.65,4495.51,4494.33,4495.35,488
2025.12.24,08:50,4495.20,4497.20,4494.97,4495.32,1100
2025.12.24,08:51,4495.30,4496.21,4495.06,4495.74,661
2025.12.24,08:52,4495.73,4496.02,4495.09,4495.37,1009
2025.12.24,08:53,4495.45,4495.89,4494.53,4494.93,2074
2025.12.24,08:54,4494.92,4495.42,4494.30,4494.51,2856
2025.12.24,08:55,4494.53,4495.68,4494.48,4494.73,1947
2025.12.24,08:56,4494.77,4495.44,4492.71,4493.11,2220
2025.12.24,08:57,4493.26,4493.90,4492.61,4493.31,1340
2025.12.24,08:58,4493.30,4494.64,4492.84,4493.50,912
2025.12.24,08:59,4493.49,4493.79,4492.82,4493.38,997
2025.12.24,09:00,4493.39,4494.15,4492.26,4492.49,682
2025.12.24,09:01,4492.54,4493.41,4491.52,4493.18,702
2025.12.24,09:02,4493.14,4494.47,4492.62,4494.47,605
2025.12.24,09:03,4494.49,4495.03,4493.23,4493.23,536
2025.12.24,09:04,4493.22,4493.42,4491.78,4493.07,416
2025.12.24,09:05,4492.98,4494.57,4492.93,4493.98,481
2025.12.24,09:06,4493.99,4494.06,4491.44,4492.30,462
2025.12.24,09:07,4492.32,4492.46,4490.99,4491.96,572
2025.12.24,09:08,4491.95,4493.31,4491.12,4492.46,761
2025.12.24,09:09,4492.46,4492.93,4491.45,4491.90,1163
2025.12.24,09:10,4491.95,4493.01,4491.76,4492.12,589
2025.12.24,09:11,4492.03,4492.24,4490.47,4491.41,1046
2025.12.24,09:12,4491.39,4491.94,4490.65,4491.73,817
2025.12.24,09:13,4491.76,4493.60,4491.39,4493.30,440
2025.12.24,09:14,4493.23,4493.76,4492.36,4493.41,684
2025.12.24,09:15,4493.42,4494.01,4492.51,4493.96,1064
2025.12.24,09:16,4494.01,4494.47,4492.83,4493.34,726
2025.12.24,09:17,4493.17,4493.57,4492.66,4493.09,672
2025.12.24,09:18,4493.04,4493.17,4492.24,4492.74,502
2025.12.24,09:19,4492.86,4493.39,4492.46,4493.17,510
2025.12.24,09:20,4493.15,4493.39,4492.50,4492.88,624
2025.12.24,09:21,4492.85,4493.10,4492.49,4492.82,272
2025.12.24,09:22,4492.83,4494.49,4492.71,4494.22,495
2025.12.24,09:23,4494.40,4494.70,4493.86,4493.94,487
2025.12.24,09:24,4493.89,4494.37,4493.21,4493.61,552
2025.12.24,09:25,4493.65,4493.82,4492.54,4492.70,360
2025.12.24,09:26,4492.71,4493.31,4492.53,4492.74,362
2025.12.24,09:27,4492.76,4493.04,4492.31,4492.89,491
2025.12.24,09:28,4492.79,4493.29,4491.88,4491.94,674
2025.12.24,09:29,4491.93,4492.15,4491.08,4491.67,867
2025.12.24,09:30,4491.66,4491.66,4490.39,4491.28,655
2025.12.24,09:31,4491.31,4491.94,4490.11,4490.43,336
2025.12.24,09:32,4490.24,4491.38,4489.99,4490.68,421
2025.12.24,09:33,4490.72,4491.35,4490.29,4490.97,475
2025.12.24,09:34,4491.05,4492.01,4491.00,4491.67,268
2025.12.24,09:35,4491.70,4491.80,4490.95,4491.17,206
2025.12.24,09:36,4491.21,4491.49,4490.74,4491.04,238
2025.12.24,09:37,4490.92,4490.92,4489.76,4490.59,494
2025.12.24,09:38,4490.61,4490.73,4488.59,4489.17,557
2025.12.24,09:39,4489.20,4490.16,4489.03,4489.90,616
2025.12.24,09:40,4489.89,4490.96,4489.77,4490.46,457
2025.12.24,09:41,4490.45,4490.93,4490.24,4490.24,151
2025.12.24,09:42,4490.36,4490.47,4489.56,4489.73,172
2025.12.24,09:43,4489.53,4489.86,4488.93,4488.99,242
2025.12.24,09:44,4488.95,4489.19,4488.26,4488.49,304
2025.12.24,09:45,4488.39,4488.86,4486.93,4487.07,407
2025.12.24,09:46,4487.10,4487.50,4486.22,4486.83,473
2025.12.24,09:47,4486.86,4487.06,4484.20,4484.50,624
2025.12.24,09:48,4484.49,4488.74,4484.37,4488.65,770
2025.12.24,09:49,4488.66,4489.17,4487.32,4487.47,515
2025.12.24,09:50,4487.49,4488.38,4485.60,4488.26,480
2025.12.24,09:51,4488.27,4488.86,4487.75,4488.03,475
2025.12.24,09:52,4488.03,4489.00,4487.78,4488.89,611
2025.12.24,09:53,4489.01,4489.09,4488.12,4488.25,703
2025.12.24,09:54,4488.28,4488.32,4487.25,4487.28,542
2025.12.24,09:55,4487.26,4487.29,4484.66,4484.66,608
2025.12.24,09:56,4484.64,4485.89,4483.37,4485.77,761
2025.12.24,09:57,4485.70,4486.19,4485.11,4485.85,610
2025.12.24,09:58,4485.86,4485.91,4484.88,4485.05,612
2025.12.24,09:59,4485.03,4485.27,4483.29,4483.75,697
2025.12.24,10:00,4483.78,4484.02,4479.47,4479.52,918
2025.12.24,10:01,4479.53,4481.31,4477.99,4480.08,1772
2025.12.24,10:02,4480.00,4481.28,4478.11,4480.62,1369
2025.12.24,10:03,4480.61,4482.84,4480.32,4482.55,1216
2025.12.24,10:04,4482.55,4483.14,4481.00,4481.36,559
2025.12.24,10:05,4481.35,4484.23,4480.96,4483.50,728
2025.12.24,10:06,4483.33,4485.56,4482.74,4485.09,875
2025.12.24,10:07,4485.11,4486.06,4483.96,4485.82,684
2025.12.24,10:08,4485.80,4486.11,4484.55,4485.76,678
2025.12.24,10:09,4485.77,4486.96,4485.75,4486.55,510
2025.12.24,10:10,4486.64,4486.80,4485.71,4485.74,577
2025.12.24,10:11,4485.76,4485.90,4484.71,4485.32,499
2025.12.24,10:12,4485.34,4485.98,4484.01,4484.74,1052
2025.12.24,10:13,4484.74,4484.90,4482.47,4483.38,699
2025.12.24,10:14,4483.30,4485.47,4482.60,4485.18,767
2025.12.24,10:15,4485.11,4485.52,4483.25,4483.57,926
2025.12.24,10:16,4483.55,4484.85,4483.08,4484.70,578
2025.12.24,10:17,4484.65,4486.38,4484.24,4485.32,574
2025.12.24,10:18,4485.33,4486.71,4484.82,4485.86,532
2025.12.24,10:19,4485.85,4485.97,4484.88,4485.16,233
2025.12.24,10:20,4485.15,4486.22,4484.74,4485.68,1048
2025.12.24,10:21,4485.75,4486.04,4484.28,4484.66,386
2025.12.24,10:22,4484.73,4486.27,4484.56,4485.43,1007
2025.12.24,10:23,4485.49,4486.23,4484.68,4485.93,930
2025.12.24,10:24,4485.98,4488.63,4485.43,4488.63,381
2025.12.24,10:25,4488.64,4489.80,4488.35,4489.08,768
2025.12.24,10:26,4489.10,4490.55,4488.92,4489.53,921
2025.12.24,10:27,4489.59,4489.70,4487.62,4487.86,651
2025.12.24,10:28,4487.88,4487.89,4485.99,4487.15,755
2025.12.24,10:29,4487.13,4487.39,4484.99,4484.99,599
2025.12.24,10:30,4484.96,4484.96,4482.42,4483.17,1204
2025.12.24,10:31,4483.08,4485.54,4482.34,4485.11,842
2025.12.24,10:32,4485.09,4485.89,4484.38,4485.21,592
2025.12.24,10:33,4485.24,4485.59,4484.55,4484.94,513
2025.12.24,10:34,4484.97,4486.93,4484.92,4486.60,692
2025.12.24,10:35,4486.61,4487.25,4484.72,4485.13,789
2025.12.24,10:36,4485.09,4486.88,4485.02,4486.45,757
2025.12.24,10:37,4486.43,4488.02,4485.78,4485.99,748
2025.12.24,10:38,4486.03,4487.76,4485.86,4487.66,361
2025.12.24,10:39,4487.68,4490.48,4487.67,4489.96,1268
2025.12.24,10:40,4489.81,4490.37,4488.78,4489.76,825
2025.12.24,10:41,4489.78,4491.34,4489.68,4491.09,632
2025.12.24,10:42,4491.24,4491.56,4490.81,4491.18,376
2025.12.24,10:43,4491.16,4492.93,4491.10,4492.07,462
2025.12.24,10:44,4492.10,4492.23,4490.06,4490.21,401
2025.12.24,10:45,4490.10,4490.64,4489.38,4490.41,466
2025.12.24,10:46,4490.37,4490.39,4488.43,4488.93,304
2025.12.24,10:47,4488.91,4489.47,4487.26,4487.68,386
2025.12.24,10:48,4487.73,4487.76,4486.61,4487.00,439
2025.12.24,10:49,4487.01,4487.04,4485.93,4486.31,400
2025.12.24,10:50,4486.23,4487.16,4485.91,4486.80,430
2025.12.24,10:51,4486.78,4486.85,4485.48,4485.57,415
2025.12.24,10:52,4485.42,4487.32,4485.29,4487.24,737
2025.12.24,10:53,4487.26,4487.44,4483.32,4485.52,1235
2025.12.24,10:54,4485.54,4485.62,4482.39,4482.98,1003
2025.12.24,10:55,4482.82,4484.75,4482.02,4484.65,1064
2025.12.24,10:56,4484.64,4484.73,4481.64,4482.27,922
2025.12.24,10:57,4482.26,4485.01,4481.67,4484.00,910
2025.12.24,10:58,4484.04,4484.97,4482.77,4482.95,579
2025.12.24,10:59,4482.97,4482.97,4481.89,4482.23,1329
2025.12.24,11:00,4482.24,4484.57,4481.88,4483.70,912
2025.12.24,11:01,4483.71,4484.10,4482.65,4483.72,756
2025.12.24,11:02,4483.74,4484.49,4482.60,4483.53,708
2025.12.24,11:03,4483.50,4485.51,4482.77,4484.25,617
2025.12.24,11:04,4484.23,4484.81,4483.19,4483.57,394
2025.12.24,11:05,4483.56,4485.11,4483.48,4483.81,767
2025.12.24,11:06,4483.83,4485.50,4483.81,4485.40,395
2025.12.24,11:07,4485.39,4486.56,4484.87,4485.06,452
2025.12.24,11:08,4485.05,4486.23,4484.97,4485.93,387
2025.12.24,11:09,4485.92,4486.78,4485.61,4486.11,256
2025.12.24,11:10,4486.27,4486.27,4484.54,4484.54,353
2025.12.24,11:11,4484.52,4485.13,4483.87,4484.50,530
2025.12.24,11:12,4484.52,4487.14,4484.49,4486.73,740
2025.12.24,11:13,4486.73,4487.58,4486.10,4487.36,992
2025.12.24,11:14,4487.39,4487.86,4486.75,4487.70,315
2025.12.24,11:15,4487.62,4491.24,4487.39,4490.71,673
2025.12.24,11:16,4490.67,4491.46,4490.59,4491.20,767
2025.12.24,11:17,4491.15,4493.29,4490.98,4492.06,480
2025.12.24,11:18,4492.02,4492.99,4491.13,4491.13,606
2025.12.24,11:19,4491.15,4491.32,4489.31,4489.68,660
2025.12.24,11:20,4489.70,4490.91,4488.70,4490.71,1185
2025.12.24,11:21,4490.74,4492.10,4490.05,4490.06,637
2025.12.24,11:22,4490.07,4490.58,4487.57,4488.02,761
2025.12.24,11:23,4488.01,4489.31,4487.32,4488.57,1036
2025.12.24,11:24,4488.62,4489.90,4488.27,4489.49,866
2025.12.24,11:25,4489.44,4489.88,4488.64,4489.80,510
2025.12.24,11:26,4489.79,4490.45,4489.77,4490.03,341
2025.12.24,11:27,4490.09,4490.19,4489.05,4489.27,946
2025.12.24,11:28,4489.30,4491.03,4488.79,4491.01,768
2025.12.24,11:29,4491.02,4491.21,4489.37,4489.40,500
2025.12.24,11:30,4489.31,4490.81,4489.18,4489.90,583
2025.12.24,11:31,4489.88,4490.39,4488.42,4488.49,537
2025.12.24,11:32,4488.36,4488.60,4487.65,4487.84,524
2025.12.24,11:33,4487.80,4488.97,4487.49,4488.49,478
2025.12.24,11:34,4488.60,4488.80,4486.69,4486.88,791
2025.12.24,11:35,4486.86,4487.85,4486.26,4487.55,786
2025.12.24,11:36,4487.59,4488.96,4487.48,4488.64,451
2025.12.24,11:37,4488.63,4488.90,4487.91,4488.28,317
2025.12.24,11:38,4488.30,4488.66,4488.01,4488.32,259
2025.12.24,11:39,4488.31,4489.06,4488.24,4488.74,492
2025.12.24,11:40,4488.59,4489.64,4488.30,4489.58,472
2025.12.24,11:41,4489.59,4491.74,4489.36,4491.60,308
2025.12.24,11:42,4491.62,4492.28,4491.22,4491.99,506
2025.12.24,11:43,4492.02,4492.28,4490.78,4491.04,575
2025.12.24,11:44,4490.90,4491.59,4490.59,4491.28,875
2025.12.24,11:45,4491.26,4492.87,4491.09,4492.51,695
2025.12.24,11:46,4492.47,4492.74,4491.73,4492.39,543
2025.12.24,11:47,4492.40,4494.19,4491.98,4493.65,753
2025.12.24,11:48,4493.59,4494.10,4491.81,4491.91,756
2025.12.24,11:49,4491.94,4494.30,4491.88,4494.11,539
2025.12.24,11:50,4494.10,4495.25,4493.87,4494.60,523
2025.12.24,11:51,4494.61,4495.10,4493.52,4494.25,693
2025.12.24,11:52,4494.24,4494.48,4493.36,4494.27,321
2025.12.24,11:53,4494.26,4494.91,4493.15,4493.15,535
2025.12.24,11:54,4493.04,4493.84,4492.57,4493.39,535
2025.12.24,11:55,4493.40,4493.76,4492.59,4493.07,665
2025.12.24,11:56,4493.16,4494.76,4492.91,4493.93,622
2025.12.24,11:57,4493.93,4495.69,4493.89,4494.33,858
2025.12.24,11:58,4494.36,4495.63,4494.10,4495.62,617
2025.12.24,11:59,4495.63,4495.96,4494.44,4494.57,798
2025.12.24,12:00,4494.55,4495.37,4494.02,4494.47,314
2025.12.24,12:01,4494.48,4496.25,4493.51,4496.23,392
2025.12.24,12:02,4496.26,4497.14,4495.39,4497.08,566
2025.12.24,12:03,4497.13,4499.26,4497.00,4498.70,416
2025.12.24,12:04,4498.70,4499.50,4498.36,4499.39,318
2025.12.24,12:05,4499.36,4500.02,4498.48,4498.98,450
2025.12.24,12:06,4498.98,4499.69,4498.58,4498.79,541
2025.12.24,12:07,4498.99,4499.80,4497.97,4498.32,585
2025.12.24,12:08,4498.29,4499.42,4497.02,4497.37,627
2025.12.24,12:09,4497.41,4497.55,4496.61,4496.90,901
2025.12.24,12:10,4496.99,4497.68,4495.41,4495.83,462
2025.12.24,12:11,4495.82,4495.82,4492.84,4493.87,1068
2025.12.24,12:12,4493.88,4493.98,4492.09,4492.59,309
2025.12.24,12:13,4492.53,4492.79,4491.01,4491.46,518
2025.12.24,12:14,4491.33,4491.68,4489.84,4490.66,488
2025.12.24,12:15,4490.67,4492.29,4490.41,4491.99,525
2025.12.24,12:16,4491.91,4492.28,4490.13,4490.36,436
2025.12.24,12:17,4490.38,4491.80,4489.74,4491.60,417
2025.12.24,12:18,4491.51,4492.54,4491.21,4492.40,240
2025.12.24,12:19,4492.54,4493.29,4492.47,4492.94,368
2025.12.24,12:20,4492.93,4493.36,4492.53,4492.54,252
2025.12.24,12:21,4492.68,4493.72,4492.54,4493.04,265
2025.12.24,12:22,4493.02,4494.47,4492.69,4492.83,260
2025.12.24,12:23,4492.85,4494.39,4492.83,4493.91,309
2025.12.24,12:24,4493.94,4494.74,4493.69,4494.50,371
2025.12.24,12:25,4494.49,4495.13,4494.17,4494.98,554
2025.12.24,12:26,4495.03,4495.29,4494.26,4494.72,489
2025.12.24,12:27,4494.77,4496.53,4494.65,4496.53,352
2025.12.24,12:28,4496.32,4496.38,4495.44,4495.66,531
2025.12.24,12:29,4495.61,4495.79,4494.04,4494.23,429
2025.12.24,12:30,4494.17,4494.80,4491.12,4491.95,642
2025.12.24,12:31,4491.94,4492.00,4489.54,4489.61,659
2025.12.24,12:32,4489.57,4491.72,4487.97,4488.28,636
2025.12.24,12:33,4488.30,4488.38,4485.25,4485.82,720
2025.12.24,12:34,4485.81,4487.32,4482.49,4484.25,650
2025.12.24,12:35,4484.30,4485.82,4483.00,4484.70,628
2025.12.24,12:36,4484.70,4485.16,4483.72,4485.06,317
2025.12.24,12:37,4485.25,4485.88,4484.28,4484.30,256
2025.12.24,12:38,4484.30,4485.02,4483.09,4483.97,401
2025.12.24,12:39,4483.95,4484.94,4483.76,4484.27,363
2025.12.24,12:40,4484.27,4485.59,4484.08,4485.01,252
2025.12.24,12:41,4485.01,4486.58,4484.66,4485.05,464
2025.12.24,12:42,4485.10,4485.62,4483.67,4483.82,389
2025.12.24,12:43,4483.94,4484.64,4483.40,4484.63,302
2025.12.24,12:44,4484.64,4485.89,4484.58,4485.89,280
2025.12.24,12:45,4485.88,4486.00,4484.64,4486.00,322
2025.12.24,12:46,4485.95,4488.00,4485.47,4487.61,354
2025.12.24,12:47,4487.60,4488.64,4487.56,4487.98,320
2025.12.24,12:48,4487.96,4488.07,4486.87,4487.30,279
2025.12.24,12:49,4487.22,4487.65,4486.97,4487.28,212
2025.12.24,12:50,4487.29,4488.11,4487.21,4487.77,182
2025.12.24,12:51,4487.79,4488.88,4487.79,4488.70,234
2025.12.24,12:52,4488.72,4489.03,4488.35,4488.84,234
2025.12.24,12:53,4488.70,4488.83,4487.66,4488.69,408
2025.12.24,12:54,4488.67,4489.58,4488.37,4489.43,304
2025.12.24,12:55,4489.45,4490.48,4489.45,4490.37,286
2025.12.24,12:56,4490.36,4490.60,4488.53,4488.53,521
2025.12.24,12:57,4488.50,4490.47,4488.50,4490.29,472
2025.12.24,12:58,4490.24,4490.61,4489.66,4489.76,435
2025.12.24,12:59,4489.71,4490.06,4489.18,4489.35,321
2025.12.24,13:00,4489.35,4489.40,4488.04,4488.05,329
2025.12.24,13:01,4488.06,4488.27,4487.29,4487.95,317
2025.12.24,13:02,4487.97,4488.19,4487.58,4487.67,295
2025.12.24,13:03,4487.72,4488.48,4487.67,4488.06,440
2025.12.24,13:04,4487.99,4488.45,4487.55,4488.42,426
2025.12.24,13:05,4488.41,4488.44,4487.38,4488.19,247
2025.12.24,13:06,4488.20,4488.20,4484.84,4486.81,721
2025.12.24,13:07,4486.69,4487.37,4486.61,4486.83,509
2025.12.24,13:08,4486.84,4487.98,4486.63,4487.77,734
2025.12.24,13:09,4487.57,4487.98,4486.99,4487.72,834
2025.12.24,13:10,4487.66,4487.98,4486.90,4487.41,977
2025.12.24,13:11,4487.41,4488.30,4487.22,4488.19,563
2025.12.24,13:12,4487.92,4489.86,4487.89,4489.58,684
2025.12.24,13:13,4489.60,4490.49,4489.14,4489.60,621
2025.12.24,13:14,4489.59,4489.59,4487.23,4487.77,536
2025.12.24,13:15,4487.83,4488.10,4487.44,4487.83,368
2025.12.24,13:16,4487.90,4488.16,4486.45,4486.65,545
2025.12.24,13:17,4486.64,4487.86,4486.57,4487.41,301
2025.12.24,13:18,4487.43,4488.34,4487.43,4488.09,296
2025.12.24,13:19,4488.01,4488.50,4487.67,4487.71,770
2025.12.24,13:20,4487.81,4488.13,4486.26,4486.69,259
2025.12.24,13:21,4486.68,4487.56,4486.16,4487.53,228
2025.12.24,13:22,4487.55,4488.02,4487.31,4487.81,398
2025.12.24,13:23,4487.78,4488.75,4487.49,4488.42,367
2025.12.24,13:24,4488.40,4488.40,4487.43,4488.26,407
2025.12.24,13:25,4488.22,4488.85,4487.94,4488.80,489
2025.12.24,13:26,4488.77,4489.04,4488.50,4488.74,367
2025.12.24,13:27,4488.79,4488.90,4488.01,4488.75,199
2025.12.24,13:28,4488.76,4489.15,4487.87,4488.06,235
2025.12.24,13:29,4488.08,4488.41,4486.36,4487.16,422
2025.12.24,13:30,4487.17,4487.36,4486.33,4486.91,371
2025.12.24,13:31,4486.98,4488.22,4486.69,4487.78,303
2025.12.24,13:32,4487.76,4487.88,4486.97,4487.11,178
2025.12.24,13:33,4487.19,4487.27,4485.98,4486.65,565
2025.12.24,13:34,4486.62,4486.96,4485.31,4485.90,505
2025.12.24,13:35,4485.94,4486.71,4485.47,4485.99,622
2025.12.24,13:36,4486.03,4487.46,4485.84,4486.28,499
2025.12.24,13:37,4486.24,4486.47,4482.99,4483.86,338
2025.12.24,13:38,4483.92,4484.85,4483.52,4484.07,445
2025.12.24,13:39,4484.05,4485.49,4483.82,4484.45,386
2025.12.24,13:40,4484.43,4485.02,4483.69,4484.59,476
2025.12.24,13:41,4484.49,4485.46,4484.31,4485.35,501
2025.12.24,13:42,4485.37,4486.03,4485.03,4485.40,330
2025.12.24,13:43,4485.35,4487.23,4484.96,4486.98,444
2025.12.24,13:44,4486.93,4488.41,4486.93,4488.01,694
2025.12.24,13:45,4488.00,4488.05,4486.18,4486.37,809
2025.12.24,13:46,4486.36,4486.78,4485.91,4486.44,433
2025.12.24,13:47,4486.49,4488.46,4486.11,4488.22,470
2025.12.24,13:48,4488.28,4488.91,4488.11,4488.31,436
2025.12.24,13:49,4488.28,4488.82,4488.00,4488.63,400
2025.12.24,13:50,4488.61,4490.04,4488.61,4489.70,450
2025.12.24,13:51,4489.71,4490.46,4489.40,4489.97,917
2025.12.24,13:52,4489.91,4490.72,4489.50,4490.49,1370
2025.12.24,13:53,4490.53,4491.19,4489.96,4490.80,1673
2025.12.24,13:54,4490.77,4491.56,4490.25,4491.31,1686
2025.12.24,13:55,4491.32,4491.94,4490.80,4491.38,1125
2025.12.24,13:56,4491.32,4491.69,4490.41,4491.04,508
2025.12.24,13:57,4491.05,4491.77,4490.70,4491.39,399
2025.12.24,13:58,4491.38,4492.10,4490.85,4491.08,1484
2025.12.24,13:59,4491.06,4491.83,4490.83,4491.48,1527
2025.12.24,14:00,4491.49,4492.19,4491.20,4491.99,177
2025.12.24,14:01,4491.82,4493.36,4491.53,4492.39,1367
2025.12.24,14:02,4492.40,4493.13,4491.35,4492.52,1458
2025.12.24,14:03,4492.48,4492.81,4490.79,4491.85,1770
2025.12.24,14:04,4491.84,4493.10,4491.73,4492.77,689
2025.12.24,14:05,4492.79,4494.08,4492.08,4493.76,623
2025.12.24,14:06,4493.79,4494.43,4493.11,4494.21,560
2025.12.24,14:07,4494.38,4494.66,4493.23,4493.92,621
2025.12.24,14:08,4493.94,4494.39,4492.88,4493.02,401
2025.12.24,14:09,4492.83,4494.40,4492.83,4493.89,1393
2025.12.24,14:10,4494.02,4495.16,4493.71,4494.39,747
2025.12.24,14:11,4494.36,4495.58,4494.14,4494.98,641
2025.12.24,14:12,4494.97,4495.39,4494.51,4495.23,632
2025.12.24,14:13,4495.35,4495.71,4493.98,4494.44,652
2025.12.24,14:14,4494.42,4495.44,4494.16,4495.25,628
2025.12.24,14:15,4495.44,4495.82,4494.50,4495.15,1226
2025.12.24,14:16,4495.19,4496.05,4495.04,4495.82,557
2025.12.24,14:17,4495.83,4496.11,4494.66,4495.00,701
2025.12.24,14:18,4494.93,4495.68,4493.63,4493.63,927
2025.12.24,14:19,4493.64,4494.10,4492.57,4493.79,1019
2025.12.24,14:20,4493.82,4495.10,4493.67,4494.79,950
2025.12.24,14:21,4494.78,4495.33,4493.52,4494.13,741
2025.12.24,14:22,4494.18,4494.62,4493.31,4493.47,1154
2025.12.24,14:23,4493.50,4493.53,4492.17,4492.71,353
2025.12.24,14:24,4492.70,4492.94,4490.93,4491.05,335
2025.12.24,14:25,4491.04,4492.08,4490.44,4490.89,345
2025.12.24,14:26,4490.93,4493.26,4490.82,4492.81,374
2025.12.24,14:27,4492.85,4494.47,4492.17,4494.27,411
2025.12.24,14:28,4494.27,4494.70,4493.85,4494.55,550
2025.12.24,14:29,4494.54,4495.27,4492.80,4492.88,735
2025.12.24,14:30,4492.89,4493.52,4492.41,4492.78,606
2025.12.24,14:31,4492.77,4493.50,4492.15,4492.91,897
2025.12.24,14:32,4493.06,4493.50,4492.45,4492.95,693
2025.12.24,14:33,4492.97,4493.27,4491.92,4492.08,830
2025.12.24,14:34,4492.04,4492.62,4491.31,4491.65,782
2025.12.24,14:35,4491.63,4492.30,4491.01,4492.09,254
2025.12.24,14:36,4492.10,4492.74,4491.27,4492.11,279
2025.12.24,14:37,4492.11,4493.18,4492.11,4492.55,246
2025.12.24,14:38,4492.44,4493.43,4491.49,4491.57,279
2025.12.24,14:39,4491.54,4493.42,4491.42,4492.99,316
2025.12.24,14:40,4493.04,4493.43,4492.18,4492.32,601
2025.12.24,14:41,4492.29,4492.49,4491.37,4491.37,474
2025.12.24,14:42,4491.38,4491.47,4490.22,4490.42,288
2025.12.24,14:43,4490.39,4491.03,4490.19,4490.33,172
2025.12.24,14:44,4490.31,4490.47,4489.93,4490.39,207
2025.12.24,14:45,4490.30,4490.70,4489.81,4489.98,250
2025.12.24,14:46,4489.95,4491.13,4489.84,4490.59,217
2025.12.24,14:47,4490.60,4490.64,4489.80,4490.03,233
2025.12.24,14:48,4489.97,4490.50,4489.73,4490.28,286
2025.12.24,14:49,4490.34,4491.08,4489.72,4490.63,233
2025.12.24,14:50,4490.62,4492.34,4490.62,4491.83,960
2025.12.24,14:51,4491.81,4491.87,4490.85,4491.60,570
2025.12.24,14:52,4491.55,4491.75,4490.90,4490.96,590
2025.12.24,14:53,4490.94,4491.37,4490.77,4491.03,308
2025.12.24,14:54,4491.02,4491.93,4490.77,4491.68,1102
2025.12.24,14:55,4491.67,4492.05,4490.29,4490.54,1144
2025.12.24,14:56,4490.50,4491.14,4489.83,4490.85,857
2025.12.24,14:57,4490.88,4492.28,4490.52,4491.55,1839
2025.12.24,14:58,4491.56,4492.54,4491.32,4491.60,1796
2025.12.24,14:59,4491.78,4491.87,4490.42,4490.68,887
2025.12.24,15:00,4490.80,4491.34,4489.77,4490.36,2097
2025.12.24,15:01,4490.35,4491.13,4489.21,4490.53,2594
2025.12.24,15:02,4490.47,4490.98,4488.99,4489.21,2222
2025.12.24,15:03,4489.20,4489.37,4487.30,4488.94,1754
2025.12.24,15:04,4488.93,4492.70,4488.62,4492.51,1839
2025.12.24,15:05,4492.47,4493.52,4491.18,4491.61,2414
2025.12.24,15:06,4491.63,4491.69,4486.19,4486.23,1839
2025.12.24,15:07,4486.21,4488.14,4485.76,4486.80,1554
2025.12.24,15:08,4486.78,4487.66,4484.58,4484.73,1560
2025.12.24,15:09,4484.72,4485.67,4482.71,4483.98,1353
2025.12.24,15:10,4484.01,4486.84,4482.29,4486.83,1068
2025.12.24,15:11,4486.84,4488.32,4483.50,4483.69,935
2025.12.24,15:12,4483.69,4484.33,4481.11,4482.50,1638
2025.12.24,15:13,4482.45,4484.28,4481.93,4483.01,1391
2025.12.24,15:14,4482.87,4485.84,4482.77,4485.47,1092
2025.12.24,15:15,4485.19,4486.65,4484.36,4486.60,1098
2025.12.24,15:16,4486.58,4487.04,4484.81,4486.69,951
2025.12.24,15:17,4486.71,4486.78,4483.95,4484.40,1018
2025.12.24,15:18,4484.37,4485.25,4483.40,4484.29,1297
2025.12.24,15:19,4484.28,4485.06,4479.57,4479.62,1681
2025.12.24,15:20,4479.79,4480.90,4475.01,4478.14,2080
2025.12.24,15:21,4478.15,4482.67,4477.41,4482.62,1064
2025.12.24,15:22,4482.52,4482.71,4480.52,4481.17,838
2025.12.24,15:23,4481.18,4481.95,4478.69,4479.41,891
2025.12.24,15:24,4479.55,4480.81,4477.88,4478.20,1153
2025.12.24,15:25,4478.21,4479.05,4475.93,4476.68,979
2025.12.24,15:26,4476.66,4479.22,4474.55,4478.55,953
2025.12.24,15:27,4478.56,4480.16,4476.65,4477.08,1309
2025.12.24,15:28,4477.11,4477.86,4475.90,4477.50,1146
2025.12.24,15:29,4477.59,4480.20,4477.55,4478.80,410
2025.12.24,15:30,4478.79,4480.56,4477.77,4480.44,560
2025.12.24,15:31,4480.34,4481.95,4479.44,4480.44,459
2025.12.24,15:32,4480.43,4483.54,4480.28,4483.22,813
2025.12.24,15:33,4483.26,4484.35,4481.37,4481.57,621
2025.12.24,15:34,4481.58,4483.28,4481.02,4482.57,650
2025.12.24,15:35,4482.56,4482.57,4480.09,4480.67,1052
2025.12.24,15:36,4480.60,4483.69,4479.70,4483.39,1095
2025.12.24,15:37,4483.41,4484.98,4483.15,4484.36,776
2025.12.24,15:38,4484.39,4485.24,4483.51,4484.91,753
2025.12.24,15:39,4484.92,4485.40,4483.75,4484.43,592
2025.12.24,15:40,4484.41,4485.70,4484.28,4484.79,456
2025.12.24,15:41,4484.81,4485.40,4484.39,4485.26,318
2025.12.24,15:42,4485.12,4486.03,4484.41,4485.32,489
2025.12.24,15:43,4485.34,4485.72,4484.51,4484.93,541
2025.12.24,15:44,4484.91,4486.10,4484.12,4485.13,947
2025.12.24,15:45,4485.13,4485.47,4483.35,4483.76,531
2025.12.24,15:46,4483.71,4485.01,4482.95,4483.85,406
2025.12.24,15:47,4483.85,4486.52,4483.83,4485.91,537
2025.12.24,15:48,4485.98,4486.61,4484.09,4484.70,641
2025.12.24,15:49,4484.71,4485.58,4484.45,4484.93,282
2025.12.24,15:50,4484.99,4485.99,4484.26,4485.95,228
2025.12.24,15:51,4485.97,4486.58,4485.07,4485.49,346
2025.12.24,15:52,4485.46,4486.72,4484.52,4486.29,318
2025.12.24,15:53,4486.24,4487.99,4486.19,4487.36,350
2025.12.24,15:54,4487.38,4487.93,4487.06,4487.43,310
2025.12.24,15:55,4487.45,4488.72,4487.33,4488.72,298
2025.12.24,15:56,4488.70,4488.81,4486.99,4487.80,628
2025.12.24,15:57,4487.85,4487.85,4486.24,4486.81,394
2025.12.24,15:58,4486.99,4487.85,4486.40,4487.72,548
2025.12.24,15:59,4487.69,4488.52,4487.28,4487.76,747
2025.12.24,16:00,4487.82,4489.34,4486.93,4488.38,1421
2025.12.24,16:01,4488.35,4489.14,4486.85,4487.79,1295
2025.12.24,16:02,4487.84,4488.37,4486.30,4487.18,1200
2025.12.24,16:03,4487.13,4488.92,4486.83,4488.57,1491
2025.12.24,16:04,4488.68,4489.47,4487.44,4487.75,1888
2025.12.24,16:05,4487.63,4488.32,4486.67,4487.13,2484
2025.12.24,16:06,4487.11,4487.68,4486.23,4487.44,1942
2025.12.24,16:07,4487.27,4488.51,4486.77,4487.33,2109
2025.12.24,16:08,4487.37,4487.66,4486.27,4486.69,1910
2025.12.24,16:09,4486.78,4488.67,4486.68,4488.17,1326
2025.12.24,16:10,4488.26,4488.49,4487.09,4487.61,996
2025.12.24,16:11,4487.62,4487.78,4486.36,4487.09,1686
2025.12.24,16:12,4487.07,4487.59,4483.83,4484.26,2014
2025.12.24,16:13,4484.26,4486.93,4483.94,4486.45,1927
2025.12.24,16:14,4486.47,4486.86,4484.71,4485.12,1668
2025.12.24,16:15,4485.17,4486.12,4482.66,4483.05,1557
2025.12.24,16:16,4483.02,4484.41,4482.22,4484.18,1196
2025.12.24,16:17,4484.23,4485.07,4483.29,4483.93,1005
2025.12.24,16:18,4483.93,4484.54,4483.15,4483.87,1384
2025.12.24,16:19,4483.83,4484.28,4482.80,4483.58,1088
2025.12.24,16:20,4483.35,4485.78,4481.94,4485.69,2036
2025.12.24,16:21,4485.69,4487.02,4485.56,4486.07,1112
2025.12.24,16:22,4486.04,4486.81,4484.61,4484.61,1192
2025.12.24,16:23,4484.62,4485.47,4483.89,4485.14,978
2025.12.24,16:24,4485.12,4485.56,4484.09,4484.50,1158
2025.12.24,16:25,4484.38,4486.78,4483.70,4486.53,1086
2025.12.24,16:26,4486.55,4487.51,4485.37,4485.63,953
2025.12.24,16:27,4485.87,4486.12,4484.58,4485.42,1119
2025.12.24,16:28,4485.45,4485.85,4484.10,4484.54,940
2025.12.24,16:29,4484.55,4485.66,4484.13,4484.98,683
2025.12.24,16:30,4484.90,4485.69,4479.47,4479.90,1675
2025.12.24,16:31,4479.83,4483.22,4477.96,4482.91,2208
2025.12.24,16:32,4482.94,4484.80,4481.83,4482.70,1561
2025.12.24,16:33,4482.67,4486.02,4481.43,4485.39,1283
2025.12.24,16:34,4485.35,4488.23,4484.50,4487.86,1670
2025.12.24,16:35,4488.00,4488.70,4483.77,4484.36,2189
2025.12.24,16:36,4484.41,4484.47,4475.43,4477.79,2187
2025.12.24,16:37,4477.77,4477.77,4474.12,4474.40,2303
2025.12.24,16:38,4474.49,4476.67,4470.83,4471.30,1834
2025.12.24,16:39,4471.04,4476.90,4470.89,4472.61,2041
2025.12.24,16:40,4472.39,4474.23,4469.03,4469.71,2443
2025.12.24,16:41,4469.71,4477.43,4469.64,4476.83,1882
2025.12.24,16:42,4477.03,4480.93,4474.62,4480.93,1676
2025.12.24,16:43,4480.85,4481.45,4478.92,4479.83,2716
2025.12.24,16:44,4479.78,4481.37,4479.18,4480.45,1873
2025.12.24,16:45,4480.48,4481.51,4477.40,4477.68,1882
2025.12.24,16:46,4477.68,4478.19,4475.03,4475.65,1753
2025.12.24,16:47,4475.73,4477.86,4473.20,4476.85,2645
2025.12.24,16:48,4476.91,4478.36,4475.30,4475.78,2205
2025.12.24,16:49,4475.84,4475.85,4471.08,4473.30,3118
2025.12.24,16:50,4473.34,4473.39,4462.36,4462.88,2253
2025.12.24,16:51,4462.94,4469.57,4461.97,4468.89,1973
2025.12.24,16:52,4468.55,4468.79,4462.66,4462.74,2282
2025.12.24,16:53,4462.79,4466.84,4462.60,4464.33,2149
2025.12.24,16:54,4464.28,4466.50,4462.85,4465.50,2514
2025.12.24,16:55,4465.45,4468.83,4462.39,4468.07,2392
2025.12.24,16:56,4467.87,4470.65,4466.19,4466.89,2635
2025.12.24,16:57,4466.90,4467.04,4460.07,4461.32,2683
2025.12.24,16:58,4461.45,4464.01,4460.75,4463.17,1905
2025.12.24,16:59,4463.21,4465.52,4461.84,4464.59,2075
2025.12.24,17:00,4464.52,4466.11,4461.51,4465.50,2367
2025.12.24,17:01,4465.56,4465.72,4462.31,4463.54,1868
2025.12.24,17:02,4463.51,4470.85,4463.30,4470.12,2248
2025.12.24,17:03,4470.27,4471.81,4468.82,4469.30,2012
2025.12.24,17:04,4469.30,4471.39,4468.71,4469.68,1201
2025.12.24,17:05,4469.73,4473.36,4469.03,4471.69,1838
2025.12.24,17:06,4471.66,4473.24,4469.52,4471.93,1155
2025.12.24,17:07,4471.95,4473.16,4468.96,4469.48,1057
2025.12.24,17:08,4469.51,4473.39,4469.21,4472.66,1614
2025.12.24,17:09,4472.56,4474.97,4472.33,4473.32,1621
2025.12.24,17:10,4473.32,4474.70,4472.05,4473.55,2289
2025.12.24,17:11,4473.56,4474.56,4469.10,4470.25,1582
2025.12.24,17:12,4470.18,4472.87,4470.16,4472.26,1120
2025.12.24,17:13,4472.34,4473.02,4470.76,4472.38,1035
2025.12.24,17:14,4472.45,4474.93,4471.66,4474.58,1859
2025.12.24,17:15,4474.57,4476.04,4474.00,4475.37,2182
2025.12.24,17:16,4475.09,4476.48,4474.07,4474.40,1547
2025.12.24,17:17,4474.40,4475.41,4471.56,4471.89,1478
2025.12.24,17:18,4471.87,4472.07,4466.45,4466.83,1295
2025.12.24,17:19,4466.90,4468.48,4465.90,4467.85,1134
2025.12.24,17:20,4467.96,4470.52,4466.76,4468.39,1245
2025.12.24,17:21,4468.44,4468.59,4465.41,4466.48,938
2025.12.24,17:22,4466.40,4466.61,4463.93,4465.02,1071
2025.12.24,17:23,4464.75,4467.45,4463.75,4466.57,1604
2025.12.24,17:24,4466.56,4466.64,4461.56,4463.64,1430
2025.12.24,17:25,4463.72,4465.38,4461.28,4465.18,1332
2025.12.24,17:26,4465.16,4465.82,4463.79,4465.55,1220
2025.12.24,17:27,4465.43,4468.52,4465.40,4467.39,1097
2025.12.24,17:28,4467.41,4467.95,4465.42,4467.45,781
2025.12.24,17:29,4467.50,4470.43,4466.89,4469.58,850
2025.12.24,17:30,4469.47,4472.79,4468.50,4471.14,947
2025.12.24,17:31,4471.09,4471.18,4467.17,4468.08,1104
2025.12.24,17:32,4468.07,4469.16,4466.63,4468.55,1109
2025.12.24,17:33,4468.55,4469.38,4465.79,4466.60,1384
2025.12.24,17:34,4466.64,4468.00,4466.10,4466.18,756
2025.12.24,17:35,4466.19,4466.69,4464.07,4464.24,961
2025.12.24,17:36,4464.24,4464.39,4461.46,4461.95,825
2025.12.24,17:37,4461.91,4462.24,4456.90,4457.43,1710
2025.12.24,17:38,4457.35,4460.62,4457.26,4458.67,1262
2025.12.24,17:39,4458.61,4462.47,4458.34,4461.27,1049
2025.12.24,17:40,4461.27,4461.38,4454.88,4455.48,2433
2025.12.24,17:41,4455.46,4457.54,4454.51,4455.49,1590
2025.12.24,17:42,4455.46,4455.46,4452.97,4453.78,1797
2025.12.24,17:43,4453.80,4453.93,4449.26,4451.40,2431
2025.12.24,17:44,4451.39,4455.19,4451.10,4452.93,1579
2025.12.24,17:45,4453.18,4456.62,4449.65,4454.22,2210
2025.12.24,17:46,4454.08,4454.98,4449.69,4450.28,1959
2025.12.24,17:47,4450.16,4452.26,4449.04,4451.48,1549
2025.12.24,17:48,4451.47,4452.72,4448.38,4451.37,1671
2025.12.24,17:49,4451.39,4456.19,4451.30,4456.01,1555
2025.12.24,17:50,4456.02,4456.60,4453.80,4453.90,1164
2025.12.24,17:51,4453.89,4456.61,4453.37,4456.22,1409
2025.12.24,17:52,4456.22,4458.34,4456.08,4456.80,1359
2025.12.24,17:53,4456.79,4456.94,4454.53,4455.58,1443
2025.12.24,17:54,4455.55,4456.47,4454.63,4455.96,1215
2025.12.24,17:55,4455.95,4457.72,4455.25,4457.41,1287
2025.12.24,17:56,4457.41,4460.59,4457.36,4459.52,1467
2025.12.24,17:57,4459.41,4460.71,4458.21,4460.10,1305
2025.12.24,17:58,4460.13,4460.76,4458.53,4458.95,1274
2025.12.24,17:59,4458.95,4460.35,4458.11,4458.33,1600
2025.12.24,18:00,4458.36,4458.49,4455.81,4457.32,1251
2025.12.24,18:01,4457.34,4461.27,4457.10,4460.68,1304
2025.12.24,18:02,4461.36,4466.24,4460.75,4465.83,1095
2025.12.24,18:03,4466.02,4466.77,4465.03,4465.59,1245
2025.12.24,18:04,4465.58,4468.33,4465.57,4467.72,964
2025.12.24,18:05,4467.70,4468.27,4465.57,4467.06,981
2025.12.24,18:06,4467.05,4469.35,4466.50,4468.31,1069
2025.12.24,18:07,4468.32,4471.22,4468.17,4469.00,1489
2025.12.24,18:08,4468.99,4471.07,4467.03,4470.45,1718
2025.12.24,18:09,4470.48,4470.77,4469.04,4469.48,1420
2025.12.24,18:10,4469.47,4470.56,4468.12,4468.84,1174
2025.12.24,18:11,4468.82,4469.29,4466.58,4468.53,1087
2025.12.24,18:12,4468.59,4469.02,4466.88,4467.02,831
2025.12.24,18:13,4466.79,4468.22,4466.69,4467.80,823
2025.12.24,18:14,4467.81,4467.96,4466.27,4466.31,628
2025.12.24,18:15,4466.18,4467.30,4465.00,4466.29,899
2025.12.24,18:16,4466.28,4468.50,4465.92,4467.74,939
2025.12.24,18:17,4467.70,4467.75,4465.38,4465.48,841
2025.12.24,18:18,4465.53,4465.86,4463.95,4464.81,1095
2025.12.24,18:19,4464.79,4467.29,4464.70,4466.33,902
2025.12.24,18:20,4466.32,4467.57,4465.61,4466.53,1093
2025.12.24,18:21,4466.52,4467.09,4464.62,4464.62,1128
2025.12.24,18:22,4464.67,4466.45,4464.42,4465.80,1260
2025.12.24,18:23,4465.85,4466.32,4464.86,4465.51,1283
2025.12.24,18:24,4465.52,4467.82,4465.52,4467.06,1044
2025.12.24,18:25,4467.05,4467.30,4465.84,4467.04,734
2025.12.24,18:26,4467.08,4468.95,4466.85,4467.66,954
2025.12.24,18:27,4467.76,4467.94,4466.27,4466.57,847
2025.12.24,18:28,4466.58,4467.67,4466.27,4466.70,696
2025.12.24,18:29,4466.67,4468.33,4466.66,4468.32,415
2025.12.24,18:30,4468.35,4469.23,4466.99,4468.27,735
2025.12.24,18:31,4468.28,4468.97,4467.41,4468.48,419
2025.12.24,18:32,4468.57,4470.08,4468.46,4469.57,896
2025.12.24,18:33,4469.64,4470.80,4469.22,4470.55,639
2025.12.24,18:34,4470.53,4471.82,4469.42,4471.41,635
2025.12.24,18:35,4471.46,4473.82,4471.08,4473.75,1101
2025.12.24,18:36,4473.74,4475.83,4473.46,4474.99,1379
2025.12.24,18:37,4475.00,4475.39,4473.52,4474.35,1341
2025.12.24,18:38,4474.39,4476.04,4474.32,4474.45,1236
2025.12.24,18:39,4474.40,4475.32,4474.12,4474.96,1171
2025.12.24,18:40,4475.01,4475.11,4472.68,4473.65,1252
2025.12.24,18:41,4473.68,4474.74,4473.29,4474.13,832
2025.12.24,18:42,4474.16,4475.03,4473.26,4474.65,818
2025.12.24,18:43,4474.54,4476.78,4474.48,4476.56,851
2025.12.24,18:44,4476.55,4476.80,4474.85,4475.09,970
2025.12.24,18:45,4475.15,4475.45,4473.06,4473.98,1369
2025.12.24,18:46,4474.03,4474.68,4472.64,4473.76,749
2025.12.24,18:47,4473.81,4473.86,4472.41,4473.04,513
2025.12.24,18:48,4473.05,4473.27,4471.92,4472.68,904
2025.12.24,18:49,4472.56,4473.84,4472.32,4472.41,836
2025.12.24,18:50,4472.46,4473.80,4472.46,4473.01,730
2025.12.24,18:51,4473.00,4473.29,4472.45,4472.70,614
2025.12.24,18:52,4472.68,4474.42,4472.44,4473.94,936
2025.12.24,18:53,4473.97,4474.23,4472.35,4472.53,1027
2025.12.24,18:54,4472.57,4473.42,4472.36,4472.91,841
2025.12.24,18:55,4472.92,4474.58,4472.89,4473.87,1088
2025.12.24,18:56,4473.90,4475.48,4473.41,4475.12,753
2025.12.24,18:57,4475.16,4477.05,4474.76,4476.34,975
2025.12.24,18:58,4476.23,4478.10,4476.11,4477.44,1378
2025.12.24,18:59,4477.48,4477.53,4476.32,4476.67,1034
2025.12.24,19:00,4476.62,4478.37,4475.17,4477.07,901
2025.12.24,19:01,4477.06,4478.08,4476.58,4477.15,1167
2025.12.24,19:02,4477.16,4479.11,4476.06,4478.28,1533
2025.12.24,19:03,4478.27,4478.75,4477.12,4477.96,1424
2025.12.24,19:04,4477.93,4478.88,4477.04,4478.35,1032
2025.12.24,19:05,4478.44,4480.01,4478.27,4479.72,851
2025.12.24,19:06,4479.71,4482.31,4479.24,4482.20,854
2025.12.24,19:07,4482.27,4483.78,4482.17,4483.36,826
2025.12.24,19:08,4483.43,4484.35,4482.27,4484.09,1268
2025.12.24,19:09,4484.07,4486.87,4484.07,4485.87,1277
2025.12.24,19:10,4485.90,4487.18,4484.77,4485.83,1254
2025.12.24,19:11,4485.84,4486.94,4485.51,4486.51,689
2025.12.24,19:12,4486.52,4487.37,4486.03,4486.03,988
2025.12.24,19:13,4486.06,4486.96,4484.99,4486.84,1230
2025.12.24,19:14,4486.81,4487.00,4482.93,4483.90,1502
2025.12.24,19:15,4483.84,4484.02,4481.64,4483.17,1048
2025.12.24,19:16,4483.20,4483.82,4482.56,4483.38,697
2025.12.24,19:17,4483.39,4484.79,4482.96,4484.40,772
2025.12.24,19:18,4484.41,4484.41,4482.76,4483.06,639
2025.12.24,19:19,4483.29,4483.63,4482.54,4483.36,652
2025.12.24,19:20,4483.38,4484.50,4483.18,4484.50,753
2025.12.24,19:21,4484.46,4484.77,4483.40,4484.23,964
2025.12.24,19:22,4484.22,4484.83,4479.80,4480.07,1432
2025.12.24,19:23,4480.14,4480.14,4478.50,4478.90,1451
2025.12.24,19:24,4478.93,4479.34,4477.29,4478.45,1579
2025.12.24,19:25,4478.44,4479.59,4476.91,4476.95,857
2025.12.24,19:26,4477.01,4477.71,4476.07,4476.76,797
2025.12.24,19:27,4476.88,4479.41,4476.88,4478.95,636
2025.12.24,19:28,4478.94,4479.79,4478.27,4478.37,684
2025.12.24,19:29,4478.29,4478.43,4476.46,4477.85,700
2025.12.24,19:30,4477.86,4480.77,4477.64,4480.28,801
2025.12.24,19:31,4480.25,4481.92,4479.96,4481.24,690
2025.12.24,19:32,4481.50,4482.30,4480.55,4481.70,830
2025.12.24,19:33,4481.73,4482.39,4481.23,4482.24,589
2025.12.24,19:34,4482.25,4483.02,4481.41,4482.18,830
2025.12.24,19:35,4482.20,4482.78,4481.46,4482.26,688
2025.12.24,19:36,4482.33,4483.02,4481.42,4481.72,616
2025.12.24,19:37,4481.69,4482.02,4480.45,4481.03,696
2025.12.24,19:38,4481.02,4481.06,4478.11,4478.85,1137
2025.12.24,19:39,4478.87,4479.11,4477.06,4478.83,930
2025.12.24,19:40,4478.82,4480.39,4478.72,4478.87,701
2025.12.24,19:41,4478.96,4479.20,4477.74,4478.12,737
2025.12.24,19:42,4478.30,4479.76,4477.81,4478.26,1085
2025.12.24,19:43,4478.32,4479.05,4478.01,4478.63,819
2025.12.24,19:44,4478.57,4479.86,4478.03,4479.25,827
2025.12.24,19:45,4479.35,4482.62,4479.15,4482.01,1044
2025.12.24,19:46,4481.99,4482.71,4481.23,4482.28,1128
2025.12.24,19:47,4482.26,4482.63,4481.77,4482.51,652
2025.12.24,19:48,4482.52,4483.47,4481.45,4483.26,510
2025.12.24,19:49,4483.24,4483.33,4480.61,4481.08,726
2025.12.24,19:50,4481.10,4481.57,4479.82,4479.96,765
2025.12.24,19:51,4480.01,4481.39,4479.77,4481.05,429
2025.12.24,19:52,4481.10,4482.32,4480.83,4480.95,604
2025.12.24,19:53,4480.97,4481.67,4480.62,4480.70,470
2025.12.24,19:54,4480.80,4481.11,4480.16,4480.33,341
2025.12.24,19:55,4480.38,4481.10,4479.31,4481.03,400
2025.12.24,19:56,4481.02,4482.66,4481.02,4481.68,477
2025.12.24,19:57,4481.71,4482.47,4481.16,4481.32,344
2025.12.24,19:58,4481.31,4482.20,4480.48,4480.66,531
2025.12.24,19:59,4480.65,4480.86,4479.39,4480.49,370
2025.12.24,20:00,4480.50,4481.39,4480.35,4481.01,196
2025.12.24,20:01,4481.10,4481.41,4478.97,4479.01,192
2025.12.24,20:02,4478.99,4480.45,4478.76,4480.02,192
2025.12.24,20:03,4480.03,4480.80,4479.73,4480.68,93
2025.12.24,20:04,4480.71,4480.85,4480.07,4480.36,203
2025.12.24,20:05,4480.40,4480.40,4478.36,4478.85,245
2025.12.24,20:06,4478.88,4479.35,4478.33,4478.87,325
2025.12.24,20:07,4478.85,4478.85,4477.40,4477.61,178
2025.12.24,20:08,4477.60,4478.45,4477.45,4477.46,178
2025.12.24,20:09,4477.47,4478.05,4477.06,4477.63,156
2025.12.24,20:10,4477.49,4477.95,4477.27,4477.93,103
2025.12.24,20:11,4477.94,4478.97,4477.91,4478.56,151
2025.12.24,20:12,4478.56,4480.32,4478.47,4480.30,321
2025.12.24,20:13,4480.23,4480.23,4477.69,4477.87,466
2025.12.24,20:14,4477.88,4478.44,4477.22,4477.94,475
2025.12.24,20:15,4478.11,4479.07,4477.97,4478.38,207
2025.12.24,20:16,4478.28,4479.36,4478.28,4478.63,177
2025.12.24,20:17,4478.64,4479.40,4478.37,4478.43,209
2025.12.24,20:18,4478.40,4478.84,4478.33,4478.71,144
2025.12.24,20:19,4478.70,4479.55,4478.38,4479.34,151
2025.12.24,20:20,4479.33,4480.89,4479.27,4480.85,212
2025.12.24,20:21,4480.89,4481.12,4480.53,4480.85,207
2025.12.24,20:22,4480.86,4481.05,4480.43,4480.86,244
2025.12.24,20:23,4480.79,4482.07,4480.79,4481.61,205
2025.12.24,20:24,4481.62,4482.10,4481.52,4481.84,205
2025.12.24,20:25,4481.82,4482.06,4481.43,4481.73,186
2025.12.24,20:26,4481.72,4481.72,4480.93,4481.00,182
2025.12.24,20:27,4481.02,4481.85,4481.01,4481.83,164
2025.12.24,20:28,4481.85,4482.32,4481.72,4482.05,188
2025.12.24,20:29,4482.08,4482.40,4480.40,4480.59,459
2025.12.24,20:30,4480.79,4481.82,4480.32,4480.34,428
2025.12.24,20:31,4480.33,4481.81,4480.07,4480.92,393
2025.12.24,20:32,4480.99,4481.00,4478.88,4478.88,190
2025.12.24,20:33,4479.10,4480.31,4479.10,4479.86,195
2025.12.24,20:34,4479.84,4479.95,4479.61,4479.90,94
2025.12.24,20:35,4479.92,4480.22,4479.82,4480.12,121
2025.12.24,20:36,4480.11,4480.32,4479.50,4480.18,115
2025.12.24,20:37,4480.19,4480.24,4479.37,4480.01,151
2025.12.24,20:38,4480.01,4480.06,4479.64,4479.69,95
2025.12.24,20:39,4479.66,4480.02,4479.66,4480.00,77
2025.12.24,20:40,4479.99,4480.37,4479.28,4479.42,120
2025.12.24,20:41,4479.30,4479.37,4478.89,4479.08,86
2025.12.24,20:42,4479.07,4479.20,4479.03,4479.18,55
2025.12.24,20:43,4479.17,4479.65,4479.17,4479.41,64
2025.12.24,20:44,4479.33,4479.42,4478.74,4479.22,99
2025.12.26,01:04,4489.81,4492.46,4487.24,4487.86,109
2025.12.26,01:05,4487.71,4492.34,4486.24,4488.32,227
2025.12.26,01:06,4488.58,4491.33,4485.31,4485.97,353
2025.12.26,01:07,4485.98,4491.36,4485.13,4487.01,447
2025.12.26,01:08,4486.74,4487.15,4483.01,4485.02,265
2025.12.26,01:09,4485.10,4488.98,4483.40,4488.57,384
2025.12.26,01:10,4488.71,4489.92,4483.31,4483.41,301
2025.12.26,01:11,4483.49,4486.19,4483.26,4485.71,233
2025.12.26,01:12,4485.88,4487.87,4484.32,4484.65,334
2025.12.26,01:13,4484.48,4488.98,4484.28,4487.56,244
2025.12.26,01:14,4487.31,4489.06,4486.26,4488.81,214
2025.12.26,01:15,4488.93,4492.68,4487.65,4492.68,196
2025.12.26,01:16,4492.69,4493.11,4488.12,4488.63,231
2025.12.26,01:17,4488.62,4491.38,4488.57,4490.45,294
2025.12.26,01:18,4490.41,4492.86,4490.24,4491.50,210
2025.12.26,01:19,4491.57,4493.04,4491.52,4492.76,113
2025.12.26,01:20,4492.68,4496.24,4492.50,4495.47,193
2025.12.26,01:21,4495.62,4497.12,4495.39,4495.56,246
2025.12.26,01:22,4495.57,4498.32,4495.57,4496.86,201
2025.12.26,01:23,4496.94,4498.90,4496.23,4498.37,172
2025.12.26,01:24,4498.59,4499.51,4497.88,4499.07,241
2025.12.26,01:25,4499.10,4500.02,4498.17,4498.22,154
2025.12.26,01:26,4498.30,4499.70,4497.56,4497.93,186
2025.12.26,01:27,4497.85,4499.32,4497.45,4498.20,203
2025.12.26,01:28,4498.19,4498.19,4496.23,4497.00,154
2025.12.26,01:29,4496.91,4498.32,4496.83,4497.38,133
2025.12.26,01:30,4497.54,4498.99,4497.54,4498.01,160
2025.12.26,01:31,4497.96,4498.35,4495.02,4495.91,171
2025.12.26,01:32,4495.72,4496.67,4495.23,4495.23,138
2025.12.26,01:33,4495.44,4495.88,4494.15,4494.86,135
2025.12.26,01:34,4494.82,4495.21,4490.61,4491.71,187
2025.12.26,01:35,4491.74,4492.60,4489.03,4489.46,178
2025.12.26,01:36,4489.42,4493.01,4489.09,4492.82,176
2025.12.26,01:37,4492.92,4494.01,4492.06,4492.64,204
2025.12.26,01:38,4492.74,4496.57,4492.74,4495.82,195
2025.12.26,01:39,4496.05,4496.40,4494.33,4495.32,196
2025.12.26,01:40,4495.29,4495.29,4493.09,4493.71,180
2025.12.26,01:41,4493.81,4493.89,4491.93,4493.19,197
2025.12.26,01:42,4493.28,4495.61,4493.28,4495.43,127
2025.12.26,01:43,4495.44,4495.94,4494.19,4494.85,163
2025.12.26,01:44,4494.81,4496.13,4494.55,4496.00,122
2025.12.26,01:45,4495.91,4498.94,4495.91,4498.51,278
2025.12.26,01:46,4498.52,4498.93,4497.00,4498.05,180
2025.12.26,01:47,4498.04,4498.99,4497.72,4497.98,143
2025.12.26,01:48,4498.00,4499.78,4497.91,4499.78,179
2025.12.26,01:49,4499.63,4500.16,4497.39,4497.46,152
2025.12.26,01:50,4497.43,4497.59,4494.01,4495.40,152
2025.12.26,01:51,4495.41,4497.60,4495.41,4497.11,137
2025.12.26,01:52,4497.18,4497.35,4495.56,4496.51,95
2025.12.26,01:53,4496.57,4497.30,4495.08,4495.47,102
2025.12.26,01:54,4495.27,4496.28,4494.75,4495.23,99
2025.12.26,01:55,4495.28,4496.16,4492.06,4492.15,211
2025.12.26,01:56,4492.10,4493.24,4491.47,4493.05,172
2025.12.26,01:57,4493.03,4493.59,4492.07,4493.38,187
2025.12.26,01:58,4493.44,4494.36,4493.16,4493.64,161
2025.12.26,01:59,4493.39,4495.41,4493.39,4495.05,141
2025.12.26,02:00,4495.09,4496.58,4494.53,4494.87,196
2025.12.26,02:01,4494.84,4495.33,4492.78,4493.04,203
2025.12.26,02:02,4493.03,4493.85,4492.42,4492.92,269
2025.12.26,02:03,4492.95,4495.25,4492.57,4495.09,220
2025.12.26,02:04,4495.10,4497.60,4495.06,4497.10,145
2025.12.26,02:05,4497.09,4500.34,4496.92,4499.50,204
2025.12.26,02:06,4499.52,4501.62,4498.33,4500.92,421
2025.12.26,02:07,4500.82,4502.46,4499.94,4499.94,309
2025.12.26,02:08,4499.95,4502.31,4499.25,4501.33,237
2025.12.26,02:09,4501.34,4504.02,4501.34,4503.46,238
2025.12.26,02:10,4503.30,4505.67,4502.69,4504.69,326
2025.12.26,02:11,4504.61,4504.88,4503.69,4504.68,210
2025.12.26,02:12,4504.59,4504.78,4503.60,4504.14,201
2025.12.26,02:13,4504.09,4504.67,4503.57,4503.57,125
2025.12.26,02:14,4503.56,4504.21,4503.07,4503.39,188
2025.12.26,02:15,4503.40,4504.73,4502.76,4503.94,231
2025.12.26,02:16,4503.95,4505.68,4503.93,4505.60,178
2025.12.26,02:17,4505.40,4505.66,4503.42,4503.75,245
2025.12.26,02:18,4503.59,4503.63,4501.72,4502.82,314
2025.12.26,02:19,4502.78,4503.20,4501.98,4502.54,215
2025.12.26,02:20,4502.56,4502.95,4502.15,4502.38,147
2025.12.26,02:21,4502.27,4502.60,4501.65,4502.25,194
2025.12.26,02:22,4502.24,4502.68,4501.66,4502.40,116
2025.12.26,02:23,4502.16,4503.02,4501.33,4501.77,164
2025.12.26,02:24,4501.74,4505.29,4501.53,4505.05,343
2025.12.26,02:25,4504.84,4505.66,4504.55,4505.35,248
2025.12.26,02:26,4505.32,4505.78,4503.71,4504.29,277
2025.12.26,02:27,4504.40,4505.03,4503.06,4503.13,166
2025.12.26,02:28,4503.14,4506.10,4503.14,4505.16,333
2025.12.26,02:29,4505.15,4507.54,4504.81,4507.09,279
2025.12.26,02:30,4507.10,4508.19,4506.87,4507.40,283
2025.12.26,02:31,4507.31,4507.33,4505.60,4506.25,260
2025.12.26,02:32,4506.26,4506.83,4504.82,4506.23,316
2025.12.26,02:33,4506.15,4506.20,4504.46,4504.54,350
2025.12.26,02:34,4504.57,4505.45,4504.51,4504.96,203
2025.12.26,02:35,4504.78,4506.52,4504.36,4506.23,436
2025.12.26,02:36,4506.26,4508.09,4505.61,4507.64,459
2025.12.26,02:37,4507.58,4507.98,4505.43,4506.02,521
2025.12.26,02:38,4506.13,4506.99,4505.62,4506.44,255
2025.12.26,02:39,4506.47,4506.55,4504.46,4505.71,369
2025.12.26,02:40,4505.74,4507.10,4505.48,4506.60,323
2025.12.26,02:41,4506.43,4507.82,4506.32,4507.70,249
2025.12.26,02:42,4507.71,4508.15,4506.96,4507.16,289
2025.12.26,02:43,4507.16,4507.16,4506.21,4506.87,372
2025.12.26,02:44,4506.99,4507.82,4506.78,4507.60,285
2025.12.26,02:45,4507.61,4508.30,4507.36,4508.14,350
2025.12.26,02:46,4508.19,4508.92,4507.75,4508.86,364
2025.12.26,02:47,4508.82,4509.11,4506.23,4507.43,376
2025.12.26,02:48,4507.42,4509.33,4506.96,4509.31,314
2025.12.26,02:49,4509.25,4510.15,4509.20,4509.82,245
2025.12.26,02:50,4509.85,4510.44,4509.52,4510.38,275
2025.12.26,02:51,4510.35,4511.78,4509.68,4511.29,349
2025.12.26,02:52,4511.25,4514.17,4510.96,4513.74,374
2025.12.26,02:53,4513.89,4514.74,4512.05,4514.59,360
2025.12.26,02:54,4514.58,4517.27,4514.41,4517.17,361
2025.12.26,02:55,4517.25,4517.28,4515.12,4516.07,463
2025.12.26,02:56,4516.06,4516.83,4514.93,4515.15,298
2025.12.26,02:57,4515.04,4515.76,4514.27,4514.67,310
2025.12.26,02:58,4514.65,4515.28,4514.30,4514.77,368
2025.12.26,02:59,4514.78,4518.16,4514.69,4518.02,499
2025.12.26,03:00,4518.19,4520.88,4517.30,4519.05,1146
2025.12.26,03:01,4519.03,4522.81,4518.94,4521.69,1122
2025.12.26,03:02,4521.67,4523.55,4520.85,4521.35,1010
2025.12.26,03:03,4521.36,4522.61,4519.75,4519.75,881
2025.12.26,03:04,4519.75,4527.15,4518.55,4526.50,1015
2025.12.26,03:05,4526.60,4531.16,4526.21,4527.88,1451
2025.12.26,03:06,4527.65,4529.78,4524.51,4524.51,1510
2025.12.26,03:07,4524.51,4524.79,4519.99,4520.62,1291
2025.12.26,03:08,4520.95,4525.01,4520.82,4522.78,1361
2025.12.26,03:09,4522.87,4523.65,4518.08,4519.52,1080
2025.12.26,03:10,4519.50,4521.19,4510.22,4512.55,889
2025.12.26,03:11,4512.56,4515.44,4511.12,4512.79,944
2025.12.26,03:12,4512.81,4513.39,4510.29,4512.29,677
2025.12.26,03:13,4512.27,4515.04,4511.36,4512.76,906
2025.12.26,03:14,4512.77,4513.79,4508.24,4510.05,916
2025.12.26,03:15,4509.97,4514.35,4509.61,4514.23,747
2025.12.26,03:16,4514.22,4515.09,4512.66,4513.06,664
2025.12.26,03:17,4513.04,4514.33,4508.50,4509.79,1085
2025.12.26,03:18,4509.81,4511.61,4508.33,4510.27,629
2025.12.26,03:19,4510.29,4511.81,4508.79,4511.69,546
2025.12.26,03:20,4511.71,4515.28,4511.50,4515.22,490
2025.12.26,03:21,4515.12,4515.56,4513.81,4515.17,692
2025.12.26,03:22,4515.16,4517.05,4514.67,4515.50,654
2025.12.26,03:23,4515.47,4517.76,4514.50,4516.08,609
2025.12.26,03:24,4516.09,4518.04,4515.81,4517.37,451
2025.12.26,03:25,4517.33,4517.87,4514.11,4517.67,912
2025.12.26,03:26,4517.72,4517.99,4513.05,4513.14,639
2025.12.26,03:27,4513.17,4513.37,4510.43,4511.30,917
2025.12.26,03:28,4511.36,4511.37,4506.19,4508.74,1075
2025.12.26,03:29,4508.80,4511.86,4508.60,4509.98,884
2025.12.26,03:30,4509.88,4512.11,4509.45,4512.02,625
2025.12.26,03:31,4512.03,4513.79,4511.58,4512.97,438
2025.12.26,03:32,4513.00,4513.80,4512.07,4513.18,383
2025.12.26,03:33,4513.14,4513.57,4511.42,4511.73,396
2025.12.26,03:34,4511.77,4513.68,4511.48,4513.63,629
2025.12.26,03:35,4513.53,4514.14,4511.47,4514.04,469
2025.12.26,03:36,4513.91,4515.75,4513.31,4514.84,446
2025.12.26,03:37,4514.92,4515.39,4513.66,4513.75,337
2025.12.26,03:38,4513.78,4514.49,4513.07,4513.92,440
2025.12.26,03:39,4513.89,4514.76,4512.76,4513.10,445
2025.12.26,03:40,4513.04,4513.09,4510.97,4511.50,476
2025.12.26,03:41,4511.55,4511.55,4507.96,4508.06,832
2025.12.26,03:42,4507.76,4507.77,4499.88,4500.54,932
2025.12.26,03:43,4500.60,4505.29,4497.48,4505.17,825
2025.12.26,03:44,4505.42,4506.72,4503.85,4506.72,418
2025.12.26,03:45,4506.71,4507.07,4504.14,4504.21,520
2025.12.26,03:46,4504.22,4505.50,4503.67,4503.74,481
2025.12.26,03:47,4503.85,4505.57,4503.21,4503.24,459
2025.12.26,03:48,4503.26,4504.92,4502.80,4503.75,426
2025.12.26,03:49,4503.75,4503.86,4500.83,4502.41,656
2025.12.26,03:50,4502.42,4504.70,4501.95,4502.78,592
2025.12.26,03:51,4502.92,4504.41,4501.55,4501.76,589
2025.12.26,03:52,4501.38,4502.48,4499.44,4500.64,715
2025.12.26,03:53,4500.63,4503.47,4500.63,4501.64,887
2025.12.26,03:54,4501.58,4505.08,4501.07,4505.00,734
2025.12.26,03:55,4505.08,4505.49,4500.69,4501.73,577
2025.12.26,03:56,4501.71,4502.38,4500.27,4500.77,758
2025.12.26,03:57,4500.71,4502.39,4500.42,4500.53,657
2025.12.26,03:58,4500.58,4504.39,4500.47,4504.38,586
2025.12.26,03:59,4504.41,4505.20,4503.51,4503.63,410
2025.12.26,04:00,4503.67,4503.80,4499.66,4499.69,628
2025.12.26,04:01,4499.41,4503.01,4499.27,4502.67,442
2025.12.26,04:02,4502.67,4502.89,4500.75,4500.82,388
2025.12.26,04:03,4500.79,4501.06,4498.31,4500.07,477
2025.12.26,04:04,4500.05,4501.12,4499.33,4500.91,622
2025.12.26,04:05,4500.79,4502.00,4498.60,4502.00,763
2025.12.26,04:06,4501.96,4503.68,4501.80,4503.54,481
2025.12.26,04:07,4503.53,4505.25,4501.10,4504.90,488
2025.12.26,04:08,4504.82,4504.82,4502.06,4502.37,534
2025.12.26,04:09,4502.43,4503.49,4501.72,4503.10,517
2025.12.26,04:10,4503.09,4505.60,4501.26,4505.32,494
2025.12.26,04:11,4505.25,4507.08,4504.60,4506.08,532
2025.12.26,04:12,4506.03,4507.21,4505.90,4506.91,340
2025.12.26,04:13,4506.90,4507.53,4505.51,4505.83,373
2025.12.26,04:14,4505.86,4506.38,4505.47,4506.21,290
2025.12.26,04:15,4506.14,4508.61,4505.63,4507.81,331
2025.12.26,04:16,4507.86,4509.68,4507.51,4507.72,417
2025.12.26,04:17,4507.65,4508.16,4505.91,4506.16,240
2025.12.26,04:18,4506.22,4506.51,4504.47,4505.02,315
2025.12.26,04:19,4505.20,4505.28,4503.14,4503.37,286
2025.12.26,04:20,4503.38,4503.73,4502.25,4502.80,373
2025.12.26,04:21,4502.83,4502.92,4502.03,4502.37,379
2025.12.26,04:22,4502.40,4502.52,4501.64,4502.34,416
2025.12.26,04:23,4502.33,4503.52,4501.71,4503.50,454
2025.12.26,04:24,4503.49,4503.95,4502.85,4503.20,243
2025.12.26,04:25,4503.20,4504.63,4503.07,4503.82,337
2025.12.26,04:26,4503.80,4504.66,4503.14,4504.16,337
2025.12.26,04:27,4504.15,4504.67,4503.42,4504.07,386
2025.12.26,04:28,4504.11,4504.85,4503.78,4504.70,313
2025.12.26,04:29,4504.69,4504.90,4501.66,4502.10,914
2025.12.26,04:30,4502.09,4502.13,4497.98,4499.10,1341
2025.12.26,04:31,4499.11,4499.69,4494.04,4495.83,937
2025.12.26,04:32,4495.89,4497.07,4492.06,4493.46,872
2025.12.26,04:33,4493.42,4498.78,4493.18,4498.70,775
2025.12.26,04:34,4498.69,4499.40,4497.09,4497.65,669
2025.12.26,04:35,4497.63,4498.22,4496.26,4497.14,459
2025.12.26,04:36,4497.23,4501.26,4496.68,4501.26,374
2025.12.26,04:37,4501.53,4502.22,4499.91,4500.36,373
2025.12.26,04:38,4500.08,4501.26,4499.73,4499.87,296
2025.12.26,04:39,4500.07,4501.13,4498.55,4498.96,325
2025.12.26,04:40,4498.96,4499.10,4498.15,4498.82,261
2025.12.26,04:41,4498.82,4499.87,4498.58,4498.80,307
2025.12.26,04:42,4498.74,4498.95,4496.95,4497.49,309
2025.12.26,04:43,4497.51,4498.64,4497.32,4497.94,224
2025.12.26,04:44,4497.97,4499.56,4497.41,4498.87,399
2025.12.26,04:45,4498.94,4499.43,4498.19,4499.31,325
2025.12.26,04:46,4499.30,4499.90,4498.57,4499.74,281
2025.12.26,04:47,4499.72,4500.23,4499.25,4500.11,283
2025.12.26,04:48,4500.09,4500.54,4498.84,4500.28,719
2025.12.26,04:49,4500.31,4503.13,4500.31,4502.77,737
2025.12.26,04:50,4502.87,4503.93,4502.23,4503.85,444
2025.12.26,04:51,4503.78,4504.34,4502.97,4504.25,432
2025.12.26,04:52,4504.24,4506.06,4504.24,4504.84,702
2025.12.26,04:53,4504.81,4505.70,4504.47,4505.44,566
2025.12.26,04:54,4505.36,4507.49,4505.17,4507.08,643
2025.12.26,04:55,4507.14,4507.45,4505.70,4506.80,506
2025.12.26,04:56,4506.68,4506.89,4505.80,4506.88,375
2025.12.26,04:57,4506.83,4507.70,4506.67,4506.93,472
2025.12.26,04:58,4506.95,4507.78,4506.29,4507.78,445
2025.12.26,04:59,4507.89,4508.83,4507.69,4508.78,457
2025.12.26,05:00,4508.80,4509.89,4508.41,4508.76,583
2025.12.26,05:01,4508.72,4509.36,4508.38,4508.41,382
2025.12.26,05:02,4508.40,4508.63,4506.90,4507.15,286
2025.12.26,05:03,4507.14,4508.37,4507.14,4507.62,295
2025.12.26,05:04,4507.62,4507.65,4505.82,4506.08,432
2025.12.26,05:05,4505.99,4506.68,4504.40,4504.40,457
2025.12.26,05:06,4504.46,4504.47,4502.91,4502.99,674
2025.12.26,05:07,4503.17,4504.94,4501.10,4504.67,659
2025.12.26,05:08,4504.67,4507.49,4504.36,4506.95,416
2025.12.26,05:09,4507.01,4507.64,4506.42,4507.48,368
2025.12.26,05:10,4507.47,4509.90,4507.47,4509.58,572
2025.12.26,05:11,4509.61,4511.07,4509.13,4509.48,460
2025.12.26,05:12,4509.52,4510.60,4509.34,4510.18,446
2025.12.26,05:13,4510.07,4510.58,4509.72,4510.04,684
2025.12.26,05:14,4509.97,4511.97,4509.89,4511.92,456
2025.12.26,05:15,4511.94,4512.96,4511.65,4511.89,412
2025.12.26,05:16,4511.88,4513.43,4511.83,4512.65,358
2025.12.26,05:17,4512.71,4513.36,4511.43,4511.60,399
2025.12.26,05:18,4511.58,4511.62,4509.62,4509.93,647
2025.12.26,05:19,4509.92,4512.03,4509.79,4511.00,366
2025.12.26,05:20,4511.01,4512.44,4510.74,4512.05,256
2025.12.26,05:21,4512.03,4512.14,4511.21,4511.42,412
2025.12.26,05:22,4511.47,4511.70,4510.80,4511.21,394
2025.12.26,05:23,4511.17,4511.62,4509.80,4510.58,381
2025.12.26,05:24,4510.64,4510.65,4508.35,4509.11,432
2025.12.26,05:25,4509.04,4509.54,4507.99,4508.42,465
2025.12.26,05:26,4508.43,4508.47,4507.16,4507.40,444
2025.12.26,05:27,4507.40,4507.71,4506.58,4506.66,558
2025.12.26,05:28,4506.63,4507.26,4504.55,4504.66,529
2025.12.26,05:29,4504.56,4504.81,4502.79,4503.03,563
2025.12.26,05:30,4502.99,4503.56,4499.91,4500.22,604
2025.12.26,05:31,4500.34,4501.26,4498.43,4500.93,749
2025.12.26,05:32,4500.93,4501.22,4497.44,4498.35,764
2025.12.26,05:33,4498.34,4501.29,4498.16,4500.62,478
2025.12.26,05:34,4500.58,4500.96,4499.92,4500.25,337
2025.12.26,05:35,4500.29,4502.31,4499.84,4501.02,397
2025.12.26,05:36,4500.98,4502.64,4500.72,4502.55,283
2025.12.26,05:37,4502.58,4502.68,4500.87,4502.68,279
2025.12.26,05:38,4502.62,4503.19,4501.45,4502.02,263
2025.12.26,05:39,4501.95,4502.17,4500.71,4501.41,281
2025.12.26,05:40,4501.42,4501.46,4499.59,4500.33,302
2025.12.26,05:41,4500.41,4501.07,4499.83,4500.63,381
2025.12.26,05:42,4500.58,4502.24,4500.36,4502.04,439
2025.12.26,05:43,4502.05,4503.65,4501.90,4503.40,463
2025.12.26,05:44,4503.45,4503.84,4502.32,4502.92,418
2025.12.26,05:45,4502.94,4503.46,4502.21,4502.49,357
2025.12.26,05:46,4502.64,4503.18,4502.04,4502.51,427
2025.12.26,05:47,4502.52,4502.91,4502.08,4502.83,387
2025.12.26,05:48,4502.82,4503.93,4502.64,4503.00,286
2025.12.26,05:49,4503.01,4503.25,4502.03,4502.37,342
2025.12.26,05:50,4502.36,4502.84,4502.00,4502.47,404
2025.12.26,05:51,4502.46,4503.94,4501.93,4503.70,301
2025.12.26,05:52,4503.73,4505.34,4503.24,4504.91,312
2025.12.26,05:53,4504.91,4505.80,4504.71,4504.91,330
2025.12.26,05:54,4504.96,4505.30,4503.92,4504.48,279
2025.12.26,05:55,4504.49,4504.78,4502.37,4502.46,500
2025.12.26,05:56,4502.52,4502.85,4501.81,4502.46,353
2025.12.26,05:57,4502.40,4502.60,4500.39,4501.69,437
2025.12.26,05:58,4501.73,4504.43,4501.65,4503.82,418
2025.12.26,05:59,4503.83,4504.16,4501.67,4501.67,482
2025.12.26,06:00,4501.76,4502.96,4501.33,4502.69,646
2025.12.26,06:01,4502.73,4502.78,4500.47,4501.73,498
2025.12.26,06:02,4501.74,4504.87,4501.17,4504.28,584
2025.12.26,06:03,4504.30,4504.45,4502.85,4503.10,421
2025.12.26,06:04,4503.08,4503.39,4502.64,4503.03,376
2025.12.26,06:05,4503.22,4503.39,4502.39,4503.34,389
2025.12.26,06:06,4503.14,4506.08,4502.96,4506.03,318
2025.12.26,06:07,4506.05,4506.19,4505.03,4505.35,390
2025.12.26,06:08,4505.27,4506.43,4505.02,4505.59,389
2025.12.26,06:09,4505.59,4506.74,4505.43,4506.20,382
2025.12.26,06:10,4506.24,4507.64,4505.99,4507.10,344
2025.12.26,06:11,4507.13,4509.48,4507.09,4508.76,442
2025.12.26,06:12,4508.70,4509.97,4508.27,4508.48,473
2025.12.26,06:13,4508.48,4509.14,4507.87,4508.64,426
2025.12.26,06:14,4508.71,4508.71,4507.17,4507.68,321
2025.12.26,06:15,4507.70,4507.78,4506.57,4506.97,236
2025.12.26,06:16,4506.93,4507.40,4505.72,4506.75,308
2025.12.26,06:17,4506.68,4506.94,4506.08,4506.47,189
2025.12.26,06:18,4506.45,4506.75,4506.11,4506.65,187
2025.12.26,06:19,4506.70,4507.48,4506.09,4506.15,239
2025.12.26,06:20,4506.14,4506.62,4505.42,4505.50,242
2025.12.26,06:21,4505.51,4505.79,4505.03,4505.35,181
2025.12.26,06:22,4505.35,4505.88,4504.96,4505.12,283
2025.12.26,06:23,4505.11,4505.30,4504.65,4504.76,158
2025.12.26,06:24,4504.70,4505.85,4504.70,4505.63,196
2025.12.26,06:25,4505.74,4506.90,4505.67,4506.56,286
2025.12.26,06:26,4506.59,4508.12,4506.38,4507.98,265
2025.12.26,06:27,4508.05,4509.99,4506.93,4509.99,330
2025.12.26,06:28,4509.87,4510.15,4509.14,4509.51,371
2025.12.26,06:29,4509.51,4510.10,4508.71,4509.36,534
2025.12.26,06:30,4509.37,4510.24,4508.55,4508.74,361
2025.12.26,06:31,4508.73,4510.28,4508.66,4510.25,242
2025.12.26,06:32,4510.26,4511.40,4510.13,4510.69,431
2025.12.26,06:33,4510.84,4511.47,4510.42,4511.24,319
2025.12.26,06:34,4511.20,4511.72,4510.84,4511.14,300
2025.12.26,06:35,4511.17,4511.30,4510.13,4510.28,230
2025.12.26,06:36,4510.29,4510.50,4508.58,4508.78,308
2025.12.26,06:37,4508.76,4508.77,4506.62,4507.45,591
2025.12.26,06:38,4507.32,4508.42,4507.29,4507.75,326
2025.12.26,06:39,4507.60,4507.67,4505.64,4506.95,385
2025.12.26,06:40,4506.77,4506.94,4506.22,4506.47,226
2025.12.26,06:41,4506.40,4506.79,4506.03,4506.35,200
2025.12.26,06:42,4506.35,4507.96,4506.23,4507.82,155
2025.12.26,06:43,4507.81,4508.45,4507.33,4508.05,261
2025.12.26,06:44,4508.10,4508.52,4507.94,4508.02,221
2025.12.26,06:45,4508.00,4508.03,4506.99,4507.31,267
2025.12.26,06:46,4507.35,4507.59,4506.88,4507.40,238
2025.12.26,06:47,4507.44,4507.72,4506.59,4507.56,489
2025.12.26,06:48,4507.54,4508.97,4506.85,4508.92,421
2025.12.26,06:49,4508.93,4510.20,4508.77,4509.61,236
2025.12.26,06:50,4509.66,4509.88,4508.74,4509.27,205
2025.12.26,06:51,4509.31,4511.46,4509.13,4510.31,325
2025.12.26,06:52,4510.37,4510.69,4510.17,4510.22,118
2025.12.26,06:53,4510.20,4510.43,4507.49,4508.08,400
2025.12.26,06:54,4508.10,4508.21,4507.68,4508.18,211
2025.12.26,06:55,4508.06,4508.59,4507.75,4508.28,330
2025.12.26,06:56,4508.27,4508.63,4507.99,4508.21,299
2025.12.26,06:57,4508.18,4508.87,4508.15,4508.23,349
2025.12.26,06:58,4508.22,4508.48,4508.12,4508.33,143
2025.12.26,06:59,4508.34,4509.07,4508.03,4508.98,269
2025.12.26,07:00,4508.92,4509.04,4507.88,4507.91,232
2025.12.26,07:01,4508.04,4509.04,4507.72,4508.73,184
2025.12.26,07:02,4508.74,4508.75,4507.97,4508.35,180
2025.12.26,07:03,4508.35,4508.60,4507.17,4507.55,311
2025.12.26,07:04,4507.52,4510.45,4507.38,4510.03,344
2025.12.26,07:05,4510.00,4510.64,4509.38,4510.04,278
2025.12.26,07:06,4510.03,4511.48,4509.71,4511.13,203
2025.12.26,07:07,4510.80,4511.30,4510.14,4510.74,290
2025.12.26,07:08,4510.73,4510.74,4509.30,4509.75,230
2025.12.26,07:09,4509.75,4510.80,4509.53,4510.03,408
2025.12.26,07:10,4509.86,4510.89,4509.65,4509.99,345
2025.12.26,07:11,4510.09,4510.47,4508.85,4508.98,222
2025.12.26,07:12,4508.66,4509.50,4508.65,4508.79,225
2025.12.26,07:13,4508.89,4509.61,4508.13,4508.86,342
2025.12.26,07:14,4508.87,4509.25,4508.27,4509.01,204
2025.12.26,07:15,4508.95,4510.15,4508.80,4509.44,254
2025.12.26,07:16,4509.44,4509.55,4508.22,4509.02,410
2025.12.26,07:17,4509.08,4509.42,4507.19,4507.67,361
2025.12.26,07:18,4507.76,4507.88,4506.80,4506.90,296
2025.12.26,07:19,4506.97,4507.55,4506.16,4506.75,375
2025.12.26,07:20,4506.63,4508.31,4505.87,4507.83,432
2025.12.26,07:21,4507.82,4509.08,4507.31,4508.80,417
2025.12.26,07:22,4508.61,4508.94,4508.12,4508.16,393
2025.12.26,07:23,4508.17,4509.21,4507.78,4508.88,323
2025.12.26,07:24,4508.98,4509.18,4508.43,4508.46,279
2025.12.26,07:25,4508.46,4508.57,4506.85,4507.25,376
2025.12.26,07:26,4507.28,4507.40,4506.17,4506.45,312
2025.12.26,07:27,4506.46,4507.59,4506.46,4507.44,235
2025.12.26,07:28,4507.42,4508.41,4507.42,4507.95,258
2025.12.26,07:29,4507.97,4508.03,4506.85,4507.29,269
2025.12.26,07:30,4507.27,4513.18,4507.26,4512.59,1129
2025.12.26,07:31,4512.48,4514.14,4511.70,4511.73,868
2025.12.26,07:32,4511.63,4512.27,4510.36,4510.90,495
2025.12.26,07:33,4510.79,4511.75,4510.32,4511.19,423
2025.12.26,07:34,4511.18,4511.30,4508.95,4510.56,422
2025.12.26,07:35,4510.56,4512.46,4509.78,4512.15,443
2025.12.26,07:36,4512.11,4514.78,4512.11,4514.33,473
2025.12.26,07:37,4514.36,4514.78,4512.51,4512.62,427
2025.12.26,07:38,4512.63,4512.91,4510.43,4510.62,427
2025.12.26,07:39,4510.61,4511.49,4509.65,4510.61,485
2025.12.26,07:40,4510.53,4511.03,4509.32,4510.34,551
2025.12.26,07:41,4510.32,4510.79,4509.46,4510.12,481
2025.12.26,07:42,4510.11,4511.95,4509.85,4511.03,467
2025.12.26,07:43,4511.08,4512.34,4510.79,4511.65,423
2025.12.26,07:44,4511.60,4512.24,4511.23,4512.13,346
2025.12.26,07:45,4512.12,4513.46,4511.78,4512.04,672
2025.12.26,07:46,4512.04,4513.48,4511.00,4513.27,652
2025.12.26,07:47,4513.26,4513.41,4511.38,4512.05,484
2025.12.26,07:48,4512.13,4512.96,4511.62,4511.79,344
2025.12.26,07:49,4511.73,4511.94,4510.88,4511.02,429
2025.12.26,07:50,4511.03,4511.21,4509.54,4511.05,468
2025.12.26,07:51,4511.10,4511.69,4510.03,4510.55,363
2025.12.26,07:52,4510.57,4511.07,4509.91,4510.70,334
2025.12.26,07:53,4510.76,4511.60,4510.49,4510.71,462
2025.12.26,07:54,4510.70,4511.42,4510.70,4511.10,330
2025.12.26,07:55,4511.10,4511.91,4510.59,4511.00,468
2025.12.26,07:56,4511.01,4512.39,4510.89,4512.02,530
2025.12.26,07:57,4512.02,4512.48,4511.69,4511.82,442
2025.12.26,07:58,4511.87,4511.93,4509.70,4510.38,395
2025.12.26,07:59,4510.40,4511.01,4509.82,4509.96,229
2025.12.26,08:00,4509.92,4511.43,4509.85,4510.72,506
2025.12.26,08:01,4510.71,4512.33,4510.70,4511.85,293
2025.12.26,08:02,4511.84,4512.21,4510.30,4510.51,551
2025.12.26,08:03,4510.55,4511.51,4510.25,4510.80,880
2025.12.26,08:04,4510.82,4512.67,4510.17,4511.73,725
2025.12.26,08:05,4511.74,4512.01,4510.20,4510.65,707
2025.12.26,08:06,4510.61,4512.04,4510.47,4511.75,499
2025.12.26,08:07,4511.73,4513.49,4511.23,4512.84,545
2025.12.26,08:08,4512.83,4513.74,4511.68,4511.90,676
2025.12.26,08:09,4512.06,4512.91,4511.78,4512.16,790
2025.12.26,08:10,4512.18,4512.29,4510.00,4510.19,1000
2025.12.26,08:11,4510.19,4510.88,4509.42,4510.32,774
2025.12.26,08:12,4510.33,4511.62,4509.25,4509.47,660
2025.12.26,08:13,4509.47,4510.70,4509.21,4509.21,449
2025.12.26,08:14,4509.22,4513.04,4508.80,4512.47,461
2025.12.26,08:15,4512.52,4514.08,4511.93,4512.75,418
2025.12.26,08:16,4512.85,4513.92,4512.34,4513.87,501
2025.12.26,08:17,4513.88,4515.30,4512.94,4514.97,498
2025.12.26,08:18,4514.99,4515.32,4514.00,4514.20,395
2025.12.26,08:19,4514.17,4514.56,4513.73,4514.30,386
2025.12.26,08:20,4514.31,4514.99,4513.99,4514.76,360
2025.12.26,08:21,4514.49,4515.46,4514.19,4514.72,609
2025.12.26,08:22,4514.66,4515.62,4514.09,4514.99,465
2025.12.26,08:23,4515.07,4518.15,4514.79,4517.69,430
2025.12.26,08:24,4517.74,4518.67,4515.86,4516.12,409
2025.12.26,08:25,4516.17,4516.19,4515.06,4515.67,641
2025.12.26,08:26,4515.76,4516.93,4515.10,4516.30,764
2025.12.26,08:27,4516.24,4518.05,4516.24,4516.90,515
2025.12.26,08:28,4516.89,4517.59,4516.23,4516.98,913
2025.12.26,08:29,4516.92,4518.70,4516.68,4518.35,431
2025.12.26,08:30,4518.18,4518.89,4515.86,4516.03,424
2025.12.26,08:31,4515.98,4517.55,4515.87,4516.27,549
2025.12.26,08:32,4516.24,4516.37,4514.76,4515.97,454
2025.12.26,08:33,4515.95,4516.99,4515.67,4516.15,383
2025.12.26,08:34,4516.20,4518.18,4515.86,4517.27,608
2025.12.26,08:35,4517.21,4517.70,4516.37,4516.64,577
2025.12.26,08:36,4516.69,4516.90,4515.42,4515.59,481
2025.12.26,08:37,4515.56,4516.50,4515.24,4516.06,306
2025.12.26,08:38,4516.01,4516.18,4514.95,4515.61,321
2025.12.26,08:39,4515.59,4518.06,4515.59,4517.10,359
2025.12.26,08:40,4517.11,4517.89,4516.34,4517.72,447
2025.12.26,08:41,4517.62,4518.71,4517.46,4517.68,520
2025.12.26,08:42,4517.59,4518.89,4517.14,4518.50,446
2025.12.26,08:43,4518.48,4519.35,4516.80,4518.07,933
2025.12.26,08:44,4518.08,4519.33,4517.86,4518.37,798
2025.12.26,08:45,4518.44,4518.46,4516.33,4516.57,494
2025.12.26,08:46,4516.55,4517.89,4516.24,4517.58,364
2025.12.26,08:47,4517.59,4518.33,4516.58,4517.12,659
2025.12.26,08:48,4517.13,4517.56,4516.20,4516.51,965
2025.12.26,08:49,4516.50,4517.26,4514.99,4515.25,820
2025.12.26,08:50,4515.26,4515.41,4513.42,4513.89,744
2025.12.26,08:51,4513.91,4514.26,4509.81,4510.59,826
2025.12.26,08:52,4510.60,4513.10,4509.66,4512.91,1054
2025.12.26,08:53,4512.91,4513.23,4509.20,4509.90,763
2025.12.26,08:54,4509.87,4511.16,4509.31,4509.95,652
2025.12.26,08:55,4509.88,4510.54,4507.96,4510.14,998
2025.12.26,08:56,4510.14,4511.59,4509.71,4511.26,651
2025.12.26,08:57,4511.23,4512.15,4510.32,4510.54,479
2025.12.26,08:58,4510.76,4511.56,4510.19,4511.11,582
2025.12.26,08:59,4511.32,4512.88,4511.04,4511.64,585
2025.12.26,09:00,4511.66,4512.16,4510.97,4511.60,529
2025.12.26,09:01,4511.61,4512.37,4510.61,4511.19,415
2025.12.26,09:02,4511.16,4511.54,4510.50,4511.22,467
2025.12.26,09:03,4511.25,4512.44,4510.79,4511.88,681
2025.12.26,09:04,4511.77,4512.14,4511.30,4511.73,437
2025.12.26,09:05,4511.71,4512.15,4511.39,4511.90,396
2025.12.26,09:06,4511.94,4512.63,4511.59,4512.32,346
2025.12.26,09:07,4512.39,4513.35,4512.03,4512.91,360
2025.12.26,09:08,4512.90,4514.21,4512.53,4513.83,434
2025.12.26,09:09,4513.82,4515.05,4513.71,4514.34,437
2025.12.26,09:10,4514.45,4515.27,4513.90,4514.76,281
2025.12.26,09:11,4514.78,4514.90,4514.05,4514.43,331
2025.12.26,09:12,4514.45,4514.65,4513.33,4513.95,329
2025.12.26,09:13,4513.95,4514.35,4513.62,4514.31,242
2025.12.26,09:14,4514.18,4514.86,4513.76,4514.36,261
2025.12.26,09:15,4514.36,4515.13,4513.82,4514.77,529
2025.12.26,09:16,4514.78,4515.30,4514.39,4514.81,403
2025.12.26,09:17,4514.91,4515.55,4514.46,4514.58,395
2025.12.26,09:18,4514.63,4515.14,4513.33,4513.47,808
2025.12.26,09:19,4513.49,4514.11,4513.03,4513.38,1307
2025.12.26,09:20,4513.40,4514.65,4512.92,4513.63,898
2025.12.26,09:21,4513.60,4513.99,4512.83,4513.67,830
2025.12.26,09:22,4513.66,4513.90,4512.98,4513.21,497
2025.12.26,09:23,4513.19,4513.99,4512.86,4513.50,352
2025.12.26,09:24,4513.49,4514.02,4511.65,4512.04,1037
2025.12.26,09:25,4511.95,4511.96,4509.25,4509.94,563
2025.12.26,09:26,4509.92,4510.64,4509.36,4509.46,365
2025.12.26,09:27,4509.45,4511.26,4509.24,4509.84,501
2025.12.26,09:28,4509.90,4510.35,4507.97,4508.90,531
2025.12.26,09:29,4508.94,4509.90,4508.46,4509.26,567
2025.12.26,09:30,4509.22,4509.84,4508.27,4509.63,388
2025.12.26,09:31,4509.63,4510.71,4509.51,4510.00,377
2025.12.26,09:32,4509.98,4510.54,4508.38,4509.07,585
2025.12.26,09:33,4509.14,4511.88,4508.26,4511.39,409
2025.12.26,09:34,4511.71,4512.69,4511.42,4511.79,331
2025.12.26,09:35,4511.85,4512.41,4510.94,4511.23,198
2025.12.26,09:36,4511.24,4512.46,4510.91,4512.25,269
2025.12.26,09:37,4512.24,4512.99,4510.69,4510.93,261
2025.12.26,09:38,4510.86,4511.64,4510.44,4510.92,257
2025.12.26,09:39,4510.93,4511.16,4510.04,4510.15,206
2025.12.26,09:40,4510.14,4510.78,4510.14,4510.60,169
2025.12.26,09:41,4510.59,4510.83,4509.69,4510.81,322
2025.12.26,09:42,4510.81,4511.74,4510.28,4511.02,213
2025.12.26,09:43,4511.01,4511.13,4508.93,4508.96,308
2025.12.26,09:44,4508.94,4509.46,4507.84,4508.23,380
2025.12.26,09:45,4508.22,4509.55,4507.86,4509.11,437
2025.12.26,09:46,4509.12,4509.56,4508.66,4509.02,472
2025.12.26,09:47,4509.06,4509.33,4508.43,4509.00,797
2025.12.26,09:48,4509.02,4509.26,4508.05,4508.64,891
2025.12.26,09:49,4508.61,4508.67,4507.26,4508.42,369
2025.12.26,09:50,4508.43,4509.79,4508.14,4509.32,476
2025.12.26,09:51,4509.31,4510.01,4508.84,4509.11,337
2025.12.26,09:52,4509.20,4509.61,4508.23,4508.60,408
2025.12.26,09:53,4508.58,4508.86,4507.40,4507.59,405
2025.12.26,09:54,4507.58,4508.91,4507.32,4508.76,403
2025.12.26,09:55,4508.73,4510.06,4508.47,4509.53,583
2025.12.26,09:56,4509.52,4510.27,4509.08,4509.62,530
2025.12.26,09:57,4509.57,4510.94,4509.12,4510.59,400
2025.12.26,09:58,4510.55,4510.64,4509.16,4510.03,483
2025.12.26,09:59,4509.88,4511.58,4509.88,4510.95,492
2025.12.26,10:00,4510.96,4511.22,4509.35,4510.72,622
2025.12.26,10:01,4510.71,4512.64,4510.42,4511.51,578
2025.12.26,10:02,4511.42,4512.99,4510.93,4512.92,531
2025.12.26,10:03,4512.99,4513.69,4512.16,4512.27,449
2025.12.26,10:04,4512.34,4513.52,4511.88,4513.33,253
2025.12.26,10:05,4513.29,4513.67,4512.09,4513.06,259
2025.12.26,10:06,4513.08,4513.61,4511.99,4512.24,234
2025.12.26,10:07,4512.20,4513.51,4511.67,4511.95,310
2025.12.26,10:08,4512.04,4513.62,4512.02,4513.62,211
2025.12.26,10:09,4513.61,4514.55,4512.99,4513.16,341
2025.12.26,10:10,4513.17,4513.50,4510.74,4511.47,300
2025.12.26,10:11,4511.45,4511.69,4510.88,4511.04,198
2025.12.26,10:12,4511.23,4513.61,4510.93,4513.61,314
2025.12.26,10:13,4513.61,4514.84,4513.16,4514.24,392
2025.12.26,10:14,4514.25,4514.97,4512.99,4514.68,405
2025.12.26,10:15,4514.67,4516.21,4514.57,4515.57,447
2025.12.26,10:16,4515.59,4516.31,4515.06,4515.32,378
2025.12.26,10:17,4515.34,4516.02,4515.07,4515.75,304
2025.12.26,10:18,4515.72,4515.94,4515.09,4515.36,515
2025.12.26,10:19,4515.38,4516.34,4515.09,4515.77,440
2025.12.26,10:20,4515.76,4516.96,4515.53,4516.63,376
2025.12.26,10:21,4516.44,4517.23,4515.89,4516.50,407
2025.12.26,10:22,4516.43,4516.75,4515.14,4515.55,366
2025.12.26,10:23,4515.55,4515.83,4514.07,4515.32,278
2025.12.26,10:24,4515.31,4516.13,4515.23,4515.58,256
2025.12.26,10:25,4515.62,4516.37,4515.37,4515.69,177
2025.12.26,10:26,4515.71,4517.05,4515.47,4515.99,262
2025.12.26,10:27,4515.99,4516.03,4514.59,4515.43,233
2025.12.26,10:28,4515.44,4516.01,4515.29,4515.87,172
2025.12.26,10:29,4515.75,4515.75,4514.89,4515.13,268
2025.12.26,10:30,4515.06,4515.88,4514.66,4515.66,437
2025.12.26,10:31,4515.67,4517.21,4515.67,4516.47,405
2025.12.26,10:32,4516.45,4516.95,4515.79,4516.24,509
2025.12.26,10:33,4516.26,4516.47,4514.74,4515.41,470
2025.12.26,10:34,4515.23,4515.82,4514.38,4514.51,391
2025.12.26,10:35,4514.50,4515.91,4514.12,4515.84,410
2025.12.26,10:36,4515.83,4515.96,4514.64,4515.35,261
2025.12.26,10:37,4515.34,4515.83,4514.81,4515.11,461
2025.12.26,10:38,4515.17,4515.70,4514.87,4515.08,576
2025.12.26,10:39,4515.03,4515.86,4514.65,4515.18,405
2025.12.26,10:40,4515.19,4515.58,4514.94,4515.18,266
2025.12.26,10:41,4515.23,4515.30,4513.64,4513.69,356
2025.12.26,10:42,4513.73,4514.42,4513.55,4514.13,471
2025.12.26,10:43,4514.13,4514.13,4512.94,4513.81,183
2025.12.26,10:44,4513.82,4515.25,4513.82,4514.51,416
2025.12.26,10:45,4514.55,4515.87,4514.37,4515.49,396
2025.12.26,10:46,4515.52,4516.77,4515.38,4516.44,322
2025.12.26,10:47,4516.52,4517.76,4516.28,4517.57,372
2025.12.26,10:48,4517.59,4518.26,4516.54,4516.66,559
2025.12.26,10:49,4516.63,4517.29,4516.26,4516.82,1031
2025.12.26,10:50,4516.82,4517.37,4516.24,4517.09,761
2025.12.26,10:51,4517.05,4517.33,4516.09,4516.86,609
2025.12.26,10:52,4516.88,4517.39,4516.06,4516.26,707
2025.12.26,10:53,4516.27,4516.69,4515.75,4516.12,829
2025.12.26,10:54,4516.14,4516.54,4514.85,4515.20,798
2025.12.26,10:55,4515.18,4515.69,4514.11,4515.03,306
2025.12.26,10:56,4515.06,4516.86,4514.61,4516.86,235
2025.12.26,10:57,4516.88,4517.58,4516.63,4517.00,221
2025.12.26,10:58,4517.01,4517.92,4516.97,4517.76,247
2025.12.26,10:59,4518.00,4519.67,4517.94,4518.54,327
2025.12.26,11:00,4518.60,4520.28,4518.50,4518.97,382
2025.12.26,11:01,4518.99,4520.00,4518.20,4519.93,402
2025.12.26,11:02,4519.91,4520.78,4518.34,4518.56,622
2025.12.26,11:03,4518.57,4518.64,4517.98,4518.25,283
2025.12.26,11:04,4518.01,4518.64,4517.31,4517.73,528
2025.12.26,11:05,4517.79,4517.94,4516.56,4517.17,478
2025.12.26,11:06,4517.21,4517.99,4516.82,4517.78,746
2025.12.26,11:07,4517.78,4518.84,4517.05,4518.74,436
2025.12.26,11:08,4518.78,4519.14,4517.70,4517.78,711
2025.12.26,11:09,4517.70,4517.97,4517.11,4517.14,185
2025.12.26,11:10,4517.16,4517.33,4515.88,4516.64,236
2025.12.26,11:11,4516.50,4516.65,4515.32,4515.39,215
2025.12.26,11:12,4515.32,4517.32,4515.22,4517.12,378
2025.12.26,11:13,4517.17,4517.31,4516.28,4516.47,228
2025.12.26,11:14,4516.46,4516.78,4515.68,4515.81,210
2025.12.26,11:15,4515.87,4516.62,4515.51,4516.11,242
2025.12.26,11:16,4516.42,4516.69,4515.51,4515.57,287
2025.12.26,11:17,4515.65,4515.97,4514.99,4515.67,362
2025.12.26,11:18,4515.75,4516.34,4515.47,4515.52,207
2025.12.26,11:19,4515.50,4516.29,4514.92,4516.12,213
2025.12.26,11:20,4516.12,4516.23,4515.18,4515.94,420
2025.12.26,11:21,4515.93,4517.33,4515.72,4517.16,325
2025.12.26,11:22,4517.26,4517.75,4516.28,4516.99,502
2025.12.26,11:23,4517.01,4517.69,4516.14,4516.24,549
2025.12.26,11:24,4516.23,4516.47,4515.51,4516.03,283
2025.12.26,11:25,4516.02,4516.75,4515.76,4516.68,291
2025.12.26,11:26,4516.65,4518.13,4516.56,4518.08,227
2025.12.26,11:27,4518.09,4518.57,4517.37,4518.49,355
2025.12.26,11:28,4518.46,4518.71,4516.68,4516.97,442
2025.12.26,11:29,4516.96,4517.64,4516.47,4517.41,278
2025.12.26,11:30,4517.42,4518.01,4517.30,4517.90,202
2025.12.26,11:31,4517.86,4518.00,4516.43,4516.43,203
2025.12.26,11:32,4516.45,4517.28,4515.94,4516.40,221
2025.12.26,11:33,4516.45,4517.11,4516.30,4516.30,210
2025.12.26,11:34,4516.30,4516.78,4516.26,4516.56,163
2025.12.26,11:35,4516.56,4516.60,4515.96,4516.07,176
2025.12.26,11:36,4516.05,4516.81,4515.03,4516.60,258
2025.12.26,11:37,4516.58,4518.20,4516.25,4517.61,444
2025.12.26,11:38,4517.78,4518.38,4516.78,4517.11,402
2025.12.26,11:39,4517.10,4517.19,4516.21,4516.24,162
2025.12.26,11:40,4516.22,4516.81,4516.04,4516.39,311
2025.12.26,11:41,4516.35,4516.72,4514.17,4514.32,500
2025.12.26,11:42,4514.08,4515.14,4513.59,4513.90,313
2025.12.26,11:43,4513.88,4514.18,4513.57,4513.83,221
2025.12.26,11:44,4514.03,4514.03,4513.01,4513.67,306
2025.12.26,11:45,4513.65,4514.93,4513.60,4514.22,531
2025.12.26,11:46,4514.20,4514.58,4513.49,4514.29,793
2025.12.26,11:47,4514.22,4514.88,4513.77,4514.37,1220
2025.12.26,11:48,4514.37,4515.19,4514.23,4514.91,724
2025.12.26,11:49,4514.83,4515.16,4513.77,4514.21,1247
2025.12.26,11:50,4514.25,4514.33,4513.23,4514.04,933
2025.12.26,11:51,4514.05,4514.32,4513.35,4513.48,1367
2025.12.26,11:52,4513.49,4513.92,4512.26,4513.88,1263
2025.12.26,11:53,4513.88,4514.23,4513.00,4513.27,516
2025.12.26,11:54,4513.33,4513.78,4513.10,4513.61,741
2025.12.26,11:55,4513.63,4514.45,4513.36,4514.20,426
2025.12.26,11:56,4514.14,4514.41,4513.62,4513.85,319
2025.12.26,11:57,4513.85,4514.27,4512.97,4513.25,315
2025.12.26,11:58,4513.20,4513.21,4511.84,4512.21,280
2025.12.26,11:59,4512.20,4512.91,4512.10,4512.66,193
2025.12.26,12:00,4512.60,4512.65,4512.01,4512.21,191
2025.12.26,12:01,4512.17,4512.43,4511.95,4512.20,158
2025.12.26,12:02,4512.16,4513.56,4512.03,4513.32,315
2025.12.26,12:03,4513.31,4514.31,4513.08,4513.95,302
2025.12.26,12:04,4513.92,4514.49,4513.49,4514.43,286
2025.12.26,12:05,4514.22,4514.90,4513.83,4514.74,268
2025.12.26,12:06,4514.80,4516.13,4514.68,4516.10,298
2025.12.26,12:07,4516.11,4516.70,4514.97,4515.61,351
2025.12.26,12:08,4515.62,4515.95,4515.23,4515.59,142
2025.12.26,12:09,4515.58,4516.69,4515.39,4516.52,553
2025.12.26,12:10,4516.52,4517.09,4515.91,4516.84,418
2025.12.26,12:11,4516.82,4517.96,4516.58,4517.74,267
2025.12.26,12:12,4517.76,4518.22,4516.87,4517.69,858
2025.12.26,12:13,4517.78,4519.18,4517.67,4518.47,1344
2025.12.26,12:14,4518.37,4519.30,4518.05,4518.39,523
2025.12.26,12:15,4518.40,4519.45,4517.99,4518.72,478
2025.12.26,12:16,4518.70,4519.49,4518.17,4518.96,665
2025.12.26,12:17,4518.85,4518.93,4516.82,4517.52,390
2025.12.26,12:18,4517.51,4521.54,4516.98,4521.21,377
2025.12.26,12:19,4521.20,4523.09,4521.04,4522.85,351
2025.12.26,12:20,4522.76,4522.80,4519.73,4521.45,366
2025.12.26,12:21,4521.46,4522.33,4521.10,4522.07,311
2025.12.26,12:22,4522.08,4522.52,4521.52,4522.36,264
2025.12.26,12:23,4522.26,4522.26,4521.22,4521.32,206
2025.12.26,12:24,4521.44,4522.42,4521.14,4522.31,294
2025.12.26,12:25,4522.38,4523.36,4521.31,4523.36,445
2025.12.26,12:26,4523.33,4523.80,4522.48,4522.50,347
2025.12.26,12:27,4522.57,4522.71,4521.18,4521.87,365
2025.12.26,12:28,4521.88,4522.04,4520.27,4520.47,399
2025.12.26,12:29,4520.58,4522.22,4520.42,4520.59,921
2025.12.26,12:30,4520.55,4521.27,4519.33,4519.68,469
2025.12.26,12:31,4519.71,4521.43,4519.71,4521.28,365
2025.12.26,12:32,4521.27,4522.13,4520.27,4521.47,392
2025.12.26,12:33,4521.49,4521.74,4520.50,4520.99,381
2025.12.26,12:34,4521.06,4521.35,4520.41,4520.58,524
2025.12.26,12:35,4520.52,4520.61,4518.98,4519.32,531
2025.12.26,12:36,4519.32,4519.35,4516.46,4516.83,1638
2025.12.26,12:37,4516.96,4518.98,4516.07,4518.83,718
2025.12.26,12:38,4518.82,4519.15,4517.86,4517.92,498
2025.12.26,12:39,4517.92,4519.05,4517.47,4517.74,976
2025.12.26,12:40,4517.76,4517.77,4515.91,4516.42,703
2025.12.26,12:41,4516.73,4516.73,4514.56,4515.17,856
2025.12.26,12:42,4515.42,4516.83,4515.13,4516.36,463
2025.12.26,12:43,4516.35,4517.40,4515.12,4515.16,427
2025.12.26,12:44,4515.29,4515.69,4513.98,4515.09,554
2025.12.26,12:45,4515.11,4515.53,4514.19,4514.30,349
2025.12.26,12:46,4514.20,4514.49,4513.41,4514.03,516
2025.12.26,12:47,4514.04,4514.40,4512.74,4513.13,433
2025.12.26,12:48,4513.06,4514.09,4513.02,4513.37,248
2025.12.26,12:49,4513.35,4514.10,4512.52,4512.87,324
2025.12.26,12:50,4512.92,4514.31,4512.43,4512.88,308
2025.12.26,12:51,4512.90,4513.41,4512.23,4513.34,296
2025.12.26,12:52,4513.26,4513.60,4512.36,4512.69,239
2025.12.26,12:53,4512.71,4512.97,4511.27,4511.66,342
2025.12.26,12:54,4511.68,4512.62,4511.36,4512.06,257
2025.12.26,12:55,4512.05,4513.53,4511.45,4513.53,263
2025.12.26,12:56,4513.55,4514.44,4512.88,4512.95,318
2025.12.26,12:57,4512.96,4513.06,4512.16,4512.39,302
2025.12.26,12:58,4512.32,4514.23,4512.27,4513.38,286
2025.12.26,12:59,4513.35,4514.74,4513.35,4514.27,312
2025.12.26,13:00,4514.26,4515.16,4513.93,4514.94,223
2025.12.26,13:01,4514.95,4515.22,4513.94,4514.80,207
2025.12.26,13:02,4514.90,4514.95,4512.24,4513.56,260
2025.12.26,13:03,4513.37,4513.43,4510.31,4511.65,424
2025.12.26,13:04,4511.67,4511.85,4510.09,4511.05,566
2025.12.26,13:05,4511.04,4511.60,4506.81,4507.58,765
2025.12.26,13:06,4507.63,4509.15,4507.17,4508.74,481
2025.12.26,13:07,4508.75,4508.93,4507.09,4507.43,442
2025.12.26,13:08,4507.43,4508.26,4507.21,4508.05,362
2025.12.26,13:09,4507.99,4510.71,4507.80,4508.75,471
2025.12.26,13:10,4508.82,4509.98,4503.23,4504.51,886
2025.12.26,13:11,4504.56,4505.91,4503.17,4505.10,927
2025.12.26,13:12,4505.28,4507.80,4505.12,4507.79,537
2025.12.26,13:13,4507.82,4510.38,4507.25,4509.88,518
2025.12.26,13:14,4509.87,4510.55,4509.48,4509.95,376
2025.12.26,13:15,4509.80,4511.06,4509.75,4509.96,361
2025.12.26,13:16,4509.95,4510.28,4508.68,4509.53,556
2025.12.26,13:17,4509.52,4511.25,4508.98,4510.83,568
2025.12.26,13:18,4510.86,4512.00,4510.43,4511.18,712
2025.12.26,13:19,4511.12,4512.05,4510.87,4511.43,576
2025.12.26,13:20,4511.41,4511.51,4509.47,4509.74,366
2025.12.26,13:21,4509.72,4510.89,4509.40,4510.36,380
2025.12.26,13:22,4510.33,4511.70,4510.23,4511.44,364
2025.12.26,13:23,4511.45,4511.68,4508.07,4508.49,984
2025.12.26,13:24,4508.62,4510.91,4507.40,4510.17,676
2025.12.26,13:25,4510.12,4510.60,4507.34,4507.51,444
2025.12.26,13:26,4507.41,4509.00,4507.21,4507.33,648
2025.12.26,13:27,4507.31,4508.88,4505.38,4508.00,813
2025.12.26,13:28,4507.99,4507.99,4505.20,4506.30,672
2025.12.26,13:29,4506.28,4506.44,4503.76,4505.17,741
2025.12.26,13:30,4505.21,4506.72,4503.89,4504.15,585
2025.12.26,13:31,4504.02,4505.80,4503.43,4505.34,564
2025.12.26,13:32,4505.39,4507.99,4505.34,4507.86,443
2025.12.26,13:33,4507.83,4509.22,4507.68,4508.81,441
2025.12.26,13:34,4508.82,4508.82,4505.99,4506.05,428
2025.12.26,13:35,4506.18,4507.49,4505.18,4506.38,511
2025.12.26,13:36,4506.34,4506.89,4503.79,4504.65,795
2025.12.26,13:37,4504.64,4506.81,4503.80,4506.69,662
2025.12.26,13:38,4506.70,4507.90,4506.52,4507.79,431
2025.12.26,13:39,4507.69,4508.68,4507.00,4508.52,431
2025.12.26,13:40,4508.65,4509.11,4507.55,4507.92,801
2025.12.26,13:41,4507.89,4508.12,4506.82,4507.50,632
2025.12.26,13:42,4507.52,4507.60,4505.69,4506.62,501
2025.12.26,13:43,4506.62,4507.41,4506.35,4506.63,336
2025.12.26,13:44,4506.63,4507.94,4506.46,4507.69,420
2025.12.26,13:45,4507.68,4507.78,4506.75,4507.19,547
2025.12.26,13:46,4507.18,4507.58,4504.81,4505.21,901
2025.12.26,13:47,4505.22,4506.66,4505.22,4506.17,486
2025.12.26,13:48,4506.18,4506.38,4503.81,4504.66,556
2025.12.26,13:49,4504.57,4505.02,4502.70,4503.99,519
2025.12.26,13:50,4504.01,4506.11,4503.96,4505.94,509
2025.12.26,13:51,4505.93,4506.86,4505.60,4505.86,338
2025.12.26,13:52,4505.86,4506.10,4504.08,4504.43,329
2025.12.26,13:53,4504.49,4506.10,4504.46,4505.98,417
2025.12.26,13:54,4505.86,4505.97,4504.76,4505.04,284
2025.12.26,13:55,4505.03,4506.29,4504.52,4505.04,261
2025.12.26,13:56,4505.11,4507.65,4504.77,4507.63,375
2025.12.26,13:57,4507.60,4509.33,4507.14,4508.26,744
2025.12.26,13:58,4508.28,4508.61,4506.92,4507.89,518
2025.12.26,13:59,4507.95,4509.77,4507.60,4509.57,646
2025.12.26,14:00,4509.54,4510.35,4509.12,4509.99,451
2025.12.26,14:01,4510.02,4510.43,4509.03,4509.44,423
2025.12.26,14:02,4509.47,4510.65,4509.38,4510.00,252
2025.12.26,14:03,4509.98,4511.23,4509.03,4510.32,409
2025.12.26,14:04,4510.29,4510.56,4508.57,4508.85,594
2025.12.26,14:05,4508.82,4509.14,4507.81,4508.43,755
2025.12.26,14:06,4508.44,4508.71,4507.74,4508.51,781
2025.12.26,14:07,4508.52,4509.35,4508.00,4509.17,749
2025.12.26,14:08,4509.18,4509.71,4508.80,4509.16,519
2025.12.26,14:09,4509.09,4509.10,4508.18,4508.64,954
2025.12.26,14:10,4508.67,4508.83,4507.97,4508.08,405
2025.12.26,14:11,4508.07,4508.42,4507.55,4507.74,430
2025.12.26,14:12,4507.72,4508.11,4506.93,4507.89,431
2025.12.26,14:13,4507.79,4510.32,4507.70,4510.17,578
2025.12.26,14:14,4510.16,4511.03,4509.89,4510.72,442
2025.12.26,14:15,4510.81,4510.97,4510.07,4510.40,370
2025.12.26,14:16,4510.45,4512.22,4510.44,4511.32,292
2025.12.26,14:17,4511.33,4511.34,4509.55,4509.94,440
2025.12.26,14:18,4510.16,4510.62,4508.41,4509.12,466
2025.12.26,14:19,4509.09,4509.77,4508.72,4509.22,547
2025.12.26,14:20,4509.20,4509.64,4508.20,4509.25,804
2025.12.26,14:21,4509.25,4510.07,4508.50,4509.49,1083
2025.12.26,14:22,4509.77,4511.72,4509.00,4511.51,1159
2025.12.26,14:23,4511.40,4511.84,4510.46,4510.69,488
2025.12.26,14:24,4510.63,4511.38,4510.07,4510.56,365
2025.12.26,14:25,4510.52,4511.71,4510.31,4511.71,180
2025.12.26,14:26,4511.73,4511.91,4510.19,4510.79,367
2025.12.26,14:27,4510.78,4510.92,4510.26,4510.91,236
2025.12.26,14:28,4510.89,4512.57,4510.59,4511.72,446
2025.12.26,14:29,4511.66,4512.46,4511.46,4511.79,280
2025.12.26,14:30,4511.86,4514.40,4511.85,4514.24,387
2025.12.26,14:31,4514.27,4514.83,4513.29,4513.52,445
2025.12.26,14:32,4513.56,4514.70,4513.56,4514.56,414
2025.12.26,14:33,4514.58,4514.69,4513.32,4513.87,770
2025.12.26,14:34,4513.89,4514.70,4513.78,4514.43,693
2025.12.26,14:35,4514.45,4514.83,4513.47,4514.14,711
2025.12.26,14:36,4514.18,4514.70,4513.58,4514.42,883
2025.12.26,14:37,4514.30,4514.77,4513.88,4514.32,532
2025.12.26,14:38,4514.34,4514.83,4513.70,4513.94,420
2025.12.26,14:39,4513.89,4514.91,4513.89,4514.62,227
2025.12.26,14:40,4514.63,4514.71,4513.61,4513.90,292
2025.12.26,14:41,4513.91,4513.96,4512.60,4513.17,183
2025.12.26,14:42,4513.22,4514.06,4513.12,4513.12,180
2025.12.26,14:43,4513.16,4513.78,4512.78,4512.95,208
2025.12.26,14:44,4512.93,4513.18,4512.00,4512.75,249
2025.12.26,14:45,4512.69,4513.66,4512.69,4513.53,119
2025.12.26,14:46,4513.54,4513.85,4513.03,4513.12,256
2025.12.26,14:47,4513.17,4514.15,4512.77,4513.96,165
2025.12.26,14:48,4513.97,4513.98,4513.01,4513.26,164
2025.12.26,14:49,4513.25,4513.29,4512.54,4513.01,349
2025.12.26,14:50,4512.99,4513.43,4511.73,4511.98,301
2025.12.26,14:51,4511.96,4512.27,4511.04,4512.16,249
2025.12.26,14:52,4512.12,4513.34,4511.90,4512.09,228
2025.12.26,14:53,4512.11,4512.11,4510.97,4511.30,384
2025.12.26,14:54,4511.31,4512.08,4511.19,4511.63,363
2025.12.26,14:55,4511.62,4512.07,4511.12,4511.35,408
2025.12.26,14:56,4511.29,4511.82,4510.25,4510.91,306
2025.12.26,14:57,4510.91,4511.91,4510.40,4511.76,551
2025.12.26,14:58,4511.78,4511.94,4511.17,4511.40,394
2025.12.26,14:59,4511.38,4511.39,4506.38,4508.87,850
2025.12.26,15:00,4508.85,4510.29,4504.06,4510.14,2246
2025.12.26,15:01,4510.26,4514.22,4510.13,4513.28,1309
2025.12.26,15:02,4513.21,4513.23,4509.64,4511.40,1766
2025.12.26,15:03,4511.52,4513.60,4511.32,4513.46,1145
2025.12.26,15:04,4513.42,4515.24,4513.29,4514.36,829
2025.12.26,15:05,4514.12,4515.23,4512.97,4514.37,940
2025.12.26,15:06,4514.36,4515.20,4511.06,4511.32,749
2025.12.26,15:07,4511.35,4513.30,4510.36,4512.62,925
2025.12.26,15:08,4512.72,4513.84,4510.21,4510.62,856
2025.12.26,15:09,4510.60,4513.46,4509.47,4513.41,1270
2025.12.26,15:10,4513.37,4514.08,4512.17,4513.80,716
2025.12.26,15:11,4513.77,4514.60,4512.58,4512.92,1050
2025.12.26,15:12,4513.02,4513.73,4512.53,4512.88,950
2025.12.26,15:13,4512.89,4514.35,4512.69,4513.78,1043
2025.12.26,15:14,4513.78,4514.98,4513.60,4514.47,718
2025.12.26,15:15,4514.46,4515.15,4514.02,4514.74,741
2025.12.26,15:16,4514.76,4515.90,4514.50,4515.47,630
2025.12.26,15:17,4515.45,4516.98,4515.33,4516.60,643
2025.12.26,15:18,4516.51,4516.58,4514.88,4515.94,650
2025.12.26,15:19,4515.89,4516.00,4514.09,4515.05,654
2025.12.26,15:20,4515.02,4515.10,4512.62,4513.50,867
2025.12.26,15:21,4513.52,4514.89,4513.02,4514.44,883
2025.12.26,15:22,4514.43,4516.25,4514.43,4516.16,746
2025.12.26,15:23,4516.18,4516.32,4514.73,4514.83,838
2025.12.26,15:24,4514.87,4518.66,4514.19,4518.27,823
2025.12.26,15:25,4518.07,4519.81,4517.73,4517.83,674
2025.12.26,15:26,4517.83,4519.01,4517.29,4517.61,568
2025.12.26,15:27,4517.62,4518.16,4516.41,4517.32,401
2025.12.26,15:28,4517.30,4517.43,4515.88,4516.63,438
2025.12.26,15:29,4516.56,4518.02,4516.14,4517.93,396
2025.12.26,15:30,4517.90,4521.78,4517.90,4519.16,597
2025.12.26,15:31,4519.14,4521.49,4518.82,4520.73,683
2025.12.26,15:32,4520.74,4522.75,4520.34,4520.65,551
2025.12.26,15:33,4520.61,4520.80,4519.19,4520.05,451
2025.12.26,15:34,4520.06,4520.06,4518.21,4518.49,639
2025.12.26,15:35,4518.48,4520.48,4517.97,4520.48,579
2025.12.26,15:36,4520.31,4522.13,4520.06,4521.13,450
2025.12.26,15:37,4521.40,4523.53,4521.23,4522.95,597
2025.12.26,15:38,4522.98,4524.25,4521.52,4522.94,744
2025.12.26,15:39,4522.88,4524.30,4522.56,4523.72,660
2025.12.26,15:40,4523.73,4526.34,4523.08,4526.26,477
2025.12.26,15:41,4526.42,4528.28,4524.83,4525.13,746
2025.12.26,15:42,4525.12,4525.93,4523.96,4524.45,620
2025.12.26,15:43,4524.22,4525.10,4523.05,4523.45,568
2025.12.26,15:44,4523.44,4524.30,4521.67,4521.77,504
2025.12.26,15:45,4521.88,4522.61,4520.40,4520.77,731
2025.12.26,15:46,4520.55,4523.31,4519.79,4522.26,833
2025.12.26,15:47,4522.21,4522.38,4520.88,4521.82,602
2025.12.26,15:48,4521.78,4522.35,4519.62,4519.62,691
2025.12.26,15:49,4519.61,4519.94,4517.93,4517.96,999
2025.12.26,15:50,4518.09,4518.51,4514.95,4517.97,974
2025.12.26,15:51,4518.02,4519.91,4516.10,4519.52,1004
2025.12.26,15:52,4519.58,4520.38,4518.81,4519.29,666
2025.12.26,15:53,4519.35,4520.74,4518.77,4520.14,957
2025.12.26,15:54,4520.15,4521.20,4519.89,4520.84,893
2025.12.26,15:55,4520.87,4522.01,4520.47,4521.66,823
2025.12.26,15:56,4521.56,4524.18,4521.40,4523.90,835
2025.12.26,15:57,4523.85,4524.64,4522.90,4523.23,710
2025.12.26,15:58,4523.21,4525.27,4523.07,4524.90,649
2025.12.26,15:59,4525.01,4525.83,4524.51,4525.01,500
2025.12.26,16:00,4524.98,4526.88,4524.95,4525.63,895
2025.12.26,16:01,4525.60,4526.90,4525.49,4525.79,854
2025.12.26,16:02,4525.80,4526.39,4523.04,4523.37,672
2025.12.26,16:03,4523.35,4526.53,4522.42,4525.28,728
2025.12.26,16:04,4525.31,4526.72,4524.84,4526.34,616
2025.12.26,16:05,4526.26,4526.45,4524.19,4524.69,708
2025.12.26,16:06,4524.75,4526.45,4524.04,4524.34,486
2025.12.26,16:07,4524.33,4526.08,4524.28,4525.45,661
2025.12.26,16:08,4525.51,4526.01,4524.29,4524.51,657
2025.12.26,16:09,4524.53,4525.07,4523.98,4525.00,399
2025.12.26,16:10,4525.02,4525.13,4522.42,4523.66,310
2025.12.26,16:11,4523.64,4524.58,4522.60,4522.97,320
2025.12.26,16:12,4522.99,4524.19,4522.97,4524.15,313
2025.12.26,16:13,4524.11,4526.86,4524.09,4526.66,440
2025.12.26,16:14,4526.69,4526.92,4524.73,4525.43,606
2025.12.26,16:15,4525.71,4526.61,4524.45,4524.88,556
2025.12.26,16:16,4524.84,4526.37,4524.39,4524.55,503
2025.12.26,16:17,4524.58,4526.40,4524.35,4524.51,427
2025.12.26,16:18,4524.50,4524.86,4523.40,4524.64,450
2025.12.26,16:19,4524.66,4526.09,4524.39,4524.79,495
2025.12.26,16:20,4524.81,4526.59,4524.48,4525.53,610
2025.12.26,16:21,4525.51,4525.92,4523.15,4523.23,421
2025.12.26,16:22,4523.28,4524.57,4523.10,4523.77,523
2025.12.26,16:23,4523.75,4524.77,4523.75,4524.09,405
2025.12.26,16:24,4524.09,4525.80,4524.07,4524.19,337
2025.12.26,16:25,4524.21,4525.56,4523.56,4525.30,547
2025.12.26,16:26,4525.13,4527.58,4524.99,4527.19,559
2025.12.26,16:27,4527.18,4529.98,4527.18,4528.83,776
2025.12.26,16:28,4528.89,4529.83,4526.49,4526.69,546
2025.12.26,16:29,4526.76,4529.38,4526.26,4529.38,690
2025.12.26,16:30,4529.28,4529.43,4523.60,4525.22,1184
2025.12.26,16:31,4525.14,4529.18,4523.74,4527.68,1269
2025.12.26,16:32,4527.58,4528.53,4525.06,4526.59,916
2025.12.26,16:33,4526.62,4530.86,4525.29,4530.08,1219
2025.12.26,16:34,4530.15,4533.21,4530.15,4531.13,884
2025.12.26,16:35,4531.21,4531.68,4528.21,4528.75,861
2025.12.26,16:36,4528.75,4530.66,4527.30,4527.72,878
2025.12.26,16:37,4527.62,4528.07,4525.11,4526.92,1099
2025.12.26,16:38,4526.83,4530.35,4526.53,4528.14,883
2025.12.26,16:39,4528.30,4528.35,4523.53,4525.06,1109
2025.12.26,16:40,4524.99,4527.29,4523.43,4523.60,1361
2025.12.26,16:41,4523.51,4525.78,4521.01,4521.72,1573
2025.12.26,16:42,4521.73,4523.95,4519.71,4523.73,1480
2025.12.26,16:43,4523.84,4523.85,4519.15,4522.48,1465
2025.12.26,16:44,4522.29,4522.92,4518.86,4521.06,1385
2025.12.26,16:45,4521.04,4522.41,4519.43,4520.68,1309
2025.12.26,16:46,4520.62,4523.54,4519.48,4521.08,1090
2025.12.26,16:47,4521.06,4521.46,4515.34,4516.65,1211
2025.12.26,16:48,4516.70,4517.89,4513.91,4516.51,1465
2025.12.26,16:49,4516.54,4517.65,4514.43,4517.45,1163
2025.12.26,16:50,4517.44,4520.10,4516.69,4517.79,1392
2025.12.26,16:51,4517.81,4518.91,4513.61,4513.61,1588
2025.12.26,16:52,4513.56,4517.06,4512.60,4516.93,1706
2025.12.26,16:53,4517.02,4518.32,4515.19,4516.62,1061
2025.12.26,16:54,4516.56,4516.96,4515.01,4516.28,1316
2025.12.26,16:55,4516.23,4521.35,4515.95,4521.07,933
2025.12.26,16:56,4521.08,4522.73,4520.47,4521.79,983
2025.12.26,16:57,4521.76,4523.91,4521.34,4523.86,762
2025.12.26,16:58,4523.73,4526.55,4522.22,4522.78,1345
2025.12.26,16:59,4522.79,4524.71,4520.84,4520.87,910
2025.12.26,17:00,4520.95,4525.48,4519.48,4522.29,1227
2025.12.26,17:01,4522.26,4524.03,4521.27,4523.78,1349
2025.12.26,17:02,4523.76,4524.45,4521.38,4523.28,1351
2025.12.26,17:03,4523.55,4525.47,4523.21,4523.52,871
2025.12.26,17:04,4523.34,4525.96,4522.81,4524.48,762
2025.12.26,17:05,4524.67,4526.03,4524.19,4525.32,876
2025.12.26,17:06,4525.48,4528.86,4524.93,4528.57,1069
2025.12.26,17:07,4528.38,4529.45,4526.89,4526.95,976
2025.12.26,17:08,4526.97,4527.67,4524.82,4526.94,897
2025.12.26,17:09,4527.02,4528.53,4526.58,4527.95,730
2025.12.26,17:10,4527.97,4530.04,4526.78,4526.84,839
2025.12.26,17:11,4526.89,4527.63,4525.63,4527.55,912
2025.12.26,17:12,4527.54,4529.23,4526.62,4528.47,930
2025.12.26,17:13,4528.51,4530.19,4527.86,4528.43,786
2025.12.26,17:14,4528.38,4528.58,4526.17,4526.76,882
2025.12.26,17:15,4526.81,4528.90,4525.69,4527.99,612
2025.12.26,17:16,4527.98,4528.46,4526.36,4526.56,630
2025.12.26,17:17,4526.62,4528.64,4526.48,4527.69,604
2025.12.26,17:18,4527.68,4529.10,4527.02,4528.85,757
2025.12.26,17:19,4528.87,4528.87,4526.83,4527.86,580
2025.12.26,17:20,4527.87,4529.47,4526.80,4529.32,561
2025.12.26,17:21,4529.58,4530.12,4528.08,4528.85,554
2025.12.26,17:22,4529.02,4529.58,4526.51,4527.66,940
2025.12.26,17:23,4527.68,4529.67,4527.23,4528.82,642
2025.12.26,17:24,4528.83,4530.69,4528.34,4530.02,509
2025.12.26,17:25,4529.97,4530.58,4528.71,4530.20,516
2025.12.26,17:26,4530.31,4531.23,4529.99,4530.21,505
2025.12.26,17:27,4530.15,4533.53,4529.98,4532.19,826
2025.12.26,17:28,4532.15,4534.09,4531.77,4533.19,669
2025.12.26,17:29,4533.20,4534.06,4532.51,4533.35,548
2025.12.26,17:30,4533.23,4534.22,4531.64,4533.58,718
2025.12.26,17:31,4533.60,4535.22,4533.33,4534.59,563
2025.12.26,17:32,4534.60,4538.63,4534.04,4538.40,745
2025.12.26,17:33,4538.34,4539.28,4537.48,4539.03,730
2025.12.26,17:34,4539.02,4540.77,4537.71,4538.99,683
2025.12.26,17:35,4538.99,4540.43,4537.54,4538.82,725
2025.12.26,17:36,4538.74,4539.34,4537.39,4538.83,524
2025.12.26,17:37,4538.56,4545.41,4538.11,4545.37,858
2025.12.26,17:38,4545.37,4545.68,4542.48,4543.06,696
2025.12.26,17:39,4542.75,4544.58,4541.04,4541.32,567
2025.12.26,17:40,4541.47,4541.60,4537.90,4539.06,652
2025.12.26,17:41,4539.32,4539.70,4536.39,4537.54,772
2025.12.26,17:42,4537.52,4539.83,4536.84,4537.01,693
2025.12.26,17:43,4536.96,4537.19,4534.98,4535.94,784
2025.12.26,17:44,4535.94,4538.38,4535.42,4537.80,716
2025.12.26,17:45,4537.81,4540.33,4537.75,4540.04,694
2025.12.26,17:46,4540.11,4541.18,4538.91,4538.95,515
2025.12.26,17:47,4538.99,4541.20,4538.90,4539.43,530
2025.12.26,17:48,4539.48,4540.19,4537.39,4540.19,716
2025.12.26,17:49,4540.40,4544.30,4539.71,4544.27,689
2025.12.26,17:50,4544.37,4545.08,4542.34,4542.78,659
2025.12.26,17:51,4542.88,4543.79,4541.74,4543.53,427
2025.12.26,17:52,4543.55,4544.76,4542.08,4542.35,564
2025.12.26,17:53,4542.33,4543.37,4541.51,4542.31,462
2025.12.26,17:54,4542.28,4543.47,4540.71,4541.07,596
2025.12.26,17:55,4541.10,4543.68,4540.56,4543.57,519
2025.12.26,17:56,4543.60,4547.63,4542.95,4545.45,753
2025.12.26,17:57,4545.55,4547.01,4545.16,4546.81,586
2025.12.26,17:58,4546.88,4547.03,4544.74,4545.82,608
2025.12.26,17:59,4545.79,4547.23,4544.89,4546.58,475
2025.12.26,18:00,4546.62,4547.56,4544.28,4545.16,544
2025.12.26,18:01,4545.17,4546.15,4544.91,4545.33,515
2025.12.26,18:02,4545.34,4546.06,4544.79,4545.39,435
2025.12.26,18:03,4545.43,4547.00,4544.49,4546.78,457
2025.12.26,18:04,4546.80,4549.11,4546.50,4548.74,541
2025.12.26,18:05,4548.77,4549.76,4547.00,4547.29,624
2025.12.26,18:06,4547.29,4548.06,4546.41,4547.79,468
2025.12.26,18:07,4547.78,4549.75,4547.78,4549.45,643
2025.12.26,18:08,4549.58,4550.16,4547.21,4548.29,608
2025.12.26,18:09,4548.32,4549.15,4546.35,4547.04,766
2025.12.26,18:10,4547.16,4547.65,4545.20,4545.76,492
2025.12.26,18:11,4545.78,4545.79,4541.98,4542.42,610
2025.12.26,18:12,4542.40,4542.52,4539.14,4539.25,1580
2025.12.26,18:13,4539.24,4539.75,4536.20,4537.06,1317
2025.12.26,18:14,4537.13,4539.88,4534.68,4539.08,1268
2025.12.26,18:15,4539.06,4539.97,4537.10,4537.94,1183
2025.12.26,18:16,4537.95,4541.49,4537.50,4538.65,1481
2025.12.26,18:17,4538.62,4541.17,4537.85,4539.98,1133
2025.12.26,18:18,4540.01,4541.28,4539.25,4541.28,785
2025.12.26,18:19,4541.27,4544.17,4540.91,4542.78,660
2025.12.26,18:20,4542.67,4544.10,4540.88,4543.39,673
2025.12.26,18:21,4543.40,4544.45,4542.52,4542.89,680
2025.12.26,18:22,4542.86,4543.87,4541.79,4542.63,641
2025.12.26,18:23,4542.84,4544.13,4542.08,4542.98,571
2025.12.26,18:24,4542.86,4544.82,4542.13,4542.55,851
2025.12.26,18:25,4542.56,4543.12,4540.65,4541.61,601
2025.12.26,18:26,4541.60,4542.85,4540.86,4541.16,545
2025.12.26,18:27,4541.37,4544.67,4540.63,4543.80,649
2025.12.26,18:28,4543.78,4546.09,4542.89,4545.75,588
2025.12.26,18:29,4545.82,4547.11,4545.21,4545.76,589
2025.12.26,18:30,4545.85,4546.31,4540.89,4541.83,606
2025.12.26,18:31,4541.76,4543.84,4540.30,4541.75,614
2025.12.26,18:32,4541.83,4543.64,4541.82,4543.21,564
2025.12.26,18:33,4542.89,4545.13,4542.87,4543.92,452
2025.12.26,18:34,4543.79,4544.20,4541.31,4541.65,586
2025.12.26,18:35,4541.62,4542.89,4541.53,4541.89,423
2025.12.26,18:36,4541.86,4544.27,4541.46,4541.91,541
2025.12.26,18:37,4541.92,4542.32,4540.46,4541.12,453
2025.12.26,18:38,4541.15,4544.47,4540.72,4541.83,803
2025.12.26,18:39,4541.84,4542.17,4539.68,4541.95,679
2025.12.26,18:40,4541.96,4542.87,4540.68,4542.03,623
2025.12.26,18:41,4542.13,4542.29,4538.94,4540.12,544
2025.12.26,18:42,4540.14,4540.95,4539.19,4540.85,418
2025.12.26,18:43,4540.77,4541.49,4539.93,4540.66,663
2025.12.26,18:44,4540.67,4541.20,4539.07,4539.52,514
2025.12.26,18:45,4539.54,4539.98,4538.39,4538.79,462
2025.12.26,18:46,4538.80,4540.81,4538.78,4540.18,945
2025.12.26,18:47,4540.15,4541.03,4539.36,4540.78,1059
2025.12.26,18:48,4540.82,4541.55,4537.44,4538.18,829
2025.12.26,18:49,4538.27,4538.75,4536.32,4538.23,694
2025.12.26,18:50,4538.05,4538.42,4536.12,4537.72,839
2025.12.26,18:51,4537.76,4537.99,4534.48,4534.48,622
2025.12.26,18:52,4534.46,4534.62,4531.49,4532.64,955
2025.12.26,18:53,4532.59,4536.88,4531.54,4536.57,675
2025.12.26,18:54,4536.62,4537.15,4534.15,4536.74,1037
2025.12.26,18:55,4536.73,4539.87,4535.74,4539.61,708
2025.12.26,18:56,4539.63,4541.02,4539.11,4539.45,580
2025.12.26,18:57,4539.40,4542.40,4538.81,4541.86,674
2025.12.26,18:58,4541.77,4543.28,4539.02,4539.51,845
2025.12.26,18:59,4539.56,4540.31,4535.78,4536.35,724
2025.12.26,19:00,4536.38,4537.46,4534.78,4534.85,747
2025.12.26,19:01,4534.84,4537.13,4534.20,4535.33,568
2025.12.26,19:02,4535.38,4536.29,4532.63,4532.93,528
2025.12.26,19:03,4532.98,4534.94,4532.44,4532.49,580
2025.12.26,19:04,4532.50,4534.84,4531.97,4533.52,553
2025.12.26,19:05,4533.55,4533.79,4532.10,4532.80,509
2025.12.26,19:06,4532.70,4535.58,4532.70,4535.15,473
2025.12.26,19:07,4535.08,4536.66,4534.39,4535.45,530
2025.12.26,19:08,4535.51,4537.35,4534.86,4535.54,620
2025.12.26,19:09,4535.56,4536.28,4533.77,4534.50,504
2025.12.26,19:10,4534.52,4535.91,4533.97,4535.33,429
2025.12.26,19:11,4535.36,4536.37,4533.91,4534.19,384
2025.12.26,19:12,4534.18,4534.23,4532.57,4533.64,542
2025.12.26,19:13,4533.59,4533.60,4530.45,4531.82,409
2025.12.26,19:14,4531.81,4531.88,4525.45,4526.21,635
2025.12.26,19:15,4526.26,4526.44,4524.20,4524.99,859
2025.12.26,19:16,4525.01,4525.53,4523.14,4524.68,964
2025.12.26,19:17,4524.70,4526.63,4523.14,4526.07,849
2025.12.26,19:18,4526.03,4527.97,4526.00,4527.16,762
2025.12.26,19:19,4527.13,4528.23,4525.96,4526.23,488
2025.12.26,19:20,4526.24,4527.22,4520.16,4520.67,951
2025.12.26,19:21,4520.65,4522.94,4519.14,4521.02,867
2025.12.26,19:22,4521.02,4524.26,4519.95,4524.12,829
2025.12.26,19:23,4524.33,4525.61,4522.84,4523.27,636
2025.12.26,19:24,4523.22,4523.38,4521.16,4523.03,731
2025.12.26,19:25,4523.04,4525.98,4523.03,4524.89,660
2025.12.26,19:26,4525.14,4525.21,4522.62,4524.10,624
2025.12.26,19:27,4523.99,4524.35,4519.27,4520.48,811
2025.12.26,19:28,4520.36,4522.26,4519.48,4521.75,650
2025.12.26,19:29,4521.74,4522.60,4516.69,4518.15,696
2025.12.26,19:30,4518.11,4520.35,4516.45,4516.63,844
2025.12.26,19:31,4516.68,4516.68,4512.56,4514.55,972
2025.12.26,19:32,4514.45,4517.24,4513.88,4515.86,821
2025.12.26,19:33,4515.89,4517.52,4511.41,4512.06,878
2025.12.26,19:34,4512.08,4514.06,4509.43,4512.50,851
2025.12.26,19:35,4512.49,4514.44,4510.83,4512.87,810
2025.12.26,19:36,4512.84,4515.28,4511.76,4514.71,774
2025.12.26,19:37,4514.76,4516.87,4514.65,4515.49,1100
2025.12.26,19:38,4515.50,4517.80,4515.16,4517.74,815
2025.12.26,19:39,4517.76,4519.50,4517.09,4518.85,543
2025.12.26,19:40,4519.01,4519.25,4514.64,4515.13,1049
2025.12.26,19:41,4515.04,4519.48,4514.92,4518.87,915
2025.12.26,19:42,4518.86,4519.36,4517.15,4518.16,546
2025.12.26,19:43,4518.19,4518.26,4515.62,4517.09,630
2025.12.26,19:44,4517.08,4517.08,4514.64,4516.47,617
2025.12.26,19:45,4516.45,4517.83,4515.37,4517.57,744
2025.12.26,19:46,4517.68,4521.13,4517.62,4520.79,877
2025.12.26,19:47,4520.80,4523.51,4520.74,4523.37,515
2025.12.26,19:48,4523.54,4524.28,4522.12,4523.41,664
2025.12.26,19:49,4523.51,4524.60,4521.59,4522.30,695
2025.12.26,19:50,4522.12,4522.12,4519.36,4521.48,581
2025.12.26,19:51,4521.48,4522.15,4520.59,4521.24,771
2025.12.26,19:52,4521.24,4523.01,4521.04,4522.05,609
2025.12.26,19:53,4522.02,4522.20,4517.36,4517.43,525
2025.12.26,19:54,4517.44,4517.74,4512.26,4514.05,745
2025.12.26,19:55,4514.08,4517.62,4513.38,4517.42,906
2025.12.26,19:56,4517.40,4517.64,4514.92,4515.33,735
2025.12.26,19:57,4515.36,4517.52,4515.21,4516.68,603
2025.12.26,19:58,4516.85,4518.26,4516.67,4517.40,460
2025.12.26,19:59,4517.43,4519.21,4517.21,4518.95,499
2025.12.26,20:00,4518.96,4518.96,4516.70,4518.36,718
2025.12.26,20:01,4518.32,4520.75,4518.08,4518.51,438
2025.12.26,20:02,4518.38,4518.68,4516.55,4518.36,818
2025.12.26,20:03,4518.39,4520.22,4518.22,4519.64,624
2025.12.26,20:04,4519.67,4521.34,4519.28,4519.40,425
2025.12.26,20:05,4519.43,4520.93,4518.80,4519.76,334
2025.12.26,20:06,4519.71,4520.73,4519.33,4519.46,437
2025.12.26,20:07,4519.47,4520.36,4516.91,4517.51,614
2025.12.26,20:08,4517.47,4518.19,4515.08,4516.87,634
2025.12.26,20:09,4517.00,4517.39,4515.51,4515.88,536
2025.12.26,20:10,4515.87,4516.89,4514.55,4516.10,830
2025.12.26,20:11,4516.15,4518.65,4515.09,4518.04,898
2025.12.26,20:12,4518.07,4518.66,4516.80,4517.05,604
2025.12.26,20:13,4517.06,4517.80,4516.26,4516.49,750
2025.12.26,20:14,4516.50,4518.03,4516.31,4517.43,644
2025.12.26,20:15,4517.47,4517.73,4515.92,4517.04,460
2025.12.26,20:16,4517.04,4518.48,4515.82,4517.66,410
2025.12.26,20:17,4517.63,4518.70,4516.66,4518.33,469
2025.12.26,20:18,4518.47,4519.47,4517.76,4518.14,669
2025.12.26,20:19,4518.19,4518.76,4517.36,4517.92,465
2025.12.26,20:20,4518.04,4522.26,4517.88,4521.59,1011
2025.12.26,20:21,4521.68,4522.12,4520.15,4520.59,487
2025.12.26,20:22,4520.78,4521.19,4519.25,4520.58,592
2025.12.26,20:23,4520.60,4520.85,4518.52,4519.60,795
2025.12.26,20:24,4519.66,4522.95,4519.66,4522.10,856
2025.12.26,20:25,4522.06,4522.06,4519.41,4520.24,680
2025.12.26,20:26,4520.28,4523.89,4519.77,4523.86,792
2025.12.26,20:27,4523.80,4524.43,4522.71,4522.91,747
2025.12.26,20:28,4522.89,4523.68,4520.81,4521.38,617
2025.12.26,20:29,4521.45,4521.84,4518.24,4518.89,1089
2025.12.26,20:30,4518.76,4520.19,4516.85,4517.34,525
2025.12.26,20:31,4517.38,4519.64,4515.98,4517.43,547
2025.12.26,20:32,4517.45,4520.94,4517.13,4520.31,677
2025.12.26,20:33,4520.37,4520.39,4518.06,4519.21,442
2025.12.26,20:34,4519.14,4521.51,4518.35,4520.66,436
2025.12.26,20:35,4520.68,4521.20,4520.00,4520.49,391
2025.12.26,20:36,4520.50,4522.65,4520.28,4521.84,533
2025.12.26,20:37,4521.78,4522.83,4521.60,4522.19,487
2025.12.26,20:38,4522.14,4523.05,4520.76,4521.48,463
2025.12.26,20:39,4521.51,4522.54,4521.38,4522.42,309
2025.12.26,20:40,4522.41,4524.12,4522.41,4524.01,450
2025.12.26,20:41,4524.24,4528.94,4523.97,4528.69,548
2025.12.26,20:42,4528.72,4530.41,4528.07,4528.57,606
2025.12.26,20:43,4528.52,4529.78,4527.94,4529.31,688
2025.12.26,20:44,4529.29,4530.21,4528.27,4529.44,530
2025.12.26,20:45,4529.48,4530.48,4527.45,4527.57,589
2025.12.26,20:46,4527.58,4529.07,4527.25,4527.54,574
2025.12.26,20:47,4527.59,4529.41,4527.59,4529.19,438
2025.12.26,20:48,4529.15,4530.32,4529.10,4530.11,319
2025.12.26,20:49,4530.11,4530.44,4529.39,4529.73,375
2025.12.26,20:50,4529.76,4530.69,4529.21,4530.27,384
2025.12.26,20:51,4530.30,4530.99,4528.82,4529.68,383
2025.12.26,20:52,4529.67,4530.20,4529.13,4530.13,296
2025.12.26,20:53,4530.15,4532.84,4530.11,4531.96,548
2025.12.26,20:54,4531.98,4532.37,4531.35,4531.94,378
2025.12.26,20:55,4531.68,4532.04,4529.68,4529.97,435
2025.12.26,20:56,4529.97,4530.89,4529.58,4530.27,432
2025.12.26,20:57,4530.23,4530.37,4528.17,4529.72,489
2025.12.26,20:58,4529.76,4530.54,4528.88,4530.29,436
2025.12.26,20:59,4530.29,4531.25,4530.16,4530.78,383
2025.12.26,21:00,4530.84,4531.37,4527.91,4528.15,407
2025.12.26,21:01,4528.18,4528.58,4526.61,4526.99,508
2025.12.26,21:02,4527.00,4527.00,4524.78,4524.88,469
2025.12.26,21:03,4524.90,4526.38,4524.58,4526.34,597
2025.12.26,21:04,4526.40,4527.67,4526.36,4527.35,281
2025.12.26,21:05,4527.15,4528.91,4527.12,4528.34,391
2025.12.26,21:06,4528.24,4528.36,4526.92,4527.71,479
2025.12.26,21:07,4527.72,4528.47,4526.98,4527.34,444
2025.12.26,21:08,4527.40,4528.56,4527.03,4527.94,337
2025.12.26,21:09,4528.02,4529.12,4527.51,4528.77,347
2025.12.26,21:10,4528.81,4529.88,4528.75,4529.38,287
2025.12.26,21:11,4529.37,4531.91,4529.10,4530.43,430
2025.12.26,21:12,4530.44,4531.21,4529.95,4530.92,262
2025.12.26,21:13,4530.95,4532.25,4530.93,4532.23,217
2025.12.26,21:14,4532.19,4534.38,4532.19,4533.68,521
2025.12.26,21:15,4533.67,4534.26,4533.36,4533.95,429
2025.12.26,21:16,4533.96,4534.51,4532.90,4533.58,429
2025.12.26,21:17,4533.52,4535.01,4533.49,4534.23,509
2025.12.26,21:18,4534.30,4535.37,4532.55,4535.10,504
2025.12.26,21:19,4535.21,4535.68,4534.18,4535.52,567
2025.12.26,21:20,4535.45,4535.63,4534.76,4535.31,317
2025.12.26,21:21,4535.32,4535.32,4533.84,4534.21,364
2025.12.26,21:22,4534.23,4534.49,4533.21,4533.76,343
2025.12.26,21:23,4533.75,4534.03,4531.50,4532.28,413
2025.12.26,21:24,4532.33,4532.52,4531.43,4531.91,350
2025.12.26,21:25,4531.89,4532.83,4531.73,4532.23,348
2025.12.26,21:26,4532.26,4532.60,4531.62,4531.99,339
2025.12.26,21:27,4532.01,4532.15,4529.99,4530.48,378
2025.12.26,21:28,4530.51,4530.51,4528.54,4528.90,533
2025.12.26,21:29,4528.90,4529.77,4528.72,4529.75,427
2025.12.26,21:30,4529.56,4530.31,4527.81,4528.27,339
2025.12.26,21:31,4528.35,4528.47,4525.15,4525.47,448
2025.12.26,21:32,4525.43,4526.51,4525.42,4525.84,297
2025.12.26,21:33,4525.87,4526.76,4525.16,4526.23,323
2025.12.26,21:34,4526.27,4526.32,4524.69,4525.35,336
2025.12.26,21:35,4525.33,4525.39,4522.31,4522.47,424
2025.12.26,21:36,4522.48,4523.00,4521.87,4522.16,345
2025.12.26,21:37,4522.14,4523.16,4521.85,4522.88,380
2025.12.26,21:38,4522.88,4523.76,4522.40,4522.95,309
2025.12.26,21:39,4522.97,4525.00,4522.67,4524.45,410
2025.12.26,21:40,4524.42,4524.79,4522.74,4522.78,295
2025.12.26,21:41,4522.81,4524.94,4522.78,4524.76,285
2025.12.26,21:42,4524.77,4526.70,4524.72,4526.69,315
2025.12.26,21:43,4526.70,4527.24,4524.87,4525.30,362
2025.12.26,21:44,4525.29,4525.56,4524.57,4525.11,564
2025.12.26,21:45,4525.10,4526.81,4524.90,4526.09,448
2025.12.26,21:46,4526.06,4526.77,4525.77,4526.02,366
2025.12.26,21:47,4526.01,4526.62,4524.87,4525.42,486
2025.12.26,21:48,4525.40,4525.61,4523.76,4524.11,352
2025.12.26,21:49,4524.04,4524.29,4522.23,4522.37,433
2025.12.26,21:50,4522.31,4523.08,4521.24,4522.23,327
2025.12.26,21:51,4522.33,4523.26,4521.25,4521.59,368
2025.12.26,21:52,4521.61,4522.75,4520.93,4522.00,344
2025.12.26,21:53,4521.93,4522.00,4521.12,4521.45,279
2025.12.26,21:54,4521.45,4522.83,4521.20,4521.61,456
2025.12.26,21:55,4521.64,4521.91,4519.92,4520.42,451
2025.12.26,21:56,4520.44,4522.14,4520.39,4521.83,310
2025.12.26,21:57,4521.84,4522.91,4521.84,4522.55,317
2025.12.26,21:58,4522.50,4523.78,4522.06,4522.98,783
2025.12.26,21:59,4522.98,4523.68,4522.91,4523.63,457
2025.12.26,22:00,4523.68,4524.22,4522.64,4523.24,621
2025.12.26,22:01,4523.20,4525.83,4523.03,4525.72,921
2025.12.26,22:02,4525.70,4527.94,4525.01,4527.91,383
2025.12.26,22:03,4527.93,4528.14,4527.07,4527.74,374
2025.12.26,22:04,4527.62,4530.49,4526.59,4530.17,763
2025.12.26,22:05,4530.22,4532.19,4530.08,4530.47,904
2025.12.26,22:06,4530.48,4532.31,4529.75,4530.36,1133
2025.12.26,22:07,4530.40,4531.84,4530.28,4531.49,949
2025.12.26,22:08,4531.48,4532.12,4530.39,4530.55,1022
2025.12.26,22:09,4530.56,4531.78,4529.54,4530.93,808
2025.12.26,22:10,4530.92,4532.11,4530.66,4531.27,713
2025.12.26,22:11,4531.34,4531.80,4530.28,4531.70,459
2025.12.26,22:12,4531.71,4531.83,4530.55,4530.67,435
2025.12.26,22:13,4530.67,4532.61,4530.59,4532.10,453
2025.12.26,22:14,4532.27,4533.86,4531.96,4532.78,429
2025.12.26,22:15,4533.02,4534.98,4532.54,4534.13,441
2025.12.26,22:16,4534.18,4535.22,4532.92,4533.28,509
2025.12.26,22:17,4533.31,4533.79,4531.04,4532.28,399
2025.12.26,22:18,4532.18,4532.21,4529.27,4529.99,429
2025.12.26,22:19,4530.00,4530.05,4528.53,4528.87,345
2025.12.26,22:20,4528.92,4530.01,4526.40,4528.51,514
2025.12.26,22:21,4528.50,4530.13,4527.50,4529.56,464
2025.12.26,22:22,4529.70,4531.10,4524.14,4525.07,664
2025.12.26,22:23,4525.06,4528.00,4524.62,4525.24,959
2025.12.26,22:24,4525.23,4526.53,4524.72,4526.06,531
2025.12.26,22:25,4526.03,4526.35,4524.84,4525.15,460
2025.12.26,22:26,4525.19,4525.19,4521.51,4523.46,542
2025.12.26,22:27,4523.48,4523.65,4521.60,4522.83,568
2025.12.26,22:28,4522.83,4524.36,4522.29,4523.85,618
2025.12.26,22:29,4523.86,4523.86,4522.20,4523.51,474
2025.12.26,22:30,4523.63,4524.85,4522.94,4524.34,451
2025.12.26,22:31,4524.32,4526.49,4522.54,4526.21,586
2025.12.26,22:32,4526.03,4527.10,4525.55,4525.99,783
2025.12.26,22:33,4526.14,4526.69,4524.08,4524.94,550
2025.12.26,22:34,4524.94,4526.01,4524.23,4525.37,615
2025.12.26,22:35,4525.39,4526.68,4524.83,4525.51,771
2025.12.26,22:36,4525.68,4526.90,4524.66,4526.85,610
2025.12.26,22:37,4526.87,4527.55,4524.86,4525.53,705
2025.12.26,22:38,4525.35,4526.61,4525.04,4525.23,589
2025.12.26,22:39,4525.51,4528.59,4525.45,4528.29,511
2025.12.26,22:40,4528.21,4529.18,4527.71,4527.71,551
2025.12.26,22:41,4527.68,4527.96,4526.69,4527.12,355
2025.12.26,22:42,4527.13,4528.23,4526.06,4527.55,542
2025.12.26,22:43,4527.57,4529.72,4527.03,4529.64,709
2025.12.26,22:44,4529.64,4531.22,4529.47,4530.41,722
2025.12.26,22:45,4530.46,4531.03,4529.72,4530.17,346
2025.12.26,22:46,4530.21,4531.32,4529.71,4530.66,546
2025.12.26,22:47,4530.67,4530.69,4529.42,4530.54,508
2025.12.26,22:48,4530.61,4531.87,4530.51,4531.18,448
2025.12.26,22:49,4531.20,4531.38,4528.97,4529.52,429
2025.12.26,22:50,4529.53,4530.03,4528.38,4529.53,361
2025.12.26,22:51,4529.39,4529.44,4527.39,4528.40,380
2025.12.26,22:52,4528.40,4529.20,4527.16,4527.53,343
2025.12.26,22:53,4527.35,4527.90,4526.06,4526.23,322
2025.12.26,22:54,4526.02,4527.16,4526.02,4526.30,392
2025.12.26,22:55,4526.33,4529.56,4525.59,4529.10,623
2025.12.26,22:56,4529.15,4530.84,4529.15,4530.61,406
2025.12.26,22:57,4530.62,4531.59,4530.37,4531.42,389
2025.12.26,22:58,4531.45,4533.19,4531.19,4531.60,784
2025.12.26,22:59,4531.74,4533.38,4530.91,4531.02,521
2025.12.26,23:00,4530.86,4533.18,4530.86,4532.67,296
2025.12.26,23:01,4532.66,4532.76,4530.69,4530.93,213
2025.12.26,23:02,4530.85,4531.04,4528.36,4528.49,156
2025.12.26,23:03,4528.48,4529.79,4528.02,4529.69,139
2025.12.26,23:04,4529.57,4529.98,4528.59,4528.82,149
2025.12.26,23:05,4528.85,4529.40,4527.85,4529.12,145
2025.12.26,23:06,4529.01,4529.10,4527.96,4528.44,163
2025.12.26,23:07,4528.37,4529.77,4528.37,4529.74,182
2025.12.26,23:08,4529.73,4530.12,4528.84,4529.08,188
2025.12.26,23:09,4529.06,4529.06,4527.70,4528.50,127
2025.12.26,23:10,4528.48,4528.56,4528.11,4528.27,77
2025.12.26,23:11,4528.38,4529.94,4527.97,4529.31,246
2025.12.26,23:12,4529.24,4529.24,4527.45,4527.48,179
2025.12.26,23:13,4527.50,4528.06,4527.45,4528.06,71
2025.12.26,23:14,4528.03,4529.11,4528.03,4528.67,288
2025.12.26,23:15,4528.62,4529.66,4528.58,4529.56,243
2025.12.26,23:16,4529.52,4529.60,4528.77,4529.01,147
2025.12.26,23:17,4529.04,4529.81,4529.02,4529.62,128
2025.12.26,23:18,4529.63,4529.64,4529.09,4529.20,87
2025.12.26,23:19,4529.23,4529.26,4528.36,4528.94,96
2025.12.26,23:20,4528.96,4529.31,4528.57,4529.14,190
2025.12.26,23:21,4529.17,4529.19,4528.37,4528.51,75
2025.12.26,23:22,4528.55,4531.01,4528.54,4530.62,151
2025.12.26,23:23,4530.66,4531.78,4530.30,4530.35,213
2025.12.26,23:24,4530.31,4530.35,4529.73,4530.14,158
2025.12.26,23:25,4530.11,4531.73,4529.92,4531.39,191
2025.12.26,23:26,4531.38,4532.47,4531.38,4532.00,223
2025.12.26,23:27,4532.01,4532.15,4531.17,4531.92,148
2025.12.26,23:28,4531.93,4533.44,4531.77,4532.78,210
2025.12.26,23:29,4532.73,4532.73,4531.49,4531.50,292
2025.12.26,23:30,4531.52,4532.42,4531.07,4532.40,213
2025.12.26,23:31,4532.41,4532.82,4531.79,4532.42,252
2025.12.26,23:32,4532.38,4532.95,4531.77,4531.77,296
2025.12.26,23:33,4531.78,4533.72,4531.73,4533.66,200
2025.12.26,23:34,4533.66,4533.66,4532.92,4533.08,141
2025.12.26,23:35,4533.10,4533.26,4532.11,4532.63,180
2025.12.26,23:36,4532.64,4532.68,4531.29,4532.13,159
2025.12.26,23:37,4532.12,4534.59,4531.84,4534.30,206
2025.12.26,23:38,4534.22,4534.51,4533.68,4533.79,114
2025.12.26,23:39,4533.76,4533.90,4531.98,4532.16,257
2025.12.26,23:40,4532.19,4532.73,4531.50,4532.01,128
2025.12.26,23:41,4532.06,4532.26,4530.45,4530.81,151
2025.12.26,23:42,4530.81,4530.98,4529.41,4530.52,130
2025.12.26,23:43,4530.59,4531.63,4530.41,4531.23,203
2025.12.26,23:44,4530.98,4532.17,4530.67,4532.04,346
2025.12.26,23:45,4531.94,4532.79,4531.94,4532.61,287
2025.12.26,23:46,4532.63,4532.81,4532.16,4532.47,224
2025.12.26,23:47,4532.43,4534.18,4532.21,4533.95,214
2025.12.26,23:48,4533.67,4533.96,4532.28,4532.46,253
2025.12.26,23:49,4532.44,4532.97,4531.91,4532.04,105
2025.12.26,23:50,4532.02,4532.58,4529.97,4530.14,181
2025.12.26,23:51,4529.92,4530.75,4528.93,4530.56,215
2025.12.26,23:52,4530.60,4530.65,4530.07,4530.31,144
2025.12.26,23:53,4530.32,4531.96,4530.27,4531.88,165
2025.12.26,23:54,4531.95,4531.96,4531.16,4531.50,113
2025.12.26,23:55,4531.41,4531.75,4529.72,4530.21,127
2025.12.26,23:56,4530.30,4531.08,4530.08,4530.60,141
2025.12.26,23:57,4530.65,4532.23,4530.65,4532.16,147
2025.12.26,23:58,4532.20,4534.18,4531.87,4533.98,177
2025.12.26,23:59,4533.94,4533.94,4530.84,4531.17,175
2025.12.29,01:00,4538.00,4549.02,4535.06,4548.90,318
2025.12.29,01:01,4548.87,4548.87,4540.17,4542.71,361
2025.12.29,01:02,4542.98,4549.80,4542.98,4546.32,261
2025.12.29,01:03,4546.09,4546.24,4538.80,4541.20,300
2025.12.29,01:04,4541.19,4542.08,4539.58,4541.31,214
2025.12.29,01:05,4541.30,4546.02,4540.31,4541.96,274
2025.12.29,01:06,4542.08,4543.62,4540.07,4540.09,422
2025.12.29,01:07,4540.08,4543.29,4538.33,4542.03,550
2025.12.29,01:08,4541.99,4543.88,4540.18,4543.67,840
2025.12.29,01:09,4543.72,4544.35,4539.04,4540.88,685
2025.12.29,01:10,4541.03,4542.60,4539.28,4541.59,654
2025.12.29,01:11,4541.52,4541.68,4533.90,4535.66,1015
2025.12.29,01:12,4535.60,4536.64,4526.08,4527.15,1462
2025.12.29,01:13,4527.08,4532.38,4522.58,4529.93,1359
2025.12.29,01:14,4529.67,4534.73,4528.26,4533.64,1031
2025.12.29,01:15,4533.67,4538.02,4532.14,4537.38,1327
2025.12.29,01:16,4537.36,4541.07,4537.02,4539.84,674
2025.12.29,01:17,4539.63,4540.62,4535.09,4535.88,944
2025.12.29,01:18,4535.93,4541.06,4534.66,4539.18,970
2025.12.29,01:19,4539.14,4539.58,4535.49,4537.56,880
2025.12.29,01:20,4537.55,4538.78,4535.55,4536.66,946
2025.12.29,01:21,4536.54,4538.33,4535.15,4537.63,693
2025.12.29,01:22,4537.67,4540.23,4537.42,4538.13,784
2025.12.29,01:23,4538.13,4539.71,4536.37,4537.26,701
2025.12.29,01:24,4536.98,4540.75,4536.77,4540.48,729
2025.12.29,01:25,4540.46,4541.71,4536.74,4539.35,724
2025.12.29,01:26,4539.34,4541.41,4534.72,4535.10,557
2025.12.29,01:27,4535.12,4540.51,4534.70,4536.82,851
2025.12.29,01:28,4536.57,4539.54,4535.93,4538.29,845
2025.12.29,01:29,4538.25,4539.41,4535.80,4536.00,573
2025.12.29,01:30,4535.97,4536.91,4532.76,4536.77,1107
2025.12.29,01:31,4536.70,4537.63,4533.57,4535.02,1343
2025.12.29,01:32,4534.87,4538.94,4534.34,4538.85,1226
2025.12.29,01:33,4538.91,4539.87,4536.23,4537.44,673
2025.12.29,01:34,4537.36,4538.37,4535.51,4536.30,856
2025.12.29,01:35,4536.28,4536.55,4534.33,4534.91,753
2025.12.29,01:36,4534.90,4537.42,4534.37,4535.22,764
2025.12.29,01:37,4535.30,4536.74,4534.02,4534.20,534
2025.12.29,01:38,4534.16,4535.54,4533.79,4534.25,510
2025.12.29,01:39,4534.23,4535.37,4532.21,4532.42,699
2025.12.29,01:40,4532.39,4534.77,4530.56,4532.71,885
2025.12.29,01:41,4532.69,4534.82,4532.48,4534.37,798
2025.12.29,01:42,4534.39,4536.10,4534.30,4535.43,724
2025.12.29,01:43,4535.47,4535.69,4533.58,4533.69,597
2025.12.29,01:44,4533.72,4533.88,4531.79,4532.32,521
2025.12.29,01:45,4532.35,4534.53,4529.79,4532.37,1432
2025.12.29,01:46,4532.38,4533.13,4529.87,4531.09,867
2025.12.29,01:47,4531.12,4532.78,4530.78,4532.77,586
2025.12.29,01:48,4532.80,4534.56,4532.75,4533.87,581
2025.12.29,01:49,4533.88,4534.12,4529.70,4530.00,481
2025.12.29,01:50,4529.98,4533.89,4529.95,4532.24,691
2025.12.29,01:51,4532.23,4533.25,4527.38,4529.11,765
2025.12.29,01:52,4529.23,4529.90,4527.16,4528.03,562
2025.12.29,01:53,4528.01,4529.35,4525.55,4529.11,638
2025.12.29,01:54,4529.11,4530.34,4528.84,4529.75,289
2025.12.29,01:55,4529.82,4531.47,4529.09,4529.79,390
2025.12.29,01:56,4529.59,4530.91,4527.32,4527.77,440
2025.12.29,01:57,4527.76,4529.72,4525.25,4525.98,431
2025.12.29,01:58,4525.99,4528.06,4525.36,4527.74,562
2025.12.29,01:59,4527.75,4528.05,4525.71,4527.04,357
2025.12.29,02:00,4526.87,4527.98,4519.84,4524.54,1281
2025.12.29,02:01,4524.52,4524.84,4520.22,4520.28,1102
2025.12.29,02:02,4520.45,4521.20,4514.08,4520.43,2019
2025.12.29,02:03,4520.46,4521.71,4517.78,4519.03,886
2025.12.29,02:04,4518.79,4520.14,4516.94,4520.06,1182
2025.12.29,02:05,4520.28,4523.06,4519.16,4521.38,910
2025.12.29,02:06,4521.32,4525.54,4521.19,4525.21,901
2025.12.29,02:07,4525.23,4525.50,4521.99,4522.51,644
2025.12.29,02:08,4522.16,4524.75,4521.61,4523.81,781
2025.12.29,02:09,4524.05,4524.06,4522.27,4523.23,594
2025.12.29,02:10,4522.95,4524.08,4521.94,4523.18,592
2025.12.29,02:11,4523.16,4526.08,4522.31,4526.00,547
2025.12.29,02:12,4526.01,4526.29,4524.41,4524.88,500
2025.12.29,02:13,4524.90,4525.29,4523.09,4523.61,564
2025.12.29,02:14,4523.63,4524.21,4522.16,4523.91,406
2025.12.29,02:15,4523.75,4523.97,4520.51,4520.63,516
2025.12.29,02:16,4520.64,4521.77,4518.84,4519.16,718
2025.12.29,02:17,4519.21,4520.90,4515.09,4515.29,1031
2025.12.29,02:18,4515.31,4517.51,4511.76,4512.44,1632
2025.12.29,02:19,4512.19,4514.11,4510.44,4510.71,1553
2025.12.29,02:20,4510.65,4512.05,4503.79,4507.92,2188
2025.12.29,02:21,4507.93,4510.38,4503.02,4505.28,2228
2025.12.29,02:22,4505.26,4508.86,4496.28,4498.96,3391
2025.12.29,02:23,4498.68,4502.29,4493.80,4494.91,2040
2025.12.29,02:24,4494.99,4500.80,4493.29,4493.83,1811
2025.12.29,02:25,4493.84,4496.59,4492.95,4494.10,1174
2025.12.29,02:26,4494.06,4495.12,4485.45,4488.56,1199
2025.12.29,02:27,4488.34,4489.92,4482.41,4488.56,907
2025.12.29,02:28,4488.56,4491.25,4482.93,4484.55,1025
2025.12.29,02:29,4484.70,4487.54,4481.99,4487.01,889
2025.12.29,02:30,4487.19,4487.45,4471.80,4480.46,1083
2025.12.29,02:31,4480.45,4485.65,4480.10,4483.60,1122
2025.12.29,02:32,4483.62,4490.65,4481.60,4487.25,1060
2025.12.29,02:33,4487.34,4493.18,4486.06,4493.02,980
2025.12.29,02:34,4493.09,4497.05,4491.74,4496.58,756
2025.12.29,02:35,4496.77,4500.57,4494.36,4497.57,793
2025.12.29,02:36,4497.50,4501.51,4497.41,4500.83,546
2025.12.29,02:37,4500.99,4502.32,4499.43,4501.71,447
2025.12.29,02:38,4502.08,4502.11,4492.89,4494.12,757
2025.12.29,02:39,4494.19,4495.65,4492.17,4495.36,667
2025.12.29,02:40,4495.46,4503.10,4494.55,4502.41,572
2025.12.29,02:41,4502.39,4503.00,4500.63,4501.63,466
2025.12.29,02:42,4501.67,4501.77,4499.54,4501.61,458
2025.12.29,02:43,4501.64,4501.64,4494.51,4494.72,711
2025.12.29,02:44,4494.84,4497.14,4486.79,4489.62,808
2025.12.29,02:45,4489.65,4497.51,4489.23,4497.05,844
2025.12.29,02:46,4497.30,4497.53,4494.37,4494.64,524
2025.12.29,02:47,4494.99,4499.62,4493.35,4499.24,665
2025.12.29,02:48,4499.23,4504.49,4497.72,4504.22,560
2025.12.29,02:49,4504.24,4506.42,4502.68,4503.70,822
2025.12.29,02:50,4503.74,4505.46,4502.06,4503.45,742
2025.12.29,02:51,4503.38,4504.42,4498.62,4499.34,684
2025.12.29,02:52,4499.26,4501.27,4496.38,4500.81,624
2025.12.29,02:53,4500.83,4501.29,4498.20,4500.16,343
2025.12.29,02:54,4500.03,4500.31,4499.10,4499.52,269
2025.12.29,02:55,4499.51,4500.20,4496.94,4497.29,285
2025.12.29,02:56,4496.98,4501.25,4496.26,4501.01,492
2025.12.29,02:57,4501.13,4501.13,4498.35,4499.18,563
2025.12.29,02:58,4499.17,4501.93,4498.28,4501.19,349
2025.12.29,02:59,4501.26,4501.74,4497.00,4497.32,661
2025.12.29,03:00,4497.33,4498.69,4492.75,4493.77,1522
2025.12.29,03:01,4493.79,4502.33,4493.79,4499.10,1220
2025.12.29,03:02,4499.03,4505.17,4497.81,4501.22,1340
2025.12.29,03:03,4501.23,4507.89,4500.87,4503.92,1563
2025.12.29,03:04,4503.67,4506.51,4502.49,4504.83,1339
2025.12.29,03:05,4504.72,4505.56,4502.56,4505.09,830
2025.12.29,03:06,4504.90,4507.47,4503.78,4505.41,822
2025.12.29,03:07,4505.41,4507.65,4505.06,4505.71,843
2025.12.29,03:08,4505.84,4508.83,4505.84,4508.30,903
2025.12.29,03:09,4508.27,4510.41,4506.12,4507.59,904
2025.12.29,03:10,4507.70,4511.33,4506.99,4511.24,1227
2025.12.29,03:11,4511.26,4512.67,4509.19,4510.38,1023
2025.12.29,03:12,4510.24,4511.38,4506.79,4510.77,980
2025.12.29,03:13,4510.85,4514.82,4510.45,4513.11,640
2025.12.29,03:14,4513.06,4513.32,4510.92,4512.16,781
2025.12.29,03:15,4512.24,4515.39,4511.96,4514.76,649
2025.12.29,03:16,4514.81,4517.49,4513.63,4516.08,733
2025.12.29,03:17,4516.10,4516.64,4512.47,4512.61,671
2025.12.29,03:18,4512.62,4515.36,4512.41,4513.44,923
2025.12.29,03:19,4513.60,4513.79,4508.53,4509.98,1101
2025.12.29,03:20,4509.93,4513.83,4509.93,4512.11,776
2025.12.29,03:21,4512.10,4513.87,4511.09,4512.25,734
2025.12.29,03:22,4512.26,4512.63,4509.51,4511.15,735
2025.12.29,03:23,4511.23,4511.95,4508.42,4509.08,546
2025.12.29,03:24,4509.05,4509.60,4506.44,4507.90,566
2025.12.29,03:25,4507.76,4507.85,4502.63,4503.12,775
2025.12.29,03:26,4503.16,4504.74,4499.20,4500.49,809
2025.12.29,03:27,4500.53,4500.69,4496.46,4497.47,1127
2025.12.29,03:28,4497.57,4498.34,4495.66,4497.26,890
2025.12.29,03:29,4497.24,4500.26,4496.40,4499.74,724
2025.12.29,03:30,4499.84,4502.25,4497.70,4501.46,874
2025.12.29,03:31,4501.48,4503.91,4501.02,4501.44,1131
2025.12.29,03:32,4501.40,4502.95,4496.54,4496.97,766
2025.12.29,03:33,4497.06,4500.97,4496.90,4497.14,732
2025.12.29,03:34,4497.15,4502.22,4496.24,4502.16,825
2025.12.29,03:35,4502.06,4507.59,4501.98,4503.82,1085
2025.12.29,03:36,4503.77,4506.36,4502.57,4505.02,783
2025.12.29,03:37,4505.10,4505.10,4499.46,4500.99,1069
2025.12.29,03:38,4501.06,4503.65,4499.36,4501.83,972
2025.12.29,03:39,4501.83,4503.03,4498.79,4499.03,1330
2025.12.29,03:40,4499.03,4500.47,4497.28,4498.42,1082
2025.12.29,03:41,4498.64,4499.26,4493.23,4494.56,850
2025.12.29,03:42,4494.60,4496.07,4493.08,4493.54,775
2025.12.29,03:43,4493.60,4496.92,4491.98,4496.46,801
2025.12.29,03:44,4497.01,4501.81,4496.88,4501.70,533
2025.12.29,03:45,4501.61,4501.61,4498.74,4499.39,453
2025.12.29,03:46,4499.43,4502.36,4498.61,4500.67,595
2025.12.29,03:47,4500.70,4501.61,4499.11,4500.85,503
2025.12.29,03:48,4500.81,4505.94,4500.39,4504.70,937
2025.12.29,03:49,4504.66,4505.95,4502.79,4504.69,692
2025.12.29,03:50,4504.73,4505.11,4501.91,4504.56,784
2025.12.29,03:51,4504.47,4506.20,4503.84,4504.88,642
2025.12.29,03:52,4504.93,4506.64,4504.89,4505.72,529
2025.12.29,03:53,4505.70,4505.87,4502.61,4502.65,850
2025.12.29,03:54,4502.59,4503.22,4497.70,4501.22,669
2025.12.29,03:55,4501.21,4501.74,4496.70,4497.24,722
2025.12.29,03:56,4497.37,4499.64,4497.37,4497.89,733
2025.12.29,03:57,4497.88,4498.51,4494.91,4495.52,727
2025.12.29,03:58,4495.55,4498.16,4494.87,4497.16,598
2025.12.29,03:59,4497.18,4498.89,4496.31,4497.06,547
2025.12.29,04:00,4496.98,4503.06,4496.17,4501.86,854
2025.12.29,04:01,4501.85,4506.10,4501.75,4504.43,822
2025.12.29,04:02,4504.48,4505.96,4502.72,4504.22,631
2025.12.29,04:03,4504.27,4508.73,4503.61,4508.48,474
2025.12.29,04:04,4508.55,4509.14,4507.57,4508.33,326
2025.12.29,04:05,4508.33,4508.47,4506.86,4507.65,450
2025.12.29,04:06,4507.63,4508.93,4506.54,4507.26,410
2025.12.29,04:07,4507.27,4507.92,4505.98,4506.36,350
2025.12.29,04:08,4506.45,4507.57,4505.60,4507.31,544
2025.12.29,04:09,4508.46,4508.53,4506.81,4508.11,729
2025.12.29,04:10,4508.01,4508.18,4505.24,4505.69,536
2025.12.29,04:11,4505.63,4506.27,4503.58,4504.09,846
2025.12.29,04:12,4504.15,4507.31,4503.17,4506.66,855
2025.12.29,04:13,4506.65,4508.12,4506.21,4506.44,507
2025.12.29,04:14,4506.47,4507.71,4505.78,4507.06,444
2025.12.29,04:15,4507.05,4507.73,4505.29,4506.02,427
2025.12.29,04:16,4505.97,4505.97,4504.27,4504.35,360
2025.12.29,04:17,4504.40,4506.45,4504.20,4505.98,333
2025.12.29,04:18,4505.96,4506.70,4504.83,4505.30,513
2025.12.29,04:19,4505.31,4506.78,4504.59,4506.58,409
2025.12.29,04:20,4506.58,4510.67,4506.58,4510.02,419
2025.12.29,04:21,4510.03,4511.14,4509.76,4510.88,365
2025.12.29,04:22,4510.92,4511.13,4509.93,4511.03,283
2025.12.29,04:23,4511.02,4512.08,4509.62,4510.30,343
2025.12.29,04:24,4510.29,4511.14,4509.77,4510.41,412
2025.12.29,04:25,4510.35,4511.35,4509.77,4510.71,330
2025.12.29,04:26,4510.73,4512.51,4510.64,4512.32,272
2025.12.29,04:27,4512.39,4514.00,4512.38,4512.96,360
2025.12.29,04:28,4512.92,4513.29,4512.06,4512.97,441
2025.12.29,04:29,4512.99,4513.35,4512.22,4512.50,327
2025.12.29,04:30,4512.49,4514.06,4510.90,4511.06,877
2025.12.29,04:31,4511.00,4511.24,4509.77,4510.47,664
2025.12.29,04:32,4510.45,4514.43,4510.10,4514.35,630
2025.12.29,04:33,4514.36,4515.57,4512.47,4512.57,561
2025.12.29,04:34,4512.53,4513.98,4511.85,4513.79,443
2025.12.29,04:35,4513.80,4514.20,4510.91,4510.91,675
2025.12.29,04:36,4511.21,4512.22,4509.88,4510.09,581
2025.12.29,04:37,4510.08,4510.31,4508.86,4509.51,498
2025.12.29,04:38,4509.49,4510.37,4508.83,4509.97,722
2025.12.29,04:39,4509.98,4510.97,4508.92,4509.13,711
2025.12.29,04:40,4509.11,4511.81,4508.78,4511.60,575
2025.12.29,04:41,4511.68,4512.78,4511.52,4512.71,591
2025.12.29,04:42,4512.68,4513.18,4510.76,4511.66,544
2025.12.29,04:43,4511.63,4512.87,4510.90,4512.63,504
2025.12.29,04:44,4512.61,4512.82,4511.53,4511.65,370
2025.12.29,04:45,4511.64,4515.43,4511.64,4514.58,629
2025.12.29,04:46,4514.51,4515.63,4514.21,4515.45,579
2025.12.29,04:47,4515.27,4515.69,4514.23,4515.14,642
2025.12.29,04:48,4514.90,4515.29,4513.10,4513.19,442
2025.12.29,04:49,4513.24,4514.53,4512.69,4513.49,412
2025.12.29,04:50,4513.53,4513.57,4512.42,4513.29,615
2025.12.29,04:51,4513.21,4514.21,4512.87,4513.56,320
2025.12.29,04:52,4513.60,4514.18,4513.10,4513.23,388
2025.12.29,04:53,4513.26,4513.38,4510.18,4511.29,597
2025.12.29,04:54,4511.29,4512.82,4510.53,4512.53,530
2025.12.29,04:55,4512.58,4514.63,4511.84,4513.54,704
2025.12.29,04:56,4513.67,4514.56,4511.26,4511.28,536
2025.12.29,04:57,4511.25,4511.30,4509.35,4509.59,664
2025.12.29,04:58,4509.70,4511.84,4509.42,4511.63,425
2025.12.29,04:59,4511.64,4512.71,4511.06,4512.35,863
2025.12.29,05:00,4512.37,4513.39,4512.12,4512.74,517
2025.12.29,05:01,4512.73,4513.26,4512.00,4512.76,498
2025.12.29,05:02,4512.78,4512.92,4510.48,4510.54,313
2025.12.29,05:03,4510.52,4510.66,4509.21,4509.85,396
2025.12.29,05:04,4509.79,4511.87,4509.62,4511.77,345
2025.12.29,05:05,4511.76,4514.16,4511.30,4513.81,799
2025.12.29,05:06,4513.82,4516.30,4513.58,4515.92,1041
2025.12.29,05:07,4515.93,4517.21,4515.29,4516.35,870
2025.12.29,05:08,4516.33,4518.91,4516.27,4518.47,716
2025.12.29,05:09,4518.50,4518.74,4516.85,4517.05,516
2025.12.29,05:10,4516.98,4517.05,4515.83,4516.01,584
2025.12.29,05:11,4516.02,4518.18,4516.00,4517.67,716
2025.12.29,05:12,4517.69,4517.90,4515.87,4516.51,699
2025.12.29,05:13,4516.43,4517.85,4516.21,4517.17,831
2025.12.29,05:14,4517.17,4517.28,4514.57,4515.32,640
2025.12.29,05:15,4515.31,4516.40,4514.51,4515.11,698
2025.12.29,05:16,4514.98,4515.71,4514.03,4514.47,636
2025.12.29,05:17,4514.37,4515.26,4513.82,4514.73,682
2025.12.29,05:18,4514.79,4515.83,4514.05,4515.51,725
2025.12.29,05:19,4515.52,4516.74,4515.19,4515.36,551
2025.12.29,05:20,4515.40,4515.40,4514.13,4514.55,973
2025.12.29,05:21,4514.53,4517.01,4514.11,4516.61,1139
2025.12.29,05:22,4516.61,4516.96,4514.80,4515.15,977
2025.12.29,05:23,4515.05,4517.44,4514.88,4516.94,932
2025.12.29,05:24,4517.03,4517.76,4515.92,4516.22,686
2025.12.29,05:25,4516.01,4516.76,4515.09,4515.58,703
2025.12.29,05:26,4515.54,4518.16,4515.53,4516.27,874
2025.12.29,05:27,4516.14,4516.64,4515.24,4515.88,798
2025.12.29,05:28,4515.85,4515.97,4512.14,4512.45,1300
2025.12.29,05:29,4512.49,4513.26,4512.07,4512.69,915
2025.12.29,05:30,4512.68,4515.10,4512.68,4514.47,506
2025.12.29,05:31,4514.45,4515.81,4514.02,4515.81,478
2025.12.29,05:32,4515.83,4516.07,4514.32,4515.59,506
2025.12.29,05:33,4515.61,4516.03,4514.38,4515.90,562
2025.12.29,05:34,4515.96,4518.59,4515.69,4518.02,721
2025.12.29,05:35,4518.03,4520.27,4516.52,4516.61,520
2025.12.29,05:36,4516.64,4517.01,4515.76,4516.04,500
2025.12.29,05:37,4516.05,4516.52,4515.71,4515.98,413
2025.12.29,05:38,4515.95,4517.64,4515.67,4516.29,486
2025.12.29,05:39,4516.34,4516.75,4515.40,4515.89,457
2025.12.29,05:40,4515.87,4516.07,4514.28,4514.88,589
2025.12.29,05:41,4514.86,4515.15,4513.82,4514.95,472
2025.12.29,05:42,4514.96,4515.37,4513.86,4514.16,462
2025.12.29,05:43,4514.18,4515.71,4514.07,4515.69,475
2025.12.29,05:44,4515.79,4517.79,4515.62,4516.50,347
2025.12.29,05:45,4516.45,4516.85,4515.47,4515.77,347
2025.12.29,05:46,4515.89,4516.83,4514.97,4516.77,417
2025.12.29,05:47,4516.75,4517.48,4516.46,4516.64,362
2025.12.29,05:48,4516.62,4517.08,4516.16,4516.63,183
2025.12.29,05:49,4516.63,4516.96,4515.39,4515.97,222
2025.12.29,05:50,4516.00,4516.11,4513.69,4513.82,352
2025.12.29,05:51,4513.79,4514.61,4513.55,4514.04,457
2025.12.29,05:52,4514.08,4514.62,4513.73,4513.94,297
2025.12.29,05:53,4513.97,4515.09,4513.74,4514.80,201
2025.12.29,05:54,4514.86,4515.51,4514.44,4514.83,565
2025.12.29,05:55,4514.85,4515.77,4514.66,4514.88,360
2025.12.29,05:56,4514.99,4515.31,4513.62,4514.08,583
2025.12.29,05:57,4514.05,4515.84,4513.86,4515.43,768
2025.12.29,05:58,4515.34,4516.30,4515.17,4516.30,371
2025.12.29,05:59,4516.23,4516.60,4516.16,4516.39,199
2025.12.29,06:00,4516.35,4516.86,4515.14,4515.32,267
2025.12.29,06:01,4515.31,4516.34,4514.75,4516.06,261
2025.12.29,06:02,4516.07,4516.28,4515.25,4515.47,159
2025.12.29,06:03,4515.48,4515.80,4513.72,4514.47,695
2025.12.29,06:04,4514.48,4515.80,4514.06,4515.36,412
2025.12.29,06:05,4515.34,4515.63,4514.30,4514.32,349
2025.12.29,06:06,4514.33,4514.33,4509.76,4511.07,587
2025.12.29,06:07,4511.12,4513.32,4510.55,4511.63,571
2025.12.29,06:08,4511.64,4511.80,4509.64,4510.36,550
2025.12.29,06:09,4510.29,4510.54,4509.03,4509.48,586
2025.12.29,06:10,4509.38,4510.10,4507.27,4509.78,609
2025.12.29,06:11,4509.82,4511.95,4509.44,4511.67,468
2025.12.29,06:12,4511.60,4515.50,4511.57,4514.08,523
2025.12.29,06:13,4514.04,4515.27,4513.87,4515.21,478
2025.12.29,06:14,4515.27,4515.77,4514.24,4514.95,453
2025.12.29,06:15,4514.98,4514.98,4513.50,4513.96,680
2025.12.29,06:16,4513.81,4514.44,4512.88,4514.07,738
2025.12.29,06:17,4514.10,4514.93,4513.77,4513.83,444
2025.12.29,06:18,4513.84,4514.91,4512.75,4513.99,730
2025.12.29,06:19,4514.04,4514.88,4513.80,4514.23,516
2025.12.29,06:20,4513.95,4516.04,4513.86,4515.50,409
2025.12.29,06:21,4515.19,4515.38,4514.17,4514.29,237
2025.12.29,06:22,4514.35,4514.37,4511.99,4512.28,409
2025.12.29,06:23,4512.25,4513.39,4511.87,4512.33,397
2025.12.29,06:24,4512.30,4513.10,4512.12,4512.31,299
2025.12.29,06:25,4512.31,4512.70,4510.69,4511.22,337
2025.12.29,06:26,4511.24,4512.68,4510.80,4512.58,324
2025.12.29,06:27,4512.56,4513.60,4512.32,4513.29,254
2025.12.29,06:28,4513.28,4513.64,4513.03,4513.60,225
2025.12.29,06:29,4513.64,4514.53,4513.42,4514.02,206
2025.12.29,06:30,4514.10,4514.46,4513.70,4513.84,183
2025.12.29,06:31,4513.85,4514.06,4513.25,4513.77,249
2025.12.29,06:32,4513.79,4514.40,4512.99,4513.14,235
2025.12.29,06:33,4513.20,4515.01,4512.97,4514.95,340
2025.12.29,06:34,4514.94,4518.68,4514.71,4518.65,447
2025.12.29,06:35,4518.66,4519.27,4517.97,4518.27,451
2025.12.29,06:36,4518.28,4518.83,4517.53,4517.88,492
2025.12.29,06:37,4517.86,4518.27,4516.87,4517.48,514
2025.12.29,06:38,4517.51,4517.59,4516.33,4517.13,359
2025.12.29,06:39,4517.15,4517.72,4516.55,4517.01,244
2025.12.29,06:40,4517.07,4517.10,4516.10,4516.30,306
2025.12.29,06:41,4516.27,4516.85,4515.98,4516.04,132
2025.12.29,06:42,4516.01,4516.73,4515.49,4515.49,190
2025.12.29,06:43,4515.49,4516.10,4515.35,4515.57,237
2025.12.29,06:44,4515.58,4516.18,4515.43,4515.58,167
2025.12.29,06:45,4515.57,4516.11,4515.26,4516.03,235
2025.12.29,06:46,4516.30,4516.31,4514.41,4514.53,219
2025.12.29,06:47,4514.52,4515.16,4513.64,4514.30,564
2025.12.29,06:48,4514.33,4514.54,4513.09,4514.51,405
2025.12.29,06:49,4514.52,4515.61,4514.52,4515.44,270
2025.12.29,06:50,4515.46,4515.46,4514.69,4514.79,326
2025.12.29,06:51,4514.80,4515.03,4514.10,4514.48,236
2025.12.29,06:52,4514.48,4515.38,4514.38,4515.10,376
2025.12.29,06:53,4514.91,4515.54,4513.50,4513.90,488
2025.12.29,06:54,4513.91,4514.39,4513.80,4514.15,286
2025.12.29,06:55,4514.12,4514.32,4513.70,4513.83,242
2025.12.29,06:56,4513.81,4516.30,4513.40,4515.80,372
2025.12.29,06:57,4515.78,4516.05,4515.56,4515.87,167
2025.12.29,06:58,4515.92,4516.12,4515.32,4515.95,201
2025.12.29,06:59,4515.96,4516.36,4515.35,4515.53,319
2025.12.29,07:00,4515.46,4515.46,4514.34,4514.69,294
2025.12.29,07:01,4514.71,4514.71,4513.26,4514.28,344
2025.12.29,07:02,4514.32,4514.39,4512.93,4513.21,363
2025.12.29,07:03,4513.20,4513.82,4512.47,4512.84,447
2025.12.29,07:04,4512.90,4513.66,4512.44,4512.82,325
2025.12.29,07:05,4512.88,4513.62,4511.82,4513.38,276
2025.12.29,07:06,4513.37,4514.26,4512.66,4513.07,318
2025.12.29,07:07,4513.15,4513.43,4511.23,4513.28,762
2025.12.29,07:08,4513.22,4513.34,4511.64,4511.87,629
2025.12.29,07:09,4511.88,4512.42,4509.88,4509.88,663
2025.12.29,07:10,4509.89,4512.78,4509.87,4512.78,368
2025.12.29,07:11,4512.79,4514.25,4512.58,4513.84,331
2025.12.29,07:12,4513.83,4514.31,4512.60,4512.64,348
2025.12.29,07:13,4512.63,4514.41,4512.62,4514.09,370
2025.12.29,07:14,4514.14,4515.07,4514.03,4514.56,350
2025.12.29,07:15,4514.55,4515.51,4514.35,4514.67,444
2025.12.29,07:16,4514.68,4515.85,4514.18,4515.25,630
2025.12.29,07:17,4515.17,4515.22,4513.45,4513.68,278
2025.12.29,07:18,4513.24,4513.51,4511.31,4511.51,264
2025.12.29,07:19,4511.47,4512.30,4511.07,4512.13,207
2025.12.29,07:20,4512.17,4513.94,4512.17,4513.89,309
2025.12.29,07:21,4513.88,4515.14,4513.60,4514.85,287
2025.12.29,07:22,4514.92,4515.26,4513.40,4514.19,290
2025.12.29,07:23,4514.22,4515.61,4513.91,4514.98,339
2025.12.29,07:24,4515.01,4515.28,4514.19,4515.14,432
2025.12.29,07:25,4515.11,4515.26,4514.82,4514.96,398
2025.12.29,07:26,4515.00,4515.07,4513.87,4513.98,431
2025.12.29,07:27,4513.99,4514.01,4513.08,4513.57,257
2025.12.29,07:28,4513.56,4514.04,4513.44,4513.96,289
2025.12.29,07:29,4513.84,4514.36,4513.57,4513.96,343
2025.12.29,07:30,4514.00,4514.67,4512.11,4514.43,653
2025.12.29,07:31,4514.41,4516.39,4513.68,4515.09,488
2025.12.29,07:32,4515.06,4516.48,4514.23,4515.31,529
2025.12.29,07:33,4515.54,4515.76,4514.09,4514.49,449
2025.12.29,07:34,4514.40,4515.50,4513.19,4514.32,555
2025.12.29,07:35,4514.35,4515.30,4513.09,4514.45,429
2025.12.29,07:36,4514.44,4517.38,4514.40,4516.75,465
2025.12.29,07:37,4516.70,4517.15,4516.09,4516.73,351
2025.12.29,07:38,4516.71,4517.99,4516.16,4517.01,318
2025.12.29,07:39,4517.18,4517.69,4516.60,4516.80,293
2025.12.29,07:40,4516.85,4518.29,4516.28,4517.69,462
2025.12.29,07:41,4517.70,4518.37,4517.30,4518.08,344
2025.12.29,07:42,4518.07,4519.23,4517.22,4517.75,527
2025.12.29,07:43,4517.74,4517.87,4515.36,4515.67,426
2025.12.29,07:44,4515.68,4516.95,4515.68,4516.54,405
2025.12.29,07:45,4516.43,4517.60,4515.33,4515.38,387
2025.12.29,07:46,4515.37,4515.76,4514.58,4515.44,376
2025.12.29,07:47,4515.37,4516.05,4515.15,4515.30,354
2025.12.29,07:48,4515.31,4516.03,4514.31,4514.67,396
2025.12.29,07:49,4514.66,4515.27,4514.20,4514.38,417
2025.12.29,07:50,4514.35,4515.25,4512.72,4514.97,759
2025.12.29,07:51,4514.95,4515.25,4513.61,4514.90,610
2025.12.29,07:52,4514.85,4516.47,4514.44,4515.94,336
2025.12.29,07:53,4515.91,4516.00,4514.30,4514.48,359
2025.12.29,07:54,4514.47,4515.01,4513.82,4513.99,509
2025.12.29,07:55,4514.00,4514.14,4510.32,4511.16,1065
2025.12.29,07:56,4511.09,4511.11,4508.66,4508.71,1112
2025.12.29,07:57,4508.82,4511.15,4508.80,4509.83,1359
2025.12.29,07:58,4509.85,4511.13,4507.56,4507.92,1063
2025.12.29,07:59,4507.90,4508.14,4504.92,4506.32,1877
2025.12.29,08:00,4506.34,4508.41,4505.34,4505.97,832
2025.12.29,08:01,4505.94,4506.68,4500.03,4502.81,1735
2025.12.29,08:02,4502.92,4503.75,4500.78,4503.75,944
2025.12.29,08:03,4503.95,4505.64,4502.97,4504.56,945
2025.12.29,08:04,4504.59,4509.21,4504.49,4508.87,567
2025.12.29,08:05,4509.00,4509.24,4506.83,4507.14,618
2025.12.29,08:06,4507.16,4507.17,4502.73,4503.07,903
2025.12.29,08:07,4503.13,4505.00,4502.98,4504.18,620
2025.12.29,08:08,4504.30,4504.65,4501.67,4502.45,647
2025.12.29,08:09,4502.48,4504.66,4502.38,4504.48,416
2025.12.29,08:10,4504.57,4506.77,4503.72,4506.27,479
2025.12.29,08:11,4506.30,4508.20,4506.11,4507.52,392
2025.12.29,08:12,4507.55,4510.70,4507.52,4509.65,742
2025.12.29,08:13,4509.40,4509.87,4508.09,4508.57,539
2025.12.29,08:14,4508.54,4508.66,4504.88,4506.00,953
2025.12.29,08:15,4505.93,4507.04,4505.06,4505.06,794
2025.12.29,08:16,4504.86,4505.73,4503.82,4504.50,946
2025.12.29,08:17,4504.52,4504.54,4501.76,4503.95,1311
2025.12.29,08:18,4504.00,4505.74,4503.68,4504.35,927
2025.12.29,08:19,4504.40,4505.15,4502.88,4504.19,688
2025.12.29,08:20,4503.95,4505.23,4503.41,4504.22,612
2025.12.29,08:21,4504.15,4505.38,4501.58,4501.58,867
2025.12.29,08:22,4501.67,4502.65,4500.93,4502.06,809
2025.12.29,08:23,4502.03,4503.61,4501.16,4501.69,805
2025.12.29,08:24,4501.68,4502.11,4499.07,4500.16,1249
2025.12.29,08:25,4500.21,4500.87,4498.73,4500.25,1292
2025.12.29,08:26,4500.26,4500.35,4497.55,4498.38,1126
2025.12.29,08:27,4498.23,4499.36,4496.43,4497.08,847
2025.12.29,08:28,4497.14,4497.14,4488.64,4491.43,1818
2025.12.29,08:29,4491.45,4492.94,4490.56,4490.82,1004
2025.12.29,08:30,4490.84,4491.11,4484.41,4490.13,1227
2025.12.29,08:31,4490.28,4494.98,4489.99,4494.43,747
2025.12.29,08:32,4494.59,4496.03,4493.60,4495.61,1485
2025.12.29,08:33,4495.75,4497.00,4494.74,4495.88,898
2025.12.29,08:34,4495.85,4496.90,4495.83,4496.25,779
2025.12.29,08:35,4496.29,4497.93,4496.16,4496.36,648
2025.12.29,08:36,4496.37,4496.67,4494.21,4494.67,760
2025.12.29,08:37,4494.71,4494.71,4492.50,4493.93,1129
2025.12.29,08:38,4493.62,4493.62,4489.84,4490.74,1585
2025.12.29,08:39,4490.68,4490.99,4488.52,4489.50,1261
2025.12.29,08:40,4489.58,4489.72,4486.00,4488.97,2118
2025.12.29,08:41,4489.20,4491.92,4486.99,4491.57,1589
2025.12.29,08:42,4491.57,4491.57,4489.53,4490.60,1141
2025.12.29,08:43,4490.52,4492.81,4488.43,4491.32,1436
2025.12.29,08:44,4491.36,4491.36,4486.58,4487.06,1993
2025.12.29,08:45,4486.98,4487.01,4482.68,4483.13,1544
2025.12.29,08:46,4483.12,4484.34,4481.19,4483.30,1473
2025.12.29,08:47,4483.35,4487.86,4482.46,4487.27,1090
2025.12.29,08:48,4486.95,4487.08,4483.60,4486.24,976
2025.12.29,08:49,4486.44,4487.23,4483.71,4484.36,913
2025.12.29,08:50,4484.37,4484.45,4480.89,4481.08,1313
2025.12.29,08:51,4481.10,4481.68,4476.56,4479.81,1077
2025.12.29,08:52,4479.77,4480.71,4475.86,4477.06,1706
2025.12.29,08:53,4476.98,4477.49,4473.41,4477.49,1705
2025.12.29,08:54,4477.49,4478.83,4474.71,4475.41,1276
2025.12.29,08:55,4475.38,4478.60,4473.20,4477.79,1699
2025.12.29,08:56,4477.81,4477.81,4470.93,4472.47,1233
2025.12.29,08:57,4472.34,4474.29,4471.25,4473.03,715
2025.12.29,08:58,4472.88,4477.99,4471.97,4477.51,941
2025.12.29,08:59,4477.52,4477.82,4475.13,4475.13,633
2025.12.29,09:00,4475.07,4475.13,4454.39,4457.89,2200
2025.12.29,09:01,4457.76,4462.43,4457.69,4460.45,1561
2025.12.29,09:02,4460.26,4466.34,4455.65,4456.12,1708
2025.12.29,09:03,4455.94,4460.74,4445.05,4452.13,1928
2025.12.29,09:04,4452.12,4457.98,4448.59,4455.66,1693
2025.12.29,09:05,4455.67,4457.73,4447.96,4452.52,1805
2025.12.29,09:06,4452.47,4456.86,4450.15,4456.17,1021
2025.12.29,09:07,4456.39,4458.77,4449.16,4450.73,1250
2025.12.29,09:08,4450.75,4462.36,4450.63,4462.15,1450
2025.12.29,09:09,4462.14,4463.55,4458.43,4459.49,1584
2025.12.29,09:10,4459.54,4461.78,4457.85,4461.36,1468
2025.12.29,09:11,4462.15,4468.47,4461.09,4467.56,2429
2025.12.29,09:12,4467.26,4471.84,4464.80,4471.01,1179
2025.12.29,09:13,4471.07,4476.44,4470.91,4474.07,1049
2025.12.29,09:14,4474.18,4475.14,4472.28,4473.14,547
2025.12.29,09:15,4473.22,4474.89,4472.64,4473.85,502
2025.12.29,09:16,4473.84,4478.25,4473.59,4476.88,586
2025.12.29,09:17,4476.91,4478.70,4475.63,4476.39,792
2025.12.29,09:18,4476.44,4477.24,4473.27,4475.34,729
2025.12.29,09:19,4475.38,4481.38,4475.38,4480.10,1046
2025.12.29,09:20,4480.06,4481.67,4478.39,4478.46,1054
2025.12.29,09:21,4478.43,4478.54,4475.72,4477.37,1147
2025.12.29,09:22,4477.42,4478.65,4474.11,4474.26,887
2025.12.29,09:23,4474.33,4477.31,4474.05,4475.35,973
2025.12.29,09:24,4475.38,4477.44,4474.96,4476.03,1039
2025.12.29,09:25,4476.05,4476.98,4474.28,4475.00,492
2025.12.29,09:26,4475.00,4475.00,4473.05,4474.17,673
2025.12.29,09:27,4474.18,4477.10,4473.64,4475.29,489
2025.12.29,09:28,4475.08,4477.41,4472.95,4474.51,648
2025.12.29,09:29,4474.55,4474.87,4471.24,4471.40,613
2025.12.29,09:30,4471.53,4472.45,4470.91,4472.41,487
2025.12.29,09:31,4472.32,4475.13,4470.23,4474.88,700
2025.12.29,09:32,4474.84,4477.58,4474.25,4476.72,889
2025.12.29,09:33,4476.64,4478.08,4475.34,4477.26,579
2025.12.29,09:34,4477.29,4478.92,4476.92,4478.12,449
2025.12.29,09:35,4478.09,4478.19,4475.20,4475.76,512
2025.12.29,09:36,4475.74,4479.22,4475.57,4479.06,437
2025.12.29,09:37,4479.03,4479.62,4475.74,4477.16,735
2025.12.29,09:38,4477.18,4477.57,4473.38,4474.44,730
2025.12.29,09:39,4474.43,4474.85,4472.42,4473.45,621
2025.12.29,09:40,4473.37,4478.39,4472.47,4478.34,545
2025.12.29,09:41,4478.37,4479.48,4476.10,4477.93,933
2025.12.29,09:42,4478.10,4478.17,4475.46,4476.58,596
2025.12.29,09:43,4476.61,4476.99,4474.42,4474.99,1054
2025.12.29,09:44,4475.06,4475.82,4473.10,4473.36,953
2025.12.29,09:45,4473.32,4476.27,4473.23,4475.76,755
2025.12.29,09:46,4475.77,4475.99,4472.98,4474.11,506
2025.12.29,09:47,4474.12,4475.28,4472.83,4474.74,462
2025.12.29,09:48,4474.75,4475.01,4473.66,4473.91,357
2025.12.29,09:49,4473.92,4476.90,4473.61,4476.67,538
2025.12.29,09:50,4476.87,4478.85,4475.43,4475.63,605
2025.12.29,09:51,4475.69,4476.82,4475.01,4476.75,514
2025.12.29,09:52,4476.76,4477.64,4475.80,4476.76,645
2025.12.29,09:53,4476.65,4476.93,4474.54,4474.82,1076
2025.12.29,09:54,4474.81,4475.09,4473.60,4474.32,1088
2025.12.29,09:55,4474.41,4477.51,4473.57,4477.43,1173
2025.12.29,09:56,4477.46,4478.22,4475.67,4476.13,1012
2025.12.29,09:57,4476.07,4476.62,4474.09,4474.99,717
2025.12.29,09:58,4475.06,4476.13,4474.65,4475.58,1340
2025.12.29,09:59,4475.73,4475.73,4473.54,4474.50,661
2025.12.29,10:00,4474.59,4477.45,4472.18,4474.76,1070
2025.12.29,10:01,4474.77,4475.29,4466.87,4467.80,1219
2025.12.29,10:02,4467.79,4471.84,4465.99,4470.25,1580
2025.12.29,10:03,4470.26,4473.88,4469.36,4472.83,881
2025.12.29,10:04,4472.67,4473.13,4469.97,4472.38,1103
2025.12.29,10:05,4472.34,4473.01,4470.75,4471.74,1072
2025.12.29,10:06,4471.73,4474.18,4470.08,4473.60,755
2025.12.29,10:07,4473.77,4475.58,4472.09,4475.21,783
2025.12.29,10:08,4475.17,4477.49,4475.17,4477.07,725
2025.12.29,10:09,4476.98,4479.57,4476.98,4478.25,633
2025.12.29,10:10,4478.29,4478.52,4473.98,4475.19,680
2025.12.29,10:11,4475.33,4476.84,4475.03,4476.50,510
2025.12.29,10:12,4476.47,4478.09,4476.32,4477.78,890
2025.12.29,10:13,4477.79,4482.81,4476.90,4482.69,788
2025.12.29,10:14,4482.72,4485.85,4481.73,4483.69,1038
2025.12.29,10:15,4483.59,4485.40,4481.34,4484.36,950
2025.12.29,10:16,4484.34,4486.58,4483.57,4485.51,676
2025.12.29,10:17,4485.54,4488.68,4485.19,4488.28,438
2025.12.29,10:18,4488.35,4488.48,4484.29,4484.65,797
2025.12.29,10:19,4484.66,4486.05,4484.21,4484.48,694
2025.12.29,10:20,4484.47,4484.94,4481.58,4481.71,716
2025.12.29,10:21,4481.72,4482.60,4480.52,4482.13,836
2025.12.29,10:22,4482.18,4484.75,4481.52,4484.17,653
2025.12.29,10:23,4484.23,4485.26,4483.60,4484.32,610
2025.12.29,10:24,4484.35,4486.17,4483.43,4483.70,713
2025.12.29,10:25,4483.69,4483.86,4482.01,4482.57,589
2025.12.29,10:26,4482.63,4483.11,4482.27,4482.63,270
2025.12.29,10:27,4482.74,4484.32,4481.82,4482.03,562
2025.12.29,10:28,4482.01,4484.10,4481.86,4483.07,456
2025.12.29,10:29,4483.05,4483.15,4479.90,4479.91,559
2025.12.29,10:30,4480.01,4480.67,4474.93,4475.08,1226
2025.12.29,10:31,4475.10,4477.20,4473.99,4476.46,618
2025.12.29,10:32,4476.48,4477.86,4475.97,4476.60,763
2025.12.29,10:33,4476.77,4478.92,4476.56,4477.01,940
2025.12.29,10:34,4476.99,4477.49,4476.12,4476.67,504
2025.12.29,10:35,4476.66,4478.04,4474.75,4475.26,546
2025.12.29,10:36,4475.27,4477.44,4474.46,4475.87,853
2025.12.29,10:37,4475.87,4477.18,4475.54,4476.60,567
2025.12.29,10:38,4476.62,4477.06,4470.07,4471.13,1236
2025.12.29,10:39,4471.03,4472.62,4470.08,4470.38,1148
2025.12.29,10:40,4470.44,4473.73,4470.33,4472.52,730
2025.12.29,10:41,4472.49,4474.40,4472.27,4474.01,849
2025.12.29,10:42,4474.00,4475.74,4473.39,4475.26,888
2025.12.29,10:43,4475.24,4476.52,4473.70,4475.74,928
2025.12.29,10:44,4475.50,4475.50,4469.83,4470.07,911
2025.12.29,10:45,4470.12,4470.74,4467.83,4470.57,891
2025.12.29,10:46,4470.42,4471.91,4468.37,4468.77,856
2025.12.29,10:47,4468.69,4468.98,4467.48,4468.38,770
2025.12.29,10:48,4468.42,4469.41,4466.51,4467.09,1171
2025.12.29,10:49,4467.08,4467.08,4460.83,4461.20,1382
2025.12.29,10:50,4461.16,4464.68,4458.07,4459.90,1553
2025.12.29,10:51,4459.88,4461.95,4457.14,4460.89,915
2025.12.29,10:52,4460.79,4461.21,4457.25,4460.15,1317
2025.12.29,10:53,4460.28,4460.38,4455.52,4457.96,1036
2025.12.29,10:54,4457.95,4459.38,4456.82,4457.51,931
2025.12.29,10:55,4457.52,4460.24,4453.93,4454.42,1318
2025.12.29,10:56,4454.44,4457.31,4452.51,4456.95,1278
2025.12.29,10:57,4456.68,4459.74,4456.22,4459.36,764
2025.12.29,10:58,4459.27,4463.08,4458.50,4462.13,872
2025.12.29,10:59,4462.15,4463.65,4460.76,4460.92,660
2025.12.29,11:00,4460.85,4464.19,4460.21,4463.86,1094
2025.12.29,11:01,4463.94,4465.25,4462.90,4465.15,870
2025.12.29,11:02,4465.14,4465.53,4463.75,4465.45,950
2025.12.29,11:03,4465.40,4465.42,4463.56,4464.76,1099
2025.12.29,11:04,4464.81,4465.58,4463.45,4465.07,1271
2025.12.29,11:05,4464.94,4466.19,4462.43,4462.57,1046
2025.12.29,11:06,4462.51,4463.55,4460.38,4460.57,888
2025.12.29,11:07,4460.59,4461.21,4459.08,4460.00,640
2025.12.29,11:08,4459.98,4464.50,4459.88,4464.19,649
2025.12.29,11:09,4464.14,4465.28,4462.00,4464.92,696
2025.12.29,11:10,4465.18,4465.48,4461.92,4462.56,558
2025.12.29,11:11,4462.62,4464.07,4461.20,4462.46,722
2025.12.29,11:12,4462.54,4464.99,4462.32,4464.14,914
2025.12.29,11:13,4464.19,4466.26,4463.69,4465.56,707
2025.12.29,11:14,4465.57,4467.69,4465.33,4467.30,720
2025.12.29,11:15,4467.31,4467.54,4465.36,4466.71,738
2025.12.29,11:16,4466.67,4467.50,4464.80,4465.66,514
2025.12.29,11:17,4465.65,4466.62,4465.53,4465.90,297
2025.12.29,11:18,4465.91,4469.03,4465.56,4468.55,848
2025.12.29,11:19,4468.54,4468.70,4464.97,4465.68,908
2025.12.29,11:20,4465.53,4465.99,4463.88,4465.33,699
2025.12.29,11:21,4465.42,4466.87,4464.43,4466.52,896
2025.12.29,11:22,4466.55,4466.89,4464.29,4464.46,634
2025.12.29,11:23,4464.49,4464.88,4462.24,4463.71,537
2025.12.29,11:24,4463.66,4464.04,4462.06,4464.03,504
2025.12.29,11:25,4463.78,4464.31,4461.97,4463.52,589
2025.12.29,11:26,4463.70,4467.37,4463.53,4466.70,899
2025.12.29,11:27,4466.78,4467.01,4464.57,4466.35,896
2025.12.29,11:28,4466.37,4466.82,4465.55,4466.29,435
2025.12.29,11:29,4466.25,4467.41,4465.37,4465.97,599
2025.12.29,11:30,4465.94,4466.50,4464.62,4466.24,437
2025.12.29,11:31,4466.19,4466.20,4463.59,4463.76,499
2025.12.29,11:32,4463.64,4463.91,4462.09,4463.39,469
2025.12.29,11:33,4463.43,4464.45,4462.45,4462.53,390
2025.12.29,11:34,4462.50,4463.85,4461.75,4461.76,503
2025.12.29,11:35,4461.75,4463.34,4461.51,4461.55,562
2025.12.29,11:36,4461.55,4461.72,4460.13,4461.22,517
2025.12.29,11:37,4461.17,4464.51,4461.17,4464.27,600
2025.12.29,11:38,4464.30,4464.79,4463.61,4464.30,458
2025.12.29,11:39,4464.35,4465.29,4464.03,4464.36,805
2025.12.29,11:40,4464.08,4468.01,4463.85,4466.34,1232
2025.12.29,11:41,4466.28,4468.59,4465.87,4468.24,583
2025.12.29,11:42,4467.96,4468.24,4465.92,4466.22,506
2025.12.29,11:43,4466.29,4469.62,4466.01,4469.35,621
2025.12.29,11:44,4469.28,4475.51,4468.92,4475.40,1054
2025.12.29,11:45,4475.41,4476.12,4472.83,4473.15,874
2025.12.29,11:46,4473.08,4473.56,4471.87,4473.35,544
2025.12.29,11:47,4473.30,4475.20,4472.94,4474.43,474
2025.12.29,11:48,4474.44,4475.10,4473.69,4474.66,443
2025.12.29,11:49,4474.69,4474.69,4471.60,4472.01,338
2025.12.29,11:50,4471.97,4472.76,4470.64,4470.81,398
2025.12.29,11:51,4470.77,4472.42,4470.71,4470.88,331
2025.12.29,11:52,4470.86,4472.19,4470.39,4471.95,338
2025.12.29,11:53,4471.94,4471.94,4470.58,4471.22,335
2025.12.29,11:54,4471.27,4472.64,4471.10,4472.26,404
2025.12.29,11:55,4472.19,4472.19,4471.10,4471.43,225
2025.12.29,11:56,4471.24,4471.33,4469.79,4470.63,256
2025.12.29,11:57,4470.62,4470.65,4468.99,4469.76,225
2025.12.29,11:58,4469.77,4472.03,4469.07,4471.77,482
2025.12.29,11:59,4471.78,4472.59,4471.69,4472.18,343
2025.12.29,12:00,4472.25,4472.25,4470.92,4471.66,351
2025.12.29,12:01,4471.63,4473.67,4471.20,4473.60,414
2025.12.29,12:02,4473.48,4474.14,4471.54,4473.99,345
2025.12.29,12:03,4473.95,4474.51,4472.77,4473.61,399
2025.12.29,12:04,4473.53,4473.65,4471.71,4472.08,283
2025.12.29,12:05,4472.11,4473.41,4470.94,4470.94,416
2025.12.29,12:06,4471.02,4473.35,4470.66,4472.90,406
2025.12.29,12:07,4472.91,4473.22,4471.74,4472.01,383
2025.12.29,12:08,4472.02,4473.76,4471.33,4473.36,310
2025.12.29,12:09,4473.33,4474.36,4472.82,4472.88,473
2025.12.29,12:10,4472.89,4473.22,4472.18,4472.63,313
2025.12.29,12:11,4472.60,4472.92,4470.78,4471.06,340
2025.12.29,12:12,4471.12,4472.04,4470.06,4470.21,342
2025.12.29,12:13,4470.18,4471.07,4468.50,4470.66,302
2025.12.29,12:14,4470.65,4471.39,4470.40,4471.04,249
2025.12.29,12:15,4471.06,4471.13,4469.56,4469.97,408
2025.12.29,12:16,4469.96,4471.05,4468.52,4470.87,602
2025.12.29,12:17,4471.01,4471.65,4470.38,4471.60,328
2025.12.29,12:18,4471.68,4472.32,4471.16,4471.31,476
2025.12.29,12:19,4471.33,4471.89,4470.44,4471.67,449
2025.12.29,12:20,4471.63,4471.77,4467.47,4467.80,442
2025.12.29,12:21,4467.85,4468.24,4467.03,4467.19,431
2025.12.29,12:22,4467.22,4469.35,4466.92,4468.30,390
2025.12.29,12:23,4468.27,4469.34,4467.64,4468.31,345
2025.12.29,12:24,4468.30,4468.33,4465.85,4467.10,360
2025.12.29,12:25,4467.12,4468.40,4466.71,4467.72,520
2025.12.29,12:26,4467.63,4468.18,4466.48,4466.72,455
2025.12.29,12:27,4466.78,4466.78,4465.10,4465.83,373
2025.12.29,12:28,4465.90,4466.76,4465.26,4466.12,576
2025.12.29,12:29,4466.11,4466.51,4462.73,4462.80,764
2025.12.29,12:30,4462.71,4462.97,4458.93,4461.68,1093
2025.12.29,12:31,4461.74,4462.60,4456.85,4457.55,1342
2025.12.29,12:32,4457.56,4459.60,4457.01,4459.38,707
2025.12.29,12:33,4459.38,4461.06,4457.49,4460.99,672
2025.12.29,12:34,4461.05,4461.57,4460.57,4461.34,375
2025.12.29,12:35,4461.31,4461.31,4458.73,4459.16,477
2025.12.29,12:36,4459.13,4462.16,4459.12,4461.80,335
2025.12.29,12:37,4461.83,4462.01,4459.79,4460.13,546
2025.12.29,12:38,4460.12,4463.31,4460.04,4461.76,598
2025.12.29,12:39,4461.77,4463.08,4461.75,4462.74,413
2025.12.29,12:40,4462.68,4463.52,4462.47,4462.96,474
2025.12.29,12:41,4462.97,4463.80,4462.40,4463.21,329
2025.12.29,12:42,4463.20,4463.70,4462.65,4462.80,473
2025.12.29,12:43,4462.85,4462.95,4461.39,4461.74,499
2025.12.29,12:44,4461.81,4461.88,4459.45,4459.93,712
2025.12.29,12:45,4459.95,4461.50,4459.46,4461.40,610
2025.12.29,12:46,4461.29,4461.30,4458.82,4460.26,456
2025.12.29,12:47,4460.31,4463.38,4460.30,4462.54,512
2025.12.29,12:48,4462.51,4463.34,4462.02,4462.39,364
2025.12.29,12:49,4462.40,4462.59,4461.88,4462.44,375
2025.12.29,12:50,4462.17,4463.46,4460.86,4460.86,376
2025.12.29,12:51,4460.87,4461.07,4459.99,4460.11,344
2025.12.29,12:52,4460.15,4460.55,4458.59,4458.72,348
2025.12.29,12:53,4458.79,4460.55,4458.42,4460.44,519
2025.12.29,12:54,4460.46,4461.11,4459.57,4460.36,389
2025.12.29,12:55,4460.24,4461.59,4459.76,4460.60,460
2025.12.29,12:56,4460.51,4461.60,4459.84,4461.05,444
2025.12.29,12:57,4461.02,4461.03,4459.32,4460.03,428
2025.12.29,12:58,4460.00,4461.25,4459.03,4460.93,641
2025.12.29,12:59,4460.98,4461.64,4460.35,4460.79,487
2025.12.29,13:00,4460.78,4460.93,4458.68,4459.60,584
2025.12.29,13:01,4459.59,4459.87,4457.43,4457.76,558
2025.12.29,13:02,4457.74,4458.36,4457.11,4457.91,366
2025.12.29,13:03,4457.67,4458.12,4456.53,4457.95,500
2025.12.29,13:04,4457.92,4459.77,4457.91,4459.53,421
2025.12.29,13:05,4459.44,4461.07,4458.54,4458.56,602
2025.12.29,13:06,4458.62,4458.72,4456.92,4456.92,706
2025.12.29,13:07,4456.93,4457.61,4456.26,4456.94,442
2025.12.29,13:08,4456.90,4457.01,4455.76,4456.14,330
2025.12.29,13:09,4456.08,4459.97,4455.85,4459.94,878
2025.12.29,13:10,4459.84,4460.10,4458.86,4459.47,628
2025.12.29,13:11,4459.44,4459.75,4458.23,4458.62,530
2025.12.29,13:12,4458.61,4460.15,4458.42,4459.78,371
2025.12.29,13:13,4459.79,4459.96,4458.19,4458.40,383
2025.12.29,13:14,4458.39,4458.39,4457.73,4458.28,293
2025.12.29,13:15,4458.29,4459.62,4457.61,4459.20,698
2025.12.29,13:16,4459.47,4460.66,4459.32,4460.38,282
2025.12.29,13:17,4460.11,4462.60,4460.11,4462.11,440
2025.12.29,13:18,4462.10,4463.97,4461.60,4463.83,432
2025.12.29,13:19,4463.76,4464.82,4463.44,4464.57,676
2025.12.29,13:20,4464.56,4467.10,4464.23,4466.76,668
2025.12.29,13:21,4466.75,4467.60,4465.79,4466.00,580
2025.12.29,13:22,4465.98,4466.49,4465.26,4465.45,561
2025.12.29,13:23,4465.75,4466.35,4464.97,4465.26,493
2025.12.29,13:24,4465.24,4465.81,4463.79,4463.84,463
2025.12.29,13:25,4463.82,4465.99,4463.69,4465.56,435
2025.12.29,13:26,4465.36,4466.31,4463.13,4463.65,744
2025.12.29,13:27,4463.63,4464.46,4462.53,4464.30,365
2025.12.29,13:28,4464.28,4465.48,4464.12,4464.96,292
2025.12.29,13:29,4464.95,4465.65,4464.95,4465.18,118
2025.12.29,13:30,4465.09,4465.77,4464.49,4464.93,293
2025.12.29,13:31,4464.91,4464.93,4462.90,4463.55,385
2025.12.29,13:32,4463.51,4464.09,4463.08,4463.65,173
2025.12.29,13:33,4463.58,4464.68,4462.87,4463.28,445
2025.12.29,13:34,4463.35,4463.82,4462.48,4462.72,280
2025.12.29,13:35,4462.70,4463.24,4462.02,4462.13,334
2025.12.29,13:36,4462.15,4462.15,4459.11,4459.54,609
2025.12.29,13:37,4459.52,4459.69,4455.82,4457.13,818
2025.12.29,13:38,4457.13,4458.49,4453.46,4453.51,893
2025.12.29,13:39,4453.55,4453.62,4447.39,4447.96,892
2025.12.29,13:40,4447.97,4448.05,4434.22,4437.97,1954
2025.12.29,13:41,4438.19,4439.18,4434.08,4437.97,1086
2025.12.29,13:42,4437.94,4443.15,4437.94,4443.14,923
2025.12.29,13:43,4443.16,4448.21,4442.74,4447.77,823
2025.12.29,13:44,4447.83,4452.88,4447.69,4452.82,644
2025.12.29,13:45,4452.73,4453.22,4450.96,4452.39,784
2025.12.29,13:46,4452.32,4452.89,4448.91,4451.87,1022
2025.12.29,13:47,4451.63,4451.95,4448.02,4448.63,756
2025.12.29,13:48,4448.46,4451.57,4446.85,4451.36,791
2025.12.29,13:49,4451.37,4452.37,4450.11,4450.41,822
2025.12.29,13:50,4450.17,4453.20,4448.70,4453.01,914
2025.12.29,13:51,4453.00,4453.37,4450.14,4451.10,529
2025.12.29,13:52,4451.06,4451.48,4449.34,4450.66,545
2025.12.29,13:53,4450.71,4450.71,4448.71,4449.80,738
2025.12.29,13:54,4449.77,4449.99,4447.27,4447.97,1035
2025.12.29,13:55,4447.90,4448.21,4443.89,4446.49,1390
2025.12.29,13:56,4446.21,4446.50,4441.20,4444.76,1407
2025.12.29,13:57,4444.77,4445.62,4443.48,4444.86,1061
2025.12.29,13:58,4444.89,4445.09,4442.05,4443.75,956
2025.12.29,13:59,4443.86,4446.48,4441.60,4446.46,1181
2025.12.29,14:00,4446.40,4449.32,4445.31,4446.26,1389
2025.12.29,14:01,4446.20,4449.38,4445.51,4448.70,870
2025.12.29,14:02,4448.73,4449.15,4447.18,4448.38,600
2025.12.29,14:03,4448.40,4450.14,4447.25,4449.36,874
2025.12.29,14:04,4449.34,4451.03,4448.85,4449.35,836
2025.12.29,14:05,4449.45,4451.58,4448.63,4450.76,933
2025.12.29,14:06,4450.71,4451.75,4447.90,4448.36,613
2025.12.29,14:07,4448.33,4455.12,4448.24,4454.89,760
2025.12.29,14:08,4455.06,4455.52,4453.22,4454.26,1115
2025.12.29,14:09,4454.27,4456.36,4453.93,4455.48,783
2025.12.29,14:10,4455.56,4455.56,4452.70,4452.74,821
2025.12.29,14:11,4452.73,4453.62,4452.48,4452.73,747
2025.12.29,14:12,4452.77,4453.82,4452.02,4452.08,737
2025.12.29,14:13,4452.19,4453.57,4451.72,4452.07,568
2025.12.29,14:14,4451.95,4453.16,4451.65,4452.60,483
2025.12.29,14:15,4452.58,4453.13,4451.60,4452.89,335
2025.12.29,14:16,4452.91,4453.34,4451.76,4452.18,458
2025.12.29,14:17,4452.17,4453.25,4451.44,4453.25,355
2025.12.29,14:18,4453.27,4456.25,4453.27,4455.25,891
2025.12.29,14:19,4455.38,4455.66,4454.36,4454.85,712
2025.12.29,14:20,4454.84,4456.58,4454.82,4455.39,574
2025.12.29,14:21,4455.41,4455.97,4455.04,4455.35,538
2025.12.29,14:22,4455.40,4455.69,4454.90,4455.60,389
2025.12.29,14:23,4455.61,4456.02,4454.69,4455.22,413
2025.12.29,14:24,4455.21,4455.24,4453.60,4453.80,533
2025.12.29,14:25,4453.83,4453.86,4452.19,4453.19,355
2025.12.29,14:26,4453.18,4453.64,4452.13,4453.56,245
2025.12.29,14:27,4453.57,4454.68,4453.35,4454.01,251
2025.12.29,14:28,4453.93,4456.51,4453.53,4456.33,419
2025.12.29,14:29,4456.30,4457.20,4456.16,4456.68,500
2025.12.29,14:30,4456.72,4457.53,4455.96,4456.14,434
2025.12.29,14:31,4456.13,4456.58,4454.83,4456.39,450
2025.12.29,14:32,4456.45,4456.48,4455.03,4455.91,593
2025.12.29,14:33,4455.88,4457.49,4455.86,4456.61,600
2025.12.29,14:34,4456.59,4457.67,4456.22,4457.10,450
2025.12.29,14:35,4457.11,4457.12,4456.21,4456.33,448
2025.12.29,14:36,4456.32,4457.71,4456.05,4457.48,246
2025.12.29,14:37,4457.45,4458.21,4456.80,4457.73,345
2025.12.29,14:38,4457.74,4459.88,4457.74,4459.83,292
2025.12.29,14:39,4459.76,4462.42,4459.51,4461.19,616
2025.12.29,14:40,4461.10,4464.34,4460.76,4463.71,521
2025.12.29,14:41,4463.68,4464.18,4463.22,4463.54,461
2025.12.29,14:42,4463.47,4464.22,4463.25,4463.74,576
2025.12.29,14:43,4463.73,4464.49,4462.35,4462.84,573
2025.12.29,14:44,4462.85,4463.03,4461.89,4462.28,402
2025.12.29,14:45,4462.24,4462.39,4461.01,4461.08,510
2025.12.29,14:46,4461.08,4462.91,4461.07,4461.70,443
2025.12.29,14:47,4461.63,4463.17,4461.14,4463.02,277
2025.12.29,14:48,4463.01,4463.89,4462.75,4463.38,627
2025.12.29,14:49,4463.40,4463.57,4461.40,4461.94,420
2025.12.29,14:50,4461.84,4462.51,4460.55,4462.19,491
2025.12.29,14:51,4462.18,4463.05,4462.02,4462.71,452
2025.12.29,14:52,4462.72,4462.79,4461.54,4462.05,649
2025.12.29,14:53,4462.17,4463.59,4461.58,4463.50,609
2025.12.29,14:54,4463.49,4464.39,4462.88,4463.98,754
2025.12.29,14:55,4463.96,4464.36,4462.83,4463.11,620
2025.12.29,14:56,4463.10,4463.32,4462.08,4462.75,359
2025.12.29,14:57,4462.76,4463.21,4461.82,4462.74,539
2025.12.29,14:58,4462.79,4462.82,4461.77,4462.35,338
2025.12.29,14:59,4462.38,4464.60,4462.24,4464.10,807
2025.12.29,15:00,4464.04,4465.55,4459.75,4461.39,1766
2025.12.29,15:01,4461.36,4462.23,4459.80,4461.10,1445
2025.12.29,15:02,4461.11,4462.23,4459.12,4459.23,1361
2025.12.29,15:03,4459.04,4462.52,4459.04,4461.32,1078
2025.12.29,15:04,4461.19,4466.23,4461.01,4466.07,1572
2025.12.29,15:05,4465.95,4466.73,4462.77,4463.97,1609
2025.12.29,15:06,4463.97,4466.07,4463.44,4463.70,1512
2025.12.29,15:07,4463.54,4464.51,4460.80,4462.67,1477
2025.12.29,15:08,4462.65,4466.71,4462.58,4466.36,1307
2025.12.29,15:09,4466.40,4467.72,4465.63,4465.77,939
2025.12.29,15:10,4465.49,4467.32,4463.24,4464.21,926
2025.12.29,15:11,4464.06,4464.23,4459.00,4459.55,870
2025.12.29,15:12,4459.52,4460.00,4456.99,4458.85,1047
2025.12.29,15:13,4458.83,4459.14,4456.86,4457.81,1331
2025.12.29,15:14,4457.74,4459.39,4456.48,4457.74,1363
2025.12.29,15:15,4457.77,4458.58,4454.95,4458.37,1075
2025.12.29,15:16,4458.36,4459.99,4457.07,4457.08,1337
2025.12.29,15:17,4456.97,4459.36,4455.95,4458.51,961
2025.12.29,15:18,4458.48,4460.11,4456.98,4459.07,1089
2025.12.29,15:19,4458.98,4459.48,4456.24,4456.40,892
2025.12.29,15:20,4456.39,4456.57,4452.81,4454.68,1262
2025.12.29,15:21,4454.70,4456.46,4453.27,4453.35,1145
2025.12.29,15:22,4453.44,4454.70,4451.97,4454.01,967
2025.12.29,15:23,4454.10,4455.32,4451.62,4453.25,840
2025.12.29,15:24,4453.00,4454.00,4451.10,4452.01,1039
2025.12.29,15:25,4452.02,4452.84,4449.70,4450.29,1380
2025.12.29,15:26,4450.29,4454.04,4450.13,4453.30,1050
2025.12.29,15:27,4453.22,4453.37,4449.15,4449.23,825
2025.12.29,15:28,4449.44,4449.75,4445.30,4448.49,1303
2025.12.29,15:29,4448.53,4452.34,4447.56,4451.62,1007
2025.12.29,15:30,4451.59,4452.36,4448.49,4451.53,1235
2025.12.29,15:31,4451.54,4452.05,4449.54,4450.90,1559
2025.12.29,15:32,4450.98,4454.29,4450.67,4451.52,1534
2025.12.29,15:33,4451.52,4454.91,4451.52,4454.26,1165
2025.12.29,15:34,4454.27,4454.56,4449.89,4450.09,1186
2025.12.29,15:35,4450.30,4454.20,4450.05,4452.23,1680
2025.12.29,15:36,4452.31,4453.85,4450.99,4452.33,1674
2025.12.29,15:37,4452.37,4453.83,4450.22,4450.56,898
2025.12.29,15:38,4450.60,4451.19,4448.29,4449.41,857
2025.12.29,15:39,4449.48,4450.49,4446.08,4449.14,1696
2025.12.29,15:40,4449.24,4449.59,4445.14,4445.74,1515
2025.12.29,15:41,4445.57,4445.80,4439.68,4439.77,1666
2025.12.29,15:42,4439.74,4440.70,4427.57,4428.59,1635
2025.12.29,15:43,4428.51,4431.63,4425.51,4431.55,1563
2025.12.29,15:44,4431.39,4432.30,4427.28,4429.56,1196
2025.12.29,15:45,4429.54,4429.54,4423.57,4424.86,1115
2025.12.29,15:46,4424.89,4425.95,4421.40,4422.45,1098
2025.12.29,15:47,4422.77,4423.77,4417.63,4423.54,1332
2025.12.29,15:48,4423.55,4423.79,4417.86,4418.02,1324
2025.12.29,15:49,4418.00,4420.80,4414.33,4417.02,1165
2025.12.29,15:50,4417.04,4418.41,4411.06,4411.88,1100
2025.12.29,15:51,4411.93,4412.19,4406.51,4411.00,2153
2025.12.29,15:52,4411.01,4415.03,4408.36,4413.18,1509
2025.12.29,15:53,4413.12,4419.14,4412.25,4417.21,1363
2025.12.29,15:54,4417.42,4418.30,4411.74,4411.74,1396
2025.12.29,15:55,4411.54,4412.16,4407.69,4410.04,959
2025.12.29,15:56,4410.08,4412.15,4406.94,4410.58,1112
2025.12.29,15:57,4410.67,4416.07,4410.22,4415.85,1100
2025.12.29,15:58,4415.84,4417.62,4414.27,4415.16,1088
2025.12.29,15:59,4415.14,4422.05,4415.13,4421.40,1282
2025.12.29,16:00,4421.34,4421.34,4411.76,4412.17,1715
2025.12.29,16:01,4412.16,4413.03,4405.66,4406.93,2084
2025.12.29,16:02,4406.75,4410.32,4404.30,4406.07,1816
2025.12.29,16:03,4406.02,4406.03,4400.06,4401.40,1676
2025.12.29,16:04,4401.33,4405.32,4399.07,4399.71,1534
2025.12.29,16:05,4399.67,4403.25,4397.62,4397.62,1521
2025.12.29,16:06,4397.71,4400.02,4385.75,4387.17,1575
2025.12.29,16:07,4387.61,4392.34,4387.04,4392.27,1577
2025.12.29,16:08,4392.07,4396.11,4388.39,4389.18,1350
2025.12.29,16:09,4389.15,4393.64,4389.15,4391.27,1233
2025.12.29,16:10,4391.26,4396.86,4389.42,4394.37,1036
2025.12.29,16:11,4394.45,4396.35,4390.06,4391.60,934
2025.12.29,16:12,4391.54,4393.20,4387.32,4393.08,1102
2025.12.29,16:13,4393.13,4399.48,4392.93,4397.54,1022
2025.12.29,16:14,4397.60,4399.72,4396.41,4398.60,1039
2025.12.29,16:15,4398.55,4405.24,4396.66,4405.10,911
2025.12.29,16:16,4405.10,4405.59,4400.89,4401.35,1080
2025.12.29,16:17,4401.38,4403.60,4400.15,4403.18,990
2025.12.29,16:18,4403.16,4404.59,4394.62,4395.89,927
2025.12.29,16:19,4395.35,4396.84,4391.85,4395.26,1175
2025.12.29,16:20,4395.24,4396.20,4393.10,4395.35,1173
2025.12.29,16:21,4395.32,4397.03,4394.19,4395.98,858
2025.12.29,16:22,4396.10,4397.54,4389.82,4390.40,844
2025.12.29,16:23,4390.42,4394.40,4390.20,4393.33,856
2025.12.29,16:24,4393.29,4395.26,4388.86,4389.47,973
2025.12.29,16:25,4389.26,4391.45,4386.37,4389.29,1103
2025.12.29,16:26,4389.40,4395.54,4388.54,4394.47,868
2025.12.29,16:27,4394.44,4395.43,4390.23,4391.06,786
2025.12.29,16:28,4391.02,4394.22,4386.91,4393.87,1043
2025.12.29,16:29,4393.88,4394.61,4389.33,4389.49,775
2025.12.29,16:30,4389.50,4389.83,4366.90,4369.28,2271
2025.12.29,16:31,4369.28,4373.93,4365.85,4372.48,2343
2025.12.29,16:32,4372.53,4375.58,4369.35,4375.34,1531
2025.12.29,16:33,4375.40,4379.32,4373.09,4376.23,1183
2025.12.29,16:34,4376.02,4381.93,4375.91,4381.17,1263
2025.12.29,16:35,4381.04,4386.69,4376.05,4386.34,1450
2025.12.29,16:36,4386.35,4388.73,4383.19,4383.63,1477
2025.12.29,16:37,4383.66,4384.91,4376.63,4376.78,2066
2025.12.29,16:38,4376.84,4379.09,4372.71,4374.10,2033
2025.12.29,16:39,4374.14,4379.27,4371.55,4372.10,1408
2025.12.29,16:40,4372.08,4372.08,4367.35,4368.55,2399
2025.12.29,16:41,4368.75,4370.49,4358.45,4361.47,1912
2025.12.29,16:42,4361.46,4362.60,4356.42,4360.41,2356
2025.12.29,16:43,4360.42,4364.54,4358.55,4364.42,2051
2025.12.29,16:44,4364.80,4374.18,4364.80,4373.60,1643
2025.12.29,16:45,4373.57,4380.43,4373.31,4379.90,1696
2025.12.29,16:46,4379.66,4383.86,4378.83,4382.97,2027
2025.12.29,16:47,4382.77,4384.72,4381.81,4382.81,2122
2025.12.29,16:48,4382.79,4384.38,4376.23,4376.32,2261
2025.12.29,16:49,4376.24,4378.51,4373.96,4376.55,2494
2025.12.29,16:50,4376.82,4379.17,4374.03,4378.79,1933
2025.12.29,16:51,4378.62,4378.73,4370.68,4370.68,1914
2025.12.29,16:52,4370.66,4376.04,4369.68,4370.67,1854
2025.12.29,16:53,4370.67,4375.32,4369.95,4374.18,1771
2025.12.29,16:54,4374.25,4374.76,4368.68,4368.87,1795
2025.12.29,16:55,4368.80,4373.65,4366.97,4373.42,1827
2025.12.29,16:56,4373.58,4374.60,4366.89,4367.63,1906
2025.12.29,16:57,4367.60,4369.70,4362.36,4364.58,1411
2025.12.29,16:58,4364.44,4364.45,4358.78,4359.50,1193
2025.12.29,16:59,4359.53,4362.40,4358.54,4360.29,757
2025.12.29,17:00,4360.07,4360.26,4346.58,4351.62,1354
2025.12.29,17:01,4351.64,4354.12,4348.19,4350.08,1535
2025.12.29,17:02,4350.09,4351.95,4338.41,4342.80,1943
2025.12.29,17:03,4342.85,4344.67,4339.22,4342.21,1402
2025.12.29,17:04,4342.15,4342.48,4338.25,4341.35,1176
2025.12.29,17:05,4341.40,4346.57,4337.39,4339.15,1402
2025.12.29,17:06,4339.03,4342.64,4334.30,4335.01,1839
2025.12.29,17:07,4335.04,4336.94,4327.65,4329.01,1861
2025.12.29,17:08,4328.82,4335.46,4328.19,4334.22,1515
2025.12.29,17:09,4334.25,4344.82,4334.19,4343.72,1123
2025.12.29,17:10,4343.85,4343.95,4338.01,4341.31,1181
2025.12.29,17:11,4341.23,4341.69,4333.22,4335.51,1414
2025.12.29,17:12,4335.61,4344.20,4335.61,4341.58,1442
2025.12.29,17:13,4341.54,4344.57,4336.38,4344.51,1382
2025.12.29,17:14,4344.44,4345.56,4341.45,4342.60,982
2025.12.29,17:15,4342.33,4342.48,4335.03,4335.29,1175
2025.12.29,17:16,4335.33,4335.64,4328.68,4329.55,1108
2025.12.29,17:17,4329.44,4335.39,4329.31,4333.20,1381
2025.12.29,17:18,4332.96,4337.23,4331.78,4333.07,1460
2025.12.29,17:19,4332.98,4334.48,4329.65,4332.05,1239
2025.12.29,17:20,4332.01,4333.51,4323.81,4324.67,1326
2025.12.29,17:21,4324.63,4325.32,4316.46,4316.77,1523
2025.12.29,17:22,4316.83,4318.14,4301.30,4313.73,2275
2025.12.29,17:23,4313.79,4314.62,4307.90,4311.95,1867
2025.12.29,17:24,4311.90,4316.13,4310.92,4315.65,1322
2025.12.29,17:25,4315.67,4323.45,4315.27,4323.21,1446
2025.12.29,17:26,4323.33,4325.49,4320.56,4324.48,1659
2025.12.29,17:27,4324.50,4329.30,4323.77,4325.58,1565
2025.12.29,17:28,4325.57,4326.97,4322.51,4322.96,1715
2025.12.29,17:29,4322.90,4322.93,4317.52,4319.67,2064
2025.12.29,17:30,4319.53,4326.74,4317.78,4326.42,1636
2025.12.29,17:31,4326.47,4326.47,4318.26,4321.37,1777
2025.12.29,17:32,4321.34,4322.71,4316.31,4320.67,1946
2025.12.29,17:33,4320.61,4324.62,4318.03,4323.48,1559
2025.12.29,17:34,4323.52,4328.61,4322.67,4328.02,1374
2025.12.29,17:35,4328.15,4334.79,4324.77,4332.99,1987
2025.12.29,17:36,4333.00,4335.92,4329.60,4334.37,1897
2025.12.29,17:37,4334.40,4336.19,4331.56,4333.14,2001
2025.12.29,17:38,4332.86,4333.11,4326.82,4328.42,1683
2025.12.29,17:39,4328.46,4328.50,4324.56,4327.65,1812
2025.12.29,17:40,4327.51,4332.01,4326.09,4331.58,1787
2025.12.29,17:41,4331.57,4331.84,4324.06,4325.04,1599
2025.12.29,17:42,4325.11,4330.08,4324.79,4329.89,1535
2025.12.29,17:43,4330.01,4336.67,4330.01,4334.64,1632
2025.12.29,17:44,4334.66,4334.66,4330.96,4331.28,1148
2025.12.29,17:45,4331.26,4338.63,4331.09,4338.59,1470
2025.12.29,17:46,4338.60,4339.98,4333.73,4334.50,1505
2025.12.29,17:47,4334.45,4335.95,4327.31,4328.08,1547
2025.12.29,17:48,4327.98,4330.71,4326.74,4329.53,1625
2025.12.29,17:49,4329.54,4330.09,4327.17,4328.54,1423
2025.12.29,17:50,4328.60,4330.96,4324.20,4325.45,1434
2025.12.29,17:51,4325.49,4327.64,4323.24,4324.94,1214
2025.12.29,17:52,4324.96,4329.09,4324.79,4327.06,1268
2025.12.29,17:53,4327.01,4331.09,4326.34,4326.76,1259
2025.12.29,17:54,4326.75,4327.91,4325.16,4325.78,776
2025.12.29,17:55,4325.58,4328.19,4323.26,4325.67,1071
2025.12.29,17:56,4325.43,4326.39,4323.62,4325.07,1066
2025.12.29,17:57,4325.07,4325.29,4322.37,4323.18,1008
2025.12.29,17:58,4323.20,4329.90,4323.20,4328.30,1152
2025.12.29,17:59,4328.24,4328.25,4325.05,4325.20,744
2025.12.29,18:00,4325.17,4328.71,4323.22,4328.42,993
2025.12.29,18:01,4328.67,4333.75,4328.37,4332.90,944
2025.12.29,18:02,4332.87,4337.34,4332.35,4332.48,1337
2025.12.29,18:03,4332.47,4334.98,4331.05,4334.84,1592
2025.12.29,18:04,4334.81,4338.61,4334.50,4336.26,1364
2025.12.29,18:05,4336.23,4337.24,4330.54,4331.04,1370
2025.12.29,18:06,4330.78,4334.89,4330.50,4332.68,921
2025.12.29,18:07,4332.65,4334.88,4331.58,4332.44,975
2025.12.29,18:08,4332.44,4337.32,4332.44,4336.46,845
2025.12.29,18:09,4336.52,4338.84,4335.78,4336.28,735
2025.12.29,18:10,4336.35,4339.57,4336.04,4336.98,770
2025.12.29,18:11,4336.95,4339.13,4336.27,4337.96,960
2025.12.29,18:12,4337.97,4342.60,4337.97,4339.63,1029
2025.12.29,18:13,4339.66,4340.32,4333.19,4333.23,1057
2025.12.29,18:14,4333.20,4333.74,4331.86,4333.74,816
2025.12.29,18:15,4333.77,4334.84,4328.44,4330.32,1213
2025.12.29,18:16,4330.24,4330.24,4324.45,4325.15,1556
2025.12.29,18:17,4325.08,4328.63,4324.77,4326.98,1722
2025.12.29,18:18,4326.92,4327.58,4324.07,4325.97,1439
2025.12.29,18:19,4325.88,4328.96,4324.89,4328.80,1121
2025.12.29,18:20,4328.55,4331.38,4328.03,4330.58,1045
2025.12.29,18:21,4330.58,4331.75,4327.71,4331.55,1056
2025.12.29,18:22,4331.49,4335.88,4330.22,4334.89,983
2025.12.29,18:23,4334.84,4337.60,4334.34,4336.07,641
2025.12.29,18:24,4336.10,4337.44,4334.55,4334.66,958
2025.12.29,18:25,4334.77,4337.15,4332.71,4333.64,1110
2025.12.29,18:26,4333.63,4334.66,4331.73,4332.71,1352
2025.12.29,18:27,4332.54,4335.75,4330.80,4334.68,1298
2025.12.29,18:28,4334.66,4335.45,4333.47,4335.19,659
2025.12.29,18:29,4335.17,4335.83,4333.36,4334.09,727
2025.12.29,18:30,4334.09,4337.27,4333.28,4336.64,793
2025.12.29,18:31,4336.50,4336.74,4333.32,4335.05,848
2025.12.29,18:32,4335.04,4336.25,4333.95,4335.35,1002
2025.12.29,18:33,4335.18,4335.94,4333.69,4335.90,967
2025.12.29,18:34,4335.88,4337.94,4334.90,4336.39,1042
2025.12.29,18:35,4336.40,4340.02,4334.85,4337.49,1228
2025.12.29,18:36,4337.53,4338.19,4334.56,4335.36,1274
2025.12.29,18:37,4335.45,4338.03,4334.84,4337.55,793
2025.12.29,18:38,4337.28,4340.87,4337.22,4340.85,893
2025.12.29,18:39,4340.92,4342.02,4338.96,4340.71,871
2025.12.29,18:40,4340.61,4342.30,4336.42,4336.63,1026
2025.12.29,18:41,4336.67,4337.35,4333.88,4334.94,611
2025.12.29,18:42,4335.22,4335.45,4328.81,4332.47,1011
2025.12.29,18:43,4332.42,4334.56,4332.25,4333.27,1085
2025.12.29,18:44,4333.29,4335.92,4333.29,4334.85,831
2025.12.29,18:45,4334.86,4337.86,4334.37,4336.87,924
2025.12.29,18:46,4336.86,4339.36,4336.60,4337.48,928
2025.12.29,18:47,4337.52,4337.82,4335.78,4337.38,672
2025.12.29,18:48,4337.27,4339.06,4336.94,4339.06,700
2025.12.29,18:49,4338.80,4339.72,4337.12,4338.10,694
2025.12.29,18:50,4338.01,4339.47,4336.59,4336.95,783
2025.12.29,18:51,4336.81,4339.02,4336.12,4338.06,600
2025.12.29,18:52,4338.07,4341.36,4338.07,4340.66,833
2025.12.29,18:53,4340.41,4342.06,4338.84,4341.73,750
2025.12.29,18:54,4341.79,4346.07,4341.60,4345.56,1207
2025.12.29,18:55,4345.60,4347.44,4344.47,4344.56,1253
2025.12.29,18:56,4344.55,4345.12,4343.38,4344.29,769
2025.12.29,18:57,4344.17,4347.08,4343.30,4347.05,746
2025.12.29,18:58,4346.85,4347.48,4343.94,4344.50,1070
2025.12.29,18:59,4344.44,4346.96,4340.78,4341.69,1184
2025.12.29,19:00,4341.72,4342.92,4339.98,4340.67,1278
2025.12.29,19:01,4340.67,4343.11,4339.97,4340.88,689
2025.12.29,19:02,4340.89,4341.67,4337.64,4338.86,800
2025.12.29,19:03,4338.81,4341.40,4338.32,4338.98,800
2025.12.29,19:04,4339.04,4339.78,4337.07,4339.64,796
2025.12.29,19:05,4339.68,4340.00,4335.81,4336.55,1030
2025.12.29,19:06,4336.44,4336.44,4331.70,4332.57,795
2025.12.29,19:07,4332.56,4334.67,4331.98,4333.89,679
2025.12.29,19:08,4333.63,4334.06,4331.39,4331.79,623
2025.12.29,19:09,4331.70,4333.48,4329.93,4330.48,680
2025.12.29,19:10,4330.45,4330.57,4328.42,4329.98,529
2025.12.29,19:11,4329.96,4331.95,4329.00,4330.11,780
2025.12.29,19:12,4330.32,4332.64,4326.55,4327.18,987
2025.12.29,19:13,4327.26,4329.43,4325.66,4329.10,925
2025.12.29,19:14,4329.35,4331.25,4328.72,4329.48,666
2025.12.29,19:15,4329.66,4332.46,4328.43,4332.13,726
2025.12.29,19:16,4332.15,4333.30,4330.15,4331.68,634
2025.12.29,19:17,4331.76,4333.56,4329.62,4332.38,571
2025.12.29,19:18,4332.36,4333.20,4330.47,4331.23,637
2025.12.29,19:19,4331.24,4333.07,4331.05,4332.13,518
2025.12.29,19:20,4332.12,4332.64,4327.56,4327.73,1015
2025.12.29,19:21,4327.70,4329.85,4327.11,4328.89,718
2025.12.29,19:22,4328.82,4329.77,4328.07,4328.88,584
2025.12.29,19:23,4328.91,4329.80,4327.41,4328.11,645
2025.12.29,19:24,4328.07,4328.29,4325.18,4325.65,796
2025.12.29,19:25,4325.66,4325.66,4323.58,4323.88,958
2025.12.29,19:26,4324.10,4325.44,4322.35,4324.46,952
2025.12.29,19:27,4324.45,4326.95,4324.42,4326.46,837
2025.12.29,19:28,4326.50,4328.71,4325.90,4327.42,693
2025.12.29,19:29,4327.44,4329.30,4326.56,4328.92,948
2025.12.29,19:30,4328.87,4329.80,4326.55,4326.57,910
2025.12.29,19:31,4326.52,4326.92,4324.44,4325.64,883
2025.12.29,19:32,4325.68,4327.70,4324.68,4327.43,1028
2025.12.29,19:33,4327.70,4329.55,4327.01,4329.19,964
2025.12.29,19:34,4329.18,4329.19,4326.58,4327.87,840
2025.12.29,19:35,4327.85,4328.17,4324.90,4325.77,1006
2025.12.29,19:36,4325.78,4327.51,4324.44,4325.71,951
2025.12.29,19:37,4325.69,4325.81,4323.07,4323.33,674
2025.12.29,19:38,4323.30,4324.96,4315.86,4316.24,1122
2025.12.29,19:39,4316.13,4318.60,4315.42,4316.62,1098
2025.12.29,19:40,4316.63,4320.66,4314.52,4320.19,943
2025.12.29,19:41,4320.20,4322.55,4319.08,4319.44,1067
2025.12.29,19:42,4319.61,4320.66,4317.28,4320.35,1143
2025.12.29,19:43,4320.31,4320.67,4318.15,4319.60,1034
2025.12.29,19:44,4319.62,4320.56,4318.58,4319.34,907
2025.12.29,19:45,4319.29,4323.10,4318.85,4322.15,826
2025.12.29,19:46,4322.13,4325.05,4322.12,4323.35,976
2025.12.29,19:47,4323.62,4324.83,4323.17,4324.36,853
2025.12.29,19:48,4324.34,4325.46,4321.77,4321.95,1050
2025.12.29,19:49,4321.95,4323.91,4321.76,4323.22,842
2025.12.29,19:50,4323.24,4324.60,4321.56,4324.32,669
2025.12.29,19:51,4324.48,4325.59,4323.26,4323.77,588
2025.12.29,19:52,4323.75,4324.29,4321.85,4322.22,636
2025.12.29,19:53,4322.29,4323.03,4320.60,4322.18,539
2025.12.29,19:54,4322.17,4322.97,4320.88,4321.16,731
2025.12.29,19:55,4321.03,4322.83,4320.65,4321.73,584
2025.12.29,19:56,4321.70,4325.21,4321.70,4324.45,510
2025.12.29,19:57,4324.47,4328.24,4323.41,4328.18,785
2025.12.29,19:58,4328.16,4329.64,4328.05,4328.95,1025
2025.12.29,19:59,4328.96,4329.19,4327.12,4328.11,1402
2025.12.29,20:00,4328.02,4330.39,4328.02,4329.60,871
2025.12.29,20:01,4329.57,4331.97,4328.78,4330.86,813
2025.12.29,20:02,4330.82,4331.56,4329.09,4330.38,823
2025.12.29,20:03,4330.41,4332.52,4329.51,4332.11,793
2025.12.29,20:04,4332.10,4332.80,4329.97,4331.11,975
2025.12.29,20:05,4331.13,4331.51,4329.03,4329.96,1081
2025.12.29,20:06,4330.22,4330.62,4327.43,4328.38,1287
2025.12.29,20:07,4328.34,4329.75,4326.19,4329.55,1038
2025.12.29,20:08,4329.56,4333.39,4329.35,4332.67,1223
2025.12.29,20:09,4332.60,4332.69,4329.31,4330.81,1219
2025.12.29,20:10,4330.70,4331.39,4325.52,4328.63,1116
2025.12.29,20:11,4328.55,4331.26,4327.54,4331.19,803
2025.12.29,20:12,4331.18,4332.26,4330.40,4331.62,673
2025.12.29,20:13,4331.65,4332.07,4329.85,4331.14,858
2025.12.29,20:14,4331.15,4331.65,4328.79,4329.33,667
2025.12.29,20:15,4329.39,4331.44,4329.04,4330.86,612
2025.12.29,20:16,4330.87,4332.49,4330.05,4331.33,700
2025.12.29,20:17,4331.49,4332.34,4330.30,4331.82,663
2025.12.29,20:18,4331.89,4332.18,4329.12,4330.05,926
2025.12.29,20:19,4330.06,4331.20,4328.88,4329.15,678
2025.12.29,20:20,4329.12,4332.01,4328.62,4331.11,1006
2025.12.29,20:21,4331.07,4331.39,4326.52,4329.54,1742
2025.12.29,20:22,4329.52,4330.56,4327.29,4329.91,1312
2025.12.29,20:23,4329.91,4330.55,4327.28,4328.21,1676
2025.12.29,20:24,4328.31,4332.43,4327.99,4331.45,2727
2025.12.29,20:25,4331.41,4335.03,4329.83,4330.39,2256
2025.12.29,20:26,4330.49,4331.15,4328.17,4329.00,1247
2025.12.29,20:27,4329.12,4329.23,4324.85,4325.75,1577
2025.12.29,20:28,4325.80,4326.41,4323.43,4325.43,2139
2025.12.29,20:29,4325.37,4328.59,4322.84,4327.87,1915
2025.12.29,20:30,4327.85,4329.41,4326.18,4328.84,975
2025.12.29,20:31,4328.90,4332.26,4327.96,4331.95,1033
2025.12.29,20:32,4331.92,4332.05,4329.59,4330.04,924
2025.12.29,20:33,4330.13,4331.71,4329.74,4331.46,675
2025.12.29,20:34,4331.47,4331.78,4327.59,4328.89,927
2025.12.29,20:35,4328.87,4332.62,4328.83,4332.25,1250
2025.12.29,20:36,4331.99,4332.15,4329.48,4330.56,709
2025.12.29,20:37,4330.51,4334.27,4329.90,4333.39,1215
2025.12.29,20:38,4333.41,4334.08,4331.35,4331.77,920
2025.12.29,20:39,4332.08,4333.23,4331.25,4331.59,823
2025.12.29,20:40,4331.58,4332.22,4330.95,4331.68,641
2025.12.29,20:41,4331.79,4333.19,4331.38,4331.58,525
2025.12.29,20:42,4331.57,4333.57,4331.47,4332.28,529
2025.12.29,20:43,4332.27,4332.64,4330.80,4331.39,398
2025.12.29,20:44,4331.44,4331.44,4328.67,4330.38,528
2025.12.29,20:45,4330.39,4332.03,4329.41,4331.45,392
2025.12.29,20:46,4331.48,4332.39,4330.57,4331.50,563
2025.12.29,20:47,4331.49,4332.35,4330.72,4331.23,583
2025.12.29,20:48,4331.27,4331.96,4331.23,4331.55,477
2025.12.29,20:49,4331.46,4331.64,4328.63,4328.68,347
2025.12.29,20:50,4328.73,4329.77,4328.00,4329.19,299
2025.12.29,20:51,4329.23,4331.12,4328.73,4329.35,458
2025.12.29,20:52,4329.38,4330.04,4328.66,4329.47,398
2025.12.29,20:53,4329.51,4331.15,4328.58,4330.76,494
2025.12.29,20:54,4330.82,4331.14,4329.55,4329.76,341
2025.12.29,20:55,4329.77,4331.58,4329.48,4330.64,483
2025.12.29,20:56,4330.66,4331.26,4330.44,4330.85,273
2025.12.29,20:57,4330.86,4330.98,4329.48,4330.05,297
2025.12.29,20:58,4330.07,4331.07,4330.03,4331.00,310
2025.12.29,20:59,4331.07,4331.92,4330.72,4331.53,568
2025.12.29,21:00,4331.80,4333.11,4329.48,4330.41,710
2025.12.29,21:01,4330.43,4330.46,4327.57,4329.76,781
2025.12.29,21:02,4329.73,4330.05,4328.36,4329.71,505
2025.12.29,21:03,4329.73,4331.25,4329.01,4330.33,780
2025.12.29,21:04,4330.33,4331.12,4329.48,4331.05,724
2025.12.29,21:05,4331.30,4332.05,4330.00,4330.11,593
2025.12.29,21:06,4330.09,4330.20,4328.49,4329.53,508
2025.12.29,21:07,4329.56,4329.77,4328.39,4328.72,550
2025.12.29,21:08,4328.74,4329.83,4327.79,4329.70,725
2025.12.29,21:09,4329.91,4330.52,4329.07,4329.34,620
2025.12.29,21:10,4329.28,4329.67,4328.35,4328.92,343
2025.12.29,21:11,4328.91,4331.09,4328.80,4330.97,396
2025.12.29,21:12,4331.14,4331.46,4330.39,4330.92,382
2025.12.29,21:13,4330.91,4332.94,4330.13,4332.89,318
2025.12.29,21:14,4332.88,4335.58,4332.74,4335.32,913
2025.12.29,21:15,4335.41,4336.32,4334.23,4334.74,843
2025.12.29,21:16,4335.01,4336.15,4334.33,4335.91,362
2025.12.29,21:17,4335.89,4336.74,4334.76,4334.83,593
2025.12.29,21:18,4334.85,4335.08,4332.23,4332.95,906
2025.12.29,21:19,4332.91,4334.74,4332.63,4333.68,814
2025.12.29,21:20,4333.70,4334.79,4333.46,4333.58,444
2025.12.29,21:21,4333.53,4334.98,4333.53,4334.05,657
2025.12.29,21:22,4334.04,4334.97,4333.42,4333.64,466
2025.12.29,21:23,4333.62,4333.85,4331.35,4331.38,570
2025.12.29,21:24,4331.41,4331.75,4330.00,4330.13,650
2025.12.29,21:25,4329.85,4330.84,4328.41,4329.12,625
2025.12.29,21:26,4329.02,4331.03,4328.54,4330.75,796
2025.12.29,21:27,4330.60,4331.67,4329.43,4330.96,1231
2025.12.29,21:28,4331.03,4332.49,4330.77,4331.81,527
2025.12.29,21:29,4331.80,4332.03,4330.28,4330.56,363
2025.12.29,21:30,4330.58,4332.28,4330.38,4331.91,347
2025.12.29,21:31,4331.92,4334.18,4331.76,4332.47,525
2025.12.29,21:32,4332.49,4334.51,4332.14,4333.33,357
2025.12.29,21:33,4333.38,4334.37,4332.93,4333.91,479
2025.12.29,21:34,4333.64,4335.61,4333.64,4334.89,511
2025.12.29,21:35,4334.86,4335.40,4334.48,4334.71,396
2025.12.29,21:36,4334.61,4335.88,4334.41,4335.13,337
2025.12.29,21:37,4335.16,4335.81,4334.62,4335.00,382
2025.12.29,21:38,4334.98,4335.06,4333.61,4333.90,502
2025.12.29,21:39,4333.86,4334.38,4333.20,4333.20,518
2025.12.29,21:40,4333.21,4333.74,4331.32,4331.54,901
2025.12.29,21:41,4331.55,4331.75,4330.20,4330.94,644
2025.12.29,21:42,4330.99,4332.09,4330.90,4331.64,305
2025.12.29,21:43,4331.51,4332.58,4331.19,4332.58,434
2025.12.29,21:44,4332.57,4333.78,4332.11,4332.27,410
2025.12.29,21:45,4332.39,4332.66,4331.39,4332.44,445
2025.12.29,21:46,4332.40,4333.85,4332.26,4333.35,342
2025.12.29,21:47,4333.36,4333.78,4332.29,4332.75,462
2025.12.29,21:48,4332.72,4333.04,4331.76,4332.33,441
2025.12.29,21:49,4332.35,4333.19,4331.40,4331.69,442
2025.12.29,21:50,4331.66,4332.42,4331.52,4332.28,309
2025.12.29,21:51,4332.26,4332.85,4331.34,4331.43,434
2025.12.29,21:52,4331.42,4332.88,4331.10,4332.39,471
2025.12.29,21:53,4332.37,4333.67,4332.17,4333.26,374
2025.12.29,21:54,4333.27,4333.78,4332.42,4332.66,610
2025.12.29,21:55,4332.70,4335.47,4332.30,4334.56,668
2025.12.29,21:56,4334.53,4336.42,4334.26,4335.94,596
2025.12.29,21:57,4335.98,4337.90,4335.84,4337.46,716
2025.12.29,21:58,4337.48,4337.54,4335.01,4336.35,1078
2025.12.29,21:59,4336.29,4337.94,4336.29,4336.88,682
2025.12.29,22:00,4336.88,4338.96,4336.52,4338.21,504
2025.12.29,22:01,4338.17,4339.22,4338.11,4338.82,452
2025.12.29,22:02,4338.84,4340.66,4338.38,4340.35,501
2025.12.29,22:03,4340.42,4341.78,4339.95,4341.51,663
2025.12.29,22:04,4341.39,4343.50,4340.52,4343.11,654
2025.12.29,22:05,4343.08,4343.72,4342.63,4343.53,359
2025.12.29,22:06,4343.50,4344.57,4342.05,4342.32,621
2025.12.29,22:07,4342.36,4343.63,4340.09,4340.49,555
2025.12.29,22:08,4340.45,4341.02,4339.60,4340.65,317
2025.12.29,22:09,4340.52,4340.88,4338.00,4339.67,539
2025.12.29,22:10,4339.55,4340.54,4338.57,4339.76,406
2025.12.29,22:11,4339.75,4340.63,4338.11,4340.12,661
2025.12.29,22:12,4340.08,4340.64,4339.48,4340.42,320
2025.12.29,22:13,4340.43,4342.81,4340.31,4341.64,799
2025.12.29,22:14,4341.66,4343.02,4341.27,4342.48,598
2025.12.29,22:15,4342.52,4342.80,4339.23,4339.62,731
2025.12.29,22:16,4339.62,4341.32,4339.51,4340.62,455
2025.12.29,22:17,4340.64,4342.54,4339.92,4342.44,469
2025.12.29,22:18,4342.47,4342.76,4339.58,4340.68,608
2025.12.29,22:19,4340.67,4342.30,4340.37,4342.00,397
2025.12.29,22:20,4341.87,4342.10,4340.08,4340.54,554
2025.12.29,22:21,4340.56,4340.85,4339.17,4339.45,558
2025.12.29,22:22,4339.43,4339.79,4337.17,4338.06,613
2025.12.29,22:23,4338.10,4339.08,4337.93,4338.69,568
2025.12.29,22:24,4338.68,4339.24,4337.10,4337.27,632
2025.12.29,22:25,4337.28,4340.45,4337.14,4339.88,460
2025.12.29,22:26,4339.90,4340.73,4339.43,4339.66,605
2025.12.29,22:27,4339.69,4341.24,4339.40,4340.93,379
2025.12.29,22:28,4340.94,4341.14,4340.09,4340.28,297
2025.12.29,22:29,4340.29,4340.73,4339.83,4340.53,249
2025.12.29,22:30,4340.65,4341.43,4339.19,4339.46,449
2025.12.29,22:31,4339.51,4339.60,4338.51,4339.39,274
2025.12.29,22:32,4339.44,4339.92,4338.87,4339.76,219
2025.12.29,22:33,4339.75,4339.75,4337.43,4337.97,295
2025.12.29,22:34,4337.94,4338.18,4336.44,4336.75,287
2025.12.29,22:35,4336.80,4337.61,4335.40,4335.82,489
2025.12.29,22:36,4335.81,4336.08,4329.64,4331.10,707
2025.12.29,22:37,4331.15,4331.52,4327.50,4328.32,919
2025.12.29,22:38,4328.29,4329.10,4325.73,4328.50,970
2025.12.29,22:39,4328.49,4330.72,4327.10,4330.29,795
2025.12.29,22:40,4330.14,4331.74,4330.01,4331.09,686
2025.12.29,22:41,4331.16,4332.64,4329.71,4329.89,891
2025.12.29,22:42,4329.86,4330.29,4328.51,4329.28,600
2025.12.29,22:43,4329.30,4331.64,4328.87,4331.23,613
2025.12.29,22:44,4331.26,4333.45,4330.62,4333.34,478
2025.12.29,22:45,4333.41,4333.98,4332.50,4333.16,895
2025.12.29,22:46,4333.17,4333.99,4332.50,4332.90,583
2025.12.29,22:47,4332.81,4334.25,4332.54,4334.18,406
2025.12.29,22:48,4334.08,4334.95,4333.80,4334.41,426
2025.12.29,22:49,4334.34,4334.65,4332.33,4333.24,729
2025.12.29,22:50,4333.30,4335.72,4332.46,4335.18,1318
2025.12.29,22:51,4335.21,4335.25,4333.73,4334.12,663
2025.12.29,22:52,4334.11,4334.76,4333.33,4334.66,639
2025.12.29,22:53,4334.68,4334.89,4333.80,4334.21,542
2025.12.29,22:54,4334.32,4334.32,4330.82,4331.70,720
2025.12.29,22:55,4331.43,4333.09,4331.40,4332.62,702
2025.12.29,22:56,4332.60,4333.74,4332.32,4332.74,541
2025.12.29,22:57,4332.68,4332.81,4330.09,4330.68,731
2025.12.29,22:58,4330.78,4330.92,4328.82,4330.19,614
2025.12.29,22:59,4332.58,4335.23,4332.42,4334.71,1141
2025.12.29,23:00,4334.66,4334.82,4332.92,4332.97,497
2025.12.29,23:01,4332.93,4333.02,4329.72,4330.54,325
2025.12.29,23:02,4330.48,4330.54,4328.32,4329.10,476
2025.12.29,23:03,4329.07,4330.87,4328.57,4330.67,764
2025.12.29,23:04,4330.74,4332.88,4330.60,4332.73,456
2025.12.29,23:05,4332.86,4333.90,4332.37,4332.55,499
2025.12.29,23:06,4332.41,4333.70,4332.28,4333.65,228
2025.12.29,23:07,4333.67,4336.71,4333.30,4336.57,268
2025.12.29,23:08,4336.54,4338.30,4336.45,4337.88,252
2025.12.29,23:09,4337.78,4338.27,4335.56,4338.04,266
2025.12.29,23:10,4338.08,4339.13,4336.69,4338.93,301
2025.12.29,23:11,4338.89,4339.31,4336.71,4337.20,543
2025.12.29,23:12,4337.25,4337.74,4335.26,4337.04,376
2025.12.29,23:13,4336.94,4337.20,4336.43,4336.75,244
2025.12.29,23:14,4336.72,4336.81,4335.41,4335.64,178
2025.12.29,23:15,4335.67,4337.70,4335.67,4336.97,231
2025.12.29,23:16,4336.99,4337.29,4335.98,4336.10,102
2025.12.29,23:17,4336.06,4336.90,4335.56,4336.17,172
2025.12.29,23:18,4336.19,4336.59,4334.17,4335.06,274
2025.12.29,23:19,4334.92,4336.06,4333.28,4333.86,282
2025.12.29,23:20,4333.82,4334.75,4333.69,4334.63,105
2025.12.29,23:21,4334.62,4335.08,4334.60,4334.62,74
2025.12.29,23:22,4334.63,4335.84,4334.50,4334.82,291
2025.12.29,23:23,4334.82,4334.93,4333.62,4333.68,365
2025.12.29,23:24,4333.67,4333.74,4332.51,4333.51,252
2025.12.29,23:25,4333.54,4334.37,4333.40,4333.93,333
2025.12.29,23:26,4333.95,4334.18,4333.72,4333.78,125
2025.12.29,23:27,4333.55,4333.72,4332.43,4333.43,433
2025.12.29,23:28,4333.40,4334.07,4331.71,4332.49,662
2025.12.29,23:29,4332.63,4333.90,4330.25,4331.11,486
2025.12.29,23:30,4331.33,4331.91,4329.91,4330.21,728
2025.12.29,23:31,4330.27,4331.24,4329.09,4331.11,419
2025.12.29,23:32,4331.23,4331.80,4330.52,4331.65,356
2025.12.29,23:33,4331.67,4331.89,4331.10,4331.41,258
2025.12.29,23:34,4331.28,4332.47,4331.08,4331.82,285
2025.12.29,23:35,4331.83,4331.95,4330.96,4331.69,409
2025.12.29,23:36,4331.58,4331.61,4329.65,4331.42,286
2025.12.29,23:37,4331.39,4331.54,4328.31,4330.74,456
2025.12.29,23:38,4330.63,4330.77,4329.71,4330.02,164
2025.12.29,23:39,4330.03,4330.03,4328.23,4328.43,336
2025.12.29,23:40,4328.35,4328.52,4327.19,4327.95,396
2025.12.29,23:41,4328.18,4329.55,4327.97,4328.63,248
2025.12.29,23:42,4328.69,4329.40,4328.21,4329.20,243
2025.12.29,23:43,4329.21,4330.52,4328.87,4330.12,202
2025.12.29,23:44,4330.14,4330.26,4329.35,4329.51,117
2025.12.29,23:45,4329.50,4332.01,4329.18,4331.37,189
2025.12.29,23:46,4331.17,4331.33,4330.57,4330.90,102
2025.12.29,23:47,4330.93,4330.93,4329.77,4330.66,93
2025.12.29,23:48,4330.63,4330.82,4329.88,4330.48,125
2025.12.29,23:49,4330.58,4331.97,4330.38,4331.97,132
2025.12.29,23:50,4331.98,4332.68,4331.25,4331.92,107
2025.12.29,23:51,4331.90,4332.31,4331.51,4332.29,120
2025.12.29,23:52,4332.40,4332.40,4331.33,4332.19,89
2025.12.29,23:53,4332.07,4332.46,4331.07,4331.12,107
2025.12.29,23:54,4331.20,4331.98,4330.57,4331.00,148
2025.12.29,23:55,4330.67,4331.38,4330.43,4331.36,90
2025.12.29,23:56,4331.35,4331.55,4330.10,4330.56,75
2025.12.29,23:57,4330.86,4331.39,4330.52,4331.17,66
2025.12.29,23:58,4331.18,4331.82,4330.60,4331.60,73
2025.12.29,23:59,4331.53,4332.28,4330.89,4331.72,83
2025.12.30,01:00,4332.61,4336.95,4332.61,4336.47,150
2025.12.30,01:01,4336.72,4339.06,4334.38,4335.62,153
2025.12.30,01:02,4335.78,4339.21,4335.74,4338.20,107
2025.12.30,01:03,4338.30,4339.25,4336.56,4338.09,104
2025.12.30,01:04,4338.03,4341.06,4337.78,4340.25,87
2025.12.30,01:05,4340.22,4343.28,4339.64,4342.61,153
2025.12.30,01:06,4342.54,4343.05,4341.74,4342.98,207
2025.12.30,01:07,4342.91,4344.98,4342.91,4344.05,332
2025.12.30,01:08,4344.28,4345.94,4343.53,4345.47,270
2025.12.30,01:09,4345.46,4347.10,4344.52,4345.08,518
2025.12.30,01:10,4344.86,4347.08,4344.57,4346.61,344
2025.12.30,01:11,4346.56,4346.59,4342.48,4343.38,403
2025.12.30,01:12,4343.29,4344.48,4342.23,4342.37,336
2025.12.30,01:13,4342.34,4342.64,4341.33,4341.66,429
2025.12.30,01:14,4341.68,4342.38,4339.72,4340.50,376
2025.12.30,01:15,4340.40,4340.77,4331.67,4334.04,1031
2025.12.30,01:16,4334.06,4337.61,4333.84,4337.49,859
2025.12.30,01:17,4337.50,4337.56,4333.11,4333.72,933
2025.12.30,01:18,4333.70,4333.82,4322.96,4325.44,1653
2025.12.30,01:19,4325.83,4330.07,4324.30,4329.75,918
2025.12.30,01:20,4329.78,4329.78,4326.44,4326.47,521
2025.12.30,01:21,4326.59,4328.90,4326.03,4328.88,472
2025.12.30,01:22,4328.96,4332.11,4328.89,4331.88,465
2025.12.30,01:23,4331.86,4332.95,4331.50,4331.97,373
2025.12.30,01:24,4331.92,4333.20,4330.51,4332.64,228
2025.12.30,01:25,4332.69,4332.71,4328.35,4330.43,554
2025.12.30,01:26,4330.53,4332.73,4330.31,4332.51,256
2025.12.30,01:27,4332.55,4333.21,4331.28,4333.08,211
2025.12.30,01:28,4333.07,4333.23,4331.34,4332.14,334
2025.12.30,01:29,4332.17,4333.90,4332.08,4333.53,243
2025.12.30,01:30,4333.51,4335.63,4333.49,4334.72,449
2025.12.30,01:31,4334.73,4334.95,4332.99,4333.36,362
2025.12.30,01:32,4333.35,4333.87,4332.32,4333.31,285
2025.12.30,01:33,4333.28,4333.77,4331.53,4332.08,517
2025.12.30,01:34,4332.10,4334.08,4332.09,4334.08,179
2025.12.30,01:35,4334.07,4334.08,4332.38,4332.40,270
2025.12.30,01:36,4332.51,4333.15,4332.00,4332.70,195
2025.12.30,01:37,4332.76,4333.80,4332.68,4333.40,238
2025.12.30,01:38,4333.43,4333.48,4331.91,4332.08,205
2025.12.30,01:39,4332.00,4332.80,4331.04,4331.37,254
2025.12.30,01:40,4331.46,4332.69,4330.73,4331.51,387
2025.12.30,01:41,4331.52,4332.72,4331.42,4332.62,175
2025.12.30,01:42,4332.67,4335.00,4332.43,4334.52,393
2025.12.30,01:43,4334.55,4337.08,4333.21,4337.08,445
2025.12.30,01:44,4337.09,4337.09,4335.49,4336.76,322
2025.12.30,01:45,4336.75,4338.57,4336.10,4338.11,626
2025.12.30,01:46,4338.08,4339.95,4337.54,4339.66,492
2025.12.30,01:47,4339.65,4340.87,4339.53,4339.62,459
2025.12.30,01:48,4339.69,4340.93,4338.68,4339.06,552
2025.12.30,01:49,4339.09,4339.09,4338.13,4338.74,272
2025.12.30,01:50,4338.82,4339.98,4338.40,4339.64,296
2025.12.30,01:51,4339.59,4341.79,4339.37,4341.66,294
2025.12.30,01:52,4341.68,4342.49,4341.14,4341.67,358
2025.12.30,01:53,4341.67,4343.37,4340.81,4343.37,295
2025.12.30,01:54,4343.15,4343.18,4341.73,4342.59,266
2025.12.30,01:55,4342.72,4345.04,4342.40,4344.04,609
2025.12.30,01:56,4344.05,4345.79,4343.07,4345.19,466
2025.12.30,01:57,4345.11,4346.50,4344.53,4345.08,407
2025.12.30,01:58,4345.14,4346.01,4343.84,4345.68,511
2025.12.30,01:59,4345.65,4346.93,4345.12,4345.49,445
2025.12.30,02:00,4345.43,4345.93,4340.68,4341.57,1005
2025.12.30,02:01,4341.30,4343.33,4340.91,4340.98,508
2025.12.30,02:02,4341.03,4341.64,4339.42,4340.29,333
2025.12.30,02:03,4340.18,4340.20,4337.72,4338.62,406
2025.12.30,02:04,4338.45,4340.68,4337.79,4339.58,351
2025.12.30,02:05,4339.50,4341.17,4338.89,4339.96,418
2025.12.30,02:06,4339.92,4341.03,4339.28,4339.81,315
2025.12.30,02:07,4339.77,4343.43,4339.09,4342.98,486
2025.12.30,02:08,4342.95,4344.63,4342.91,4344.11,292
2025.12.30,02:09,4344.07,4345.87,4343.69,4345.55,508
2025.12.30,02:10,4345.58,4347.06,4344.76,4345.94,344
2025.12.30,02:11,4345.96,4346.02,4344.54,4345.24,265
2025.12.30,02:12,4345.20,4346.75,4344.78,4346.75,382
2025.12.30,02:13,4346.60,4347.08,4345.15,4345.73,474
2025.12.30,02:14,4345.70,4347.40,4345.65,4346.66,280
2025.12.30,02:15,4346.70,4349.01,4346.33,4348.35,276
2025.12.30,02:16,4348.23,4349.53,4346.98,4347.49,563
2025.12.30,02:17,4347.62,4348.38,4347.06,4347.71,532
2025.12.30,02:18,4347.72,4348.42,4347.20,4347.99,291
2025.12.30,02:19,4347.92,4348.41,4347.37,4348.05,388
2025.12.30,02:20,4347.79,4349.77,4344.98,4345.23,619
2025.12.30,02:21,4345.30,4346.65,4345.27,4345.82,405
2025.12.30,02:22,4345.83,4346.15,4344.09,4344.56,420
2025.12.30,02:23,4344.32,4346.82,4344.22,4345.91,585
2025.12.30,02:24,4345.89,4345.89,4343.78,4344.96,493
2025.12.30,02:25,4344.83,4346.90,4344.61,4346.63,550
2025.12.30,02:26,4346.59,4349.73,4346.50,4349.28,350
2025.12.30,02:27,4349.24,4350.65,4349.04,4350.32,416
2025.12.30,02:28,4350.30,4350.68,4349.11,4349.73,375
2025.12.30,02:29,4349.59,4349.95,4348.84,4349.12,326
2025.12.30,02:30,4349.21,4349.25,4346.22,4346.92,392
2025.12.30,02:31,4346.96,4347.53,4345.39,4345.40,252
2025.12.30,02:32,4345.37,4346.48,4345.14,4346.34,195
2025.12.30,02:33,4346.32,4347.39,4345.68,4347.39,678
2025.12.30,02:34,4347.42,4348.80,4347.31,4348.18,559
2025.12.30,02:35,4348.06,4348.08,4346.29,4346.61,383
2025.12.30,02:36,4346.56,4347.89,4344.90,4345.07,609
2025.12.30,02:37,4344.90,4345.40,4343.82,4344.11,361
2025.12.30,02:38,4343.96,4345.08,4343.95,4344.85,665
2025.12.30,02:39,4344.86,4344.88,4342.38,4342.85,1021
2025.12.30,02:40,4342.83,4343.43,4340.63,4341.58,902
2025.12.30,02:41,4341.55,4342.14,4340.06,4341.53,1561
2025.12.30,02:42,4341.52,4342.89,4341.29,4341.73,1648
2025.12.30,02:43,4341.70,4342.04,4340.04,4340.46,729
2025.12.30,02:44,4340.53,4340.87,4339.74,4340.87,635
2025.12.30,02:45,4340.85,4343.00,4340.49,4342.04,771
2025.12.30,02:46,4342.12,4342.55,4341.46,4341.69,924
2025.12.30,02:47,4341.53,4341.90,4340.81,4340.89,617
2025.12.30,02:48,4340.35,4340.68,4337.26,4337.46,1079
2025.12.30,02:49,4337.39,4338.31,4335.01,4335.71,1057
2025.12.30,02:50,4335.72,4336.15,4334.41,4335.93,896
2025.12.30,02:51,4335.91,4337.77,4334.60,4336.38,835
2025.12.30,02:52,4336.38,4337.57,4336.01,4337.20,600
2025.12.30,02:53,4337.24,4338.10,4335.86,4336.32,772
2025.12.30,02:54,4336.30,4338.73,4335.61,4338.50,921
2025.12.30,02:55,4338.47,4340.26,4338.22,4340.26,870
2025.12.30,02:56,4340.17,4340.65,4338.85,4339.78,923
2025.12.30,02:57,4339.87,4340.17,4337.18,4337.26,700
2025.12.30,02:58,4337.19,4337.83,4335.40,4336.89,1420
2025.12.30,02:59,4336.88,4339.70,4336.81,4339.64,949
2025.12.30,03:00,4339.45,4339.96,4331.42,4331.73,2359
2025.12.30,03:01,4331.82,4336.45,4330.67,4336.16,2167
2025.12.30,03:02,4336.15,4336.83,4332.81,4334.46,1600
2025.12.30,03:03,4334.41,4336.34,4332.66,4334.45,1371
2025.12.30,03:04,4334.36,4335.58,4327.42,4327.79,1785
2025.12.30,03:05,4327.92,4329.60,4324.26,4324.73,1486
2025.12.30,03:06,4324.72,4330.95,4324.28,4330.90,1530
2025.12.30,03:07,4330.92,4336.80,4330.71,4336.72,1126
2025.12.30,03:08,4336.76,4337.69,4332.70,4335.21,1922
2025.12.30,03:09,4335.20,4335.41,4332.33,4333.01,1104
2025.12.30,03:10,4332.97,4338.24,4332.86,4338.24,818
2025.12.30,03:11,4338.22,4338.72,4334.33,4336.26,938
2025.12.30,03:12,4336.37,4337.91,4333.54,4334.25,735
2025.12.30,03:13,4334.32,4335.52,4332.87,4333.66,814
2025.12.30,03:14,4333.61,4335.24,4332.80,4334.79,462
2025.12.30,03:15,4334.81,4337.75,4334.81,4337.44,612
2025.12.30,03:16,4337.44,4340.39,4337.09,4340.37,442
2025.12.30,03:17,4340.31,4342.23,4340.20,4341.91,600
2025.12.30,03:18,4342.04,4343.30,4341.78,4342.38,431
2025.12.30,03:19,4342.32,4342.96,4340.01,4341.35,676
2025.12.30,03:20,4341.31,4342.48,4338.95,4339.02,780
2025.12.30,03:21,4339.08,4339.08,4336.28,4337.45,869
2025.12.30,03:22,4337.40,4337.66,4335.74,4336.26,693
2025.12.30,03:23,4336.29,4337.91,4335.54,4337.71,608
2025.12.30,03:24,4337.68,4339.29,4336.60,4339.23,568
2025.12.30,03:25,4339.24,4339.76,4337.46,4339.46,640
2025.12.30,03:26,4339.39,4341.70,4339.20,4339.54,1498
2025.12.30,03:27,4339.55,4339.61,4335.21,4335.84,1678
2025.12.30,03:28,4335.93,4337.18,4335.10,4335.16,1216
2025.12.30,03:29,4335.22,4337.30,4335.01,4336.55,1273
2025.12.30,03:30,4336.51,4336.59,4333.73,4334.48,1048
2025.12.30,03:31,4334.46,4335.11,4332.89,4333.28,950
2025.12.30,03:32,4333.22,4333.68,4331.89,4333.51,813
2025.12.30,03:33,4333.53,4335.96,4333.12,4335.96,572
2025.12.30,03:34,4335.97,4337.15,4335.27,4336.07,798
2025.12.30,03:35,4336.11,4337.86,4335.50,4337.71,768
2025.12.30,03:36,4337.60,4338.81,4337.26,4338.34,845
2025.12.30,03:37,4338.37,4341.09,4338.30,4340.89,1055
2025.12.30,03:38,4340.90,4341.16,4339.38,4340.56,1226
2025.12.30,03:39,4340.47,4340.49,4339.29,4340.01,694
2025.12.30,03:40,4339.95,4342.12,4339.08,4341.25,1321
2025.12.30,03:41,4341.34,4344.36,4340.48,4343.77,1384
2025.12.30,03:42,4343.82,4345.83,4342.97,4345.44,1666
2025.12.30,03:43,4345.41,4347.12,4344.83,4346.89,1613
2025.12.30,03:44,4346.83,4349.26,4346.27,4346.91,1615
2025.12.30,03:45,4346.89,4349.05,4346.41,4348.14,1357
2025.12.30,03:46,4348.09,4350.38,4347.86,4349.74,1514
2025.12.30,03:47,4349.86,4351.01,4348.83,4350.39,2416
2025.12.30,03:48,4350.24,4350.63,4348.01,4350.21,2188
2025.12.30,03:49,4350.31,4352.84,4349.76,4350.89,1627
2025.12.30,03:50,4350.87,4354.60,4350.82,4354.14,1011
2025.12.30,03:51,4354.31,4355.52,4353.02,4353.51,817
2025.12.30,03:52,4353.45,4354.76,4352.01,4354.58,1154
2025.12.30,03:53,4354.58,4356.32,4352.82,4354.90,972
2025.12.30,03:54,4354.93,4357.11,4354.28,4357.10,886
2025.12.30,03:55,4357.12,4359.20,4356.45,4358.45,1438
2025.12.30,03:56,4358.58,4360.10,4357.42,4357.83,875
2025.12.30,03:57,4357.84,4359.52,4357.07,4358.41,758
2025.12.30,03:58,4358.37,4358.77,4356.09,4356.68,850
2025.12.30,03:59,4356.67,4360.04,4356.61,4360.03,852
2025.12.30,04:00,4360.11,4360.51,4357.21,4358.22,1126
2025.12.30,04:01,4358.34,4359.74,4357.15,4358.94,1077
2025.12.30,04:02,4359.02,4359.36,4356.78,4358.50,594
2025.12.30,04:03,4358.44,4361.36,4357.70,4359.98,725
2025.12.30,04:04,4359.99,4360.16,4356.30,4356.91,628
2025.12.30,04:05,4356.89,4357.76,4353.88,4355.28,2340
2025.12.30,04:06,4355.47,4356.20,4353.98,4354.39,1984
2025.12.30,04:07,4354.71,4355.05,4353.19,4354.15,1394
2025.12.30,04:08,4354.19,4356.95,4353.21,4353.28,1862
2025.12.30,04:09,4353.25,4355.31,4352.93,4355.20,1581
2025.12.30,04:10,4355.19,4356.79,4354.58,4356.47,988
2025.12.30,04:11,4356.20,4357.39,4354.79,4355.05,1105
2025.12.30,04:12,4355.08,4355.19,4352.54,4353.61,1714
2025.12.30,04:13,4353.59,4354.19,4351.50,4352.16,1457
2025.12.30,04:14,4352.24,4355.53,4352.24,4355.28,1548
2025.12.30,04:15,4355.17,4355.83,4352.93,4353.10,1754
2025.12.30,04:16,4353.09,4354.83,4352.86,4353.34,1634
2025.12.30,04:17,4353.43,4354.05,4352.67,4353.20,483
2025.12.30,04:18,4353.11,4357.58,4352.80,4356.67,1065
2025.12.30,04:19,4356.77,4356.88,4355.13,4355.35,943
2025.12.30,04:20,4355.34,4356.89,4354.47,4356.79,1065
2025.12.30,04:21,4356.74,4356.79,4354.39,4355.14,893
2025.12.30,04:22,4355.16,4356.72,4354.89,4355.81,1058
2025.12.30,04:23,4355.73,4357.56,4355.54,4356.80,1127
2025.12.30,04:24,4356.95,4357.80,4355.48,4355.82,1092
2025.12.30,04:25,4355.54,4356.51,4355.16,4355.58,1031
2025.12.30,04:26,4355.60,4355.99,4353.50,4355.14,1976
2025.12.30,04:27,4355.18,4356.73,4354.28,4356.50,1604
2025.12.30,04:28,4356.51,4357.55,4355.32,4355.61,1888
2025.12.30,04:29,4355.71,4356.78,4355.39,4355.57,1762
2025.12.30,04:30,4355.30,4356.87,4351.36,4351.82,1995
2025.12.30,04:31,4351.82,4353.88,4351.81,4353.05,1481
2025.12.30,04:32,4352.99,4353.66,4351.03,4351.89,1585
2025.12.30,04:33,4351.87,4352.72,4351.28,4352.02,2070
2025.12.30,04:34,4352.00,4353.41,4351.53,4352.52,1591
2025.12.30,04:35,4352.26,4352.51,4349.74,4351.44,2052
2025.12.30,04:36,4351.45,4351.45,4348.70,4349.77,1285
2025.12.30,04:37,4349.71,4352.23,4349.53,4350.68,1111
2025.12.30,04:38,4350.69,4354.53,4350.30,4354.46,1009
2025.12.30,04:39,4354.17,4356.73,4354.17,4355.40,662
2025.12.30,04:40,4355.43,4357.00,4354.59,4356.80,681
2025.12.30,04:41,4356.76,4356.78,4355.53,4356.31,478
2025.12.30,04:42,4356.32,4356.37,4354.63,4354.64,1481
2025.12.30,04:43,4354.63,4355.22,4353.68,4353.98,781
2025.12.30,04:44,4353.82,4355.19,4353.69,4354.60,862
2025.12.30,04:45,4354.57,4358.34,4354.42,4357.89,966
2025.12.30,04:46,4357.96,4358.78,4356.99,4358.24,1674
2025.12.30,04:47,4358.20,4358.87,4357.34,4357.52,1084
2025.12.30,04:48,4357.55,4361.19,4357.41,4359.71,1392
2025.12.30,04:49,4359.90,4360.45,4358.58,4359.00,489
2025.12.30,04:50,4359.10,4359.82,4357.99,4358.68,675
2025.12.30,04:51,4358.77,4360.56,4358.42,4360.47,1066
2025.12.30,04:52,4360.45,4362.35,4360.16,4362.12,1246
2025.12.30,04:53,4362.13,4363.62,4361.41,4363.28,982
2025.12.30,04:54,4363.27,4363.74,4362.36,4363.48,1122
2025.12.30,04:55,4363.49,4364.90,4361.59,4362.29,1070
2025.12.30,04:56,4362.21,4363.05,4361.81,4362.67,783
2025.12.30,04:57,4362.63,4362.73,4360.84,4361.15,561
2025.12.30,04:58,4361.13,4362.04,4360.19,4361.00,705
2025.12.30,04:59,4360.90,4362.72,4360.43,4362.65,991
2025.12.30,05:00,4362.64,4363.27,4362.03,4362.82,823
2025.12.30,05:01,4362.78,4365.30,4361.81,4364.91,1057
2025.12.30,05:02,4364.69,4364.98,4363.56,4364.44,816
2025.12.30,05:03,4364.52,4365.44,4363.83,4364.20,1188
2025.12.30,05:04,4364.20,4364.28,4361.50,4361.58,1524
2025.12.30,05:05,4361.57,4363.90,4361.08,4363.42,929
2025.12.30,05:06,4363.41,4364.23,4361.52,4361.53,561
2025.12.30,05:07,4361.47,4362.14,4360.17,4360.56,383
2025.12.30,05:08,4360.59,4360.84,4359.55,4360.14,680
2025.12.30,05:09,4359.99,4360.37,4357.00,4358.08,857
2025.12.30,05:10,4358.07,4358.28,4357.33,4357.89,705
2025.12.30,05:11,4357.80,4360.85,4357.70,4360.49,860
2025.12.30,05:12,4360.51,4360.74,4359.33,4359.94,693
2025.12.30,05:13,4360.01,4360.79,4359.10,4360.08,801
2025.12.30,05:14,4360.06,4361.58,4359.64,4360.71,1169
2025.12.30,05:15,4360.82,4361.61,4359.13,4359.79,1566
2025.12.30,05:16,4359.89,4360.33,4358.93,4360.09,1165
2025.12.30,05:17,4360.08,4362.86,4359.98,4362.44,736
2025.12.30,05:18,4362.59,4364.16,4361.61,4363.91,886
2025.12.30,05:19,4364.05,4365.51,4363.76,4364.56,638
2025.12.30,05:20,4364.71,4366.02,4363.87,4364.11,615
2025.12.30,05:21,4364.10,4364.80,4362.81,4363.19,425
2025.12.30,05:22,4363.20,4364.66,4362.79,4364.17,448
2025.12.30,05:23,4364.18,4365.73,4363.67,4363.91,502
2025.12.30,05:24,4363.87,4366.18,4363.06,4365.35,560
2025.12.30,05:25,4365.43,4367.91,4364.71,4367.55,530
2025.12.30,05:26,4367.56,4368.08,4366.83,4368.08,499
2025.12.30,05:27,4368.31,4369.18,4367.45,4368.62,607
2025.12.30,05:28,4368.63,4368.68,4367.47,4367.88,574
2025.12.30,05:29,4367.91,4368.08,4366.57,4367.95,416
2025.12.30,05:30,4367.94,4368.80,4367.28,4368.30,450
2025.12.30,05:31,4368.19,4368.34,4366.93,4367.82,329
2025.12.30,05:32,4367.55,4367.78,4366.52,4366.63,397
2025.12.30,05:33,4366.57,4367.68,4366.20,4366.54,439
2025.12.30,05:34,4366.55,4367.19,4365.84,4366.56,457
2025.12.30,05:35,4366.54,4366.81,4364.83,4364.95,435
2025.12.30,05:36,4364.98,4365.93,4363.48,4363.86,436
2025.12.30,05:37,4363.77,4364.44,4363.54,4363.68,264
2025.12.30,05:38,4363.66,4365.64,4363.55,4364.89,429
2025.12.30,05:39,4364.91,4365.75,4364.74,4364.76,276
2025.12.30,05:40,4365.03,4365.03,4364.18,4364.18,223
2025.12.30,05:41,4364.19,4364.21,4363.33,4363.51,232
2025.12.30,05:42,4363.49,4364.01,4363.26,4363.46,282
2025.12.30,05:43,4363.52,4363.59,4361.27,4363.33,652
2025.12.30,05:44,4363.34,4363.57,4362.93,4363.48,298
2025.12.30,05:45,4363.51,4364.28,4363.23,4363.83,540
2025.12.30,05:46,4363.90,4364.02,4362.77,4363.22,476
2025.12.30,05:47,4363.21,4363.63,4362.87,4363.10,545
2025.12.30,05:48,4363.24,4364.38,4363.03,4363.41,422
2025.12.30,05:49,4363.45,4364.98,4363.24,4364.44,590
2025.12.30,05:50,4364.45,4364.73,4361.85,4362.18,432
2025.12.30,05:51,4362.15,4362.56,4361.73,4362.26,256
2025.12.30,05:52,4362.31,4362.36,4359.25,4359.31,615
2025.12.30,05:53,4359.37,4360.45,4359.10,4359.43,364
2025.12.30,05:54,4359.40,4360.00,4357.51,4357.95,498
2025.12.30,05:55,4357.94,4359.96,4357.93,4359.96,412
2025.12.30,05:56,4359.82,4359.82,4358.55,4358.86,455
2025.12.30,05:57,4358.87,4359.11,4356.00,4357.29,1181
2025.12.30,05:58,4357.30,4357.88,4356.18,4356.93,698
2025.12.30,05:59,4357.07,4359.75,4357.06,4359.24,339
2025.12.30,06:00,4359.29,4360.90,4358.67,4360.39,262
2025.12.30,06:01,4360.40,4361.75,4360.39,4361.10,345
2025.12.30,06:02,4361.09,4362.31,4360.89,4361.98,266
2025.12.30,06:03,4361.97,4362.12,4361.07,4361.29,149
2025.12.30,06:04,4361.30,4361.30,4360.27,4360.43,181
2025.12.30,06:05,4360.45,4361.03,4360.01,4360.20,192
2025.12.30,06:06,4360.06,4360.21,4358.35,4358.35,244
2025.12.30,06:07,4358.33,4359.18,4357.98,4359.08,321
2025.12.30,06:08,4359.03,4359.10,4357.56,4358.31,230
2025.12.30,06:09,4358.32,4360.52,4358.31,4359.97,282
2025.12.30,06:10,4359.90,4360.45,4359.81,4359.99,135
2025.12.30,06:11,4360.04,4360.45,4359.59,4359.74,231
2025.12.30,06:12,4359.76,4361.13,4359.74,4360.72,224
2025.12.30,06:13,4360.72,4361.72,4360.72,4360.82,187
2025.12.30,06:14,4360.86,4361.37,4360.32,4361.31,183
2025.12.30,06:15,4361.32,4362.58,4361.32,4362.58,235
2025.12.30,06:16,4362.63,4362.63,4361.42,4361.55,292
2025.12.30,06:17,4361.58,4361.98,4360.70,4361.06,345
2025.12.30,06:18,4361.05,4362.25,4361.01,4362.19,255
2025.12.30,06:19,4362.20,4362.62,4362.06,4362.44,120
2025.12.30,06:20,4362.47,4362.55,4361.77,4362.26,129
2025.12.30,06:21,4362.32,4362.82,4362.26,4362.26,113
2025.12.30,06:22,4362.12,4362.85,4361.54,4362.42,264
2025.12.30,06:23,4362.48,4363.13,4362.25,4362.91,174
2025.12.30,06:24,4362.89,4363.52,4362.56,4363.29,211
2025.12.30,06:25,4363.28,4365.30,4363.28,4365.07,287
2025.12.30,06:26,4365.10,4365.18,4364.28,4364.33,190
2025.12.30,06:27,4364.34,4364.84,4363.71,4364.72,259
2025.12.30,06:28,4364.73,4365.59,4364.32,4365.18,238
2025.12.30,06:29,4365.19,4365.20,4362.78,4363.10,345
2025.12.30,06:30,4363.19,4363.54,4362.60,4363.13,225
2025.12.30,06:31,4363.20,4363.49,4362.57,4362.62,89
2025.12.30,06:32,4362.53,4363.56,4362.20,4362.79,192
2025.12.30,06:33,4362.70,4363.44,4362.46,4363.37,125
2025.12.30,06:34,4363.41,4364.88,4362.94,4364.88,161
2025.12.30,06:35,4364.82,4365.66,4364.35,4364.49,234
2025.12.30,06:36,4364.47,4365.41,4363.92,4365.27,255
2025.12.30,06:37,4365.24,4365.38,4364.51,4365.02,255
2025.12.30,06:38,4365.01,4366.58,4364.98,4366.52,275
2025.12.30,06:39,4366.48,4368.38,4366.42,4368.15,567
2025.12.30,06:40,4368.15,4369.58,4367.39,4369.48,573
2025.12.30,06:41,4369.47,4369.47,4367.15,4367.33,356
2025.12.30,06:42,4367.32,4368.15,4367.01,4367.72,236
2025.12.30,06:43,4367.75,4367.75,4366.64,4367.03,191
2025.12.30,06:44,4367.05,4367.60,4366.50,4366.84,167
2025.12.30,06:45,4366.86,4367.11,4366.52,4367.04,109
2025.12.30,06:46,4367.12,4367.16,4366.46,4366.70,103
2025.12.30,06:47,4366.73,4366.82,4365.84,4366.30,167
2025.12.30,06:48,4366.27,4366.37,4365.43,4366.02,155
2025.12.30,06:49,4366.07,4366.12,4365.07,4365.42,189
2025.12.30,06:50,4365.46,4365.46,4364.16,4364.67,212
2025.12.30,06:51,4364.68,4364.68,4362.24,4362.35,253
2025.12.30,06:52,4362.40,4363.84,4362.31,4363.62,148
2025.12.30,06:53,4363.63,4363.80,4362.70,4362.73,113
2025.12.30,06:54,4362.71,4363.67,4362.64,4363.02,272
2025.12.30,06:55,4363.03,4363.55,4362.97,4363.31,137
2025.12.30,06:56,4363.39,4363.95,4363.28,4363.66,141
2025.12.30,06:57,4363.67,4364.51,4363.34,4363.38,195
2025.12.30,06:58,4363.37,4363.37,4362.76,4362.82,73
2025.12.30,06:59,4362.86,4363.36,4362.37,4363.30,235
2025.12.30,07:00,4363.31,4364.61,4362.71,4362.91,252
2025.12.30,07:01,4362.90,4362.93,4361.29,4361.51,330
2025.12.30,07:02,4361.53,4362.57,4361.49,4362.21,208
2025.12.30,07:03,4362.19,4362.93,4362.08,4362.32,213
2025.12.30,07:04,4362.31,4363.41,4361.96,4363.29,171
2025.12.30,07:05,4363.28,4363.53,4362.59,4362.68,221
2025.12.30,07:06,4362.71,4363.54,4362.51,4362.66,220
2025.12.30,07:07,4362.69,4362.72,4359.31,4359.32,275
2025.12.30,07:08,4359.35,4360.29,4358.70,4359.56,383
2025.12.30,07:09,4359.57,4360.71,4359.57,4360.24,277
2025.12.30,07:10,4360.26,4361.04,4359.56,4360.94,187
2025.12.30,07:11,4360.93,4362.25,4360.93,4362.20,218
2025.12.30,07:12,4362.20,4362.99,4362.07,4362.78,193
2025.12.30,07:13,4362.79,4364.42,4362.51,4364.23,219
2025.12.30,07:14,4364.34,4364.82,4363.98,4364.03,368
2025.12.30,07:15,4363.90,4365.75,4363.90,4364.28,362
2025.12.30,07:16,4364.22,4364.71,4363.69,4364.21,343
2025.12.30,07:17,4364.19,4364.76,4363.98,4364.26,287
2025.12.30,07:18,4364.32,4364.39,4362.48,4362.48,354
2025.12.30,07:19,4362.48,4364.94,4362.32,4364.73,577
2025.12.30,07:20,4364.72,4366.28,4364.72,4366.23,231
2025.12.30,07:21,4366.24,4368.74,4366.24,4368.46,400
2025.12.30,07:22,4368.45,4369.46,4368.27,4369.40,338
2025.12.30,07:23,4369.38,4372.56,4369.38,4372.52,434
2025.12.30,07:24,4372.49,4373.95,4371.67,4373.62,375
2025.12.30,07:25,4373.60,4376.01,4373.60,4375.07,974
2025.12.30,07:26,4375.08,4375.76,4372.98,4373.48,574
2025.12.30,07:27,4373.50,4374.53,4373.38,4374.20,603
2025.12.30,07:28,4374.18,4374.21,4371.93,4372.42,1403
2025.12.30,07:29,4372.30,4372.78,4371.14,4372.30,856
2025.12.30,07:30,4372.28,4375.86,4371.94,4374.59,1487
2025.12.30,07:31,4374.75,4375.09,4372.97,4373.89,1260
2025.12.30,07:32,4373.84,4375.70,4373.26,4375.14,1249
2025.12.30,07:33,4375.13,4378.17,4375.01,4377.34,1146
2025.12.30,07:34,4377.19,4377.94,4376.26,4376.52,931
2025.12.30,07:35,4376.66,4376.75,4373.48,4376.10,1182
2025.12.30,07:36,4376.08,4379.33,4375.64,4378.27,1158
2025.12.30,07:37,4378.15,4379.01,4376.47,4377.42,790
2025.12.30,07:38,4377.41,4380.10,4377.02,4379.29,1280
2025.12.30,07:39,4379.30,4379.75,4377.51,4377.90,1221
2025.12.30,07:40,4377.94,4379.22,4377.15,4378.79,1255
2025.12.30,07:41,4378.75,4379.00,4376.44,4376.94,935
2025.12.30,07:42,4376.90,4377.69,4374.70,4375.30,663
2025.12.30,07:43,4375.31,4375.31,4372.91,4373.39,1221
2025.12.30,07:44,4373.45,4374.85,4373.37,4374.57,1313
2025.12.30,07:45,4374.60,4376.33,4373.75,4374.80,677
2025.12.30,07:46,4374.83,4374.83,4372.66,4373.18,780
2025.12.30,07:47,4373.15,4375.30,4372.85,4374.84,911
2025.12.30,07:48,4374.86,4376.81,4374.76,4376.67,1308
2025.12.30,07:49,4376.62,4377.89,4376.58,4377.61,1003
2025.12.30,07:50,4377.72,4379.36,4377.31,4378.92,730
2025.12.30,07:51,4378.99,4379.63,4377.51,4378.09,1209
2025.12.30,07:52,4378.11,4378.74,4377.29,4378.44,919
2025.12.30,07:53,4378.47,4378.64,4377.08,4377.52,986
2025.12.30,07:54,4377.60,4378.86,4377.58,4378.54,783
2025.12.30,07:55,4378.35,4378.73,4377.21,4377.50,637
2025.12.30,07:56,4377.51,4378.61,4377.07,4378.59,483
2025.12.30,07:57,4378.60,4379.11,4377.89,4378.27,582
2025.12.30,07:58,4378.39,4378.46,4377.36,4377.47,667
2025.12.30,07:59,4377.46,4378.44,4377.15,4377.70,465
2025.12.30,08:00,4377.65,4378.70,4377.02,4378.27,784
2025.12.30,08:01,4378.19,4378.36,4375.36,4375.40,1266
2025.12.30,08:02,4375.41,4375.99,4374.64,4375.39,676
2025.12.30,08:03,4375.43,4377.39,4375.16,4377.19,657
2025.12.30,08:04,4377.21,4377.47,4375.76,4375.91,1139
2025.12.30,08:05,4375.88,4376.00,4373.05,4373.11,1433
2025.12.30,08:06,4373.16,4374.60,4372.49,4373.89,1569
2025.12.30,08:07,4373.83,4374.91,4373.32,4374.56,1467
2025.12.30,08:08,4374.46,4375.62,4372.66,4373.03,1120
2025.12.30,08:09,4373.10,4374.56,4372.75,4373.66,801
2025.12.30,08:10,4373.68,4375.48,4373.41,4375.33,1026
2025.12.30,08:11,4375.51,4376.60,4375.48,4376.44,591
2025.12.30,08:12,4376.41,4376.64,4374.92,4375.02,1133
2025.12.30,08:13,4375.04,4375.15,4373.37,4373.54,1359
2025.12.30,08:14,4373.64,4373.99,4372.46,4373.03,1117
2025.12.30,08:15,4373.08,4373.16,4371.89,4372.52,1142
2025.12.30,08:16,4372.49,4374.01,4371.27,4371.40,1134
2025.12.30,08:17,4371.55,4372.25,4370.79,4370.95,1540
2025.12.30,08:18,4370.98,4371.60,4368.89,4369.18,640
2025.12.30,08:19,4369.18,4371.20,4368.69,4370.51,1411
2025.12.30,08:20,4370.58,4372.64,4369.79,4370.24,1301
2025.12.30,08:21,4370.14,4371.89,4367.82,4368.76,2880
2025.12.30,08:22,4368.72,4370.78,4368.53,4370.46,2897
2025.12.30,08:23,4370.46,4370.46,4367.15,4367.88,2467
2025.12.30,08:24,4367.69,4368.29,4365.27,4366.07,3005
2025.12.30,08:25,4366.11,4366.90,4364.15,4365.52,1883
2025.12.30,08:26,4365.53,4367.45,4364.21,4366.52,1489
2025.12.30,08:27,4366.52,4368.79,4365.97,4368.16,1943
2025.12.30,08:28,4368.20,4368.28,4366.40,4367.07,1366
2025.12.30,08:29,4367.04,4368.05,4365.76,4366.71,1482
2025.12.30,08:30,4366.78,4368.23,4366.14,4367.04,2159
2025.12.30,08:31,4367.05,4369.00,4366.53,4367.53,2140
2025.12.30,08:32,4367.53,4369.80,4367.25,4369.04,1422
2025.12.30,08:33,4369.05,4369.05,4366.95,4368.41,1782
2025.12.30,08:34,4368.47,4368.73,4366.65,4367.26,1928
2025.12.30,08:35,4367.29,4367.65,4365.59,4367.45,1317
2025.12.30,08:36,4367.44,4367.54,4360.69,4360.95,2068
2025.12.30,08:37,4360.97,4364.06,4359.80,4363.70,1567
2025.12.30,08:38,4363.69,4363.83,4361.48,4362.59,1257
2025.12.30,08:39,4362.58,4363.59,4362.25,4362.96,1415
2025.12.30,08:40,4363.04,4364.94,4362.87,4364.14,1112
2025.12.30,08:41,4364.19,4365.51,4362.14,4362.40,1498
2025.12.30,08:42,4362.39,4362.81,4359.90,4361.55,961
2025.12.30,08:43,4361.55,4361.97,4359.99,4361.52,720
2025.12.30,08:44,4361.51,4363.45,4361.40,4362.18,938
2025.12.30,08:45,4362.20,4362.20,4359.91,4361.34,2923
2025.12.30,08:46,4361.35,4363.19,4361.00,4362.76,1850
2025.12.30,08:47,4362.79,4364.72,4362.79,4364.62,1234
2025.12.30,08:48,4364.75,4366.41,4364.60,4365.14,1230
2025.12.30,08:49,4365.16,4366.07,4364.72,4365.30,877
2025.12.30,08:50,4365.26,4366.60,4364.88,4365.31,1051
2025.12.30,08:51,4365.35,4365.71,4364.32,4364.52,1661
2025.12.30,08:52,4364.60,4365.22,4360.98,4361.62,1957
2025.12.30,08:53,4361.44,4363.59,4360.49,4363.12,2369
2025.12.30,08:54,4363.03,4363.26,4362.08,4362.80,2309
2025.12.30,08:55,4362.84,4363.56,4361.34,4362.16,1785
2025.12.30,08:56,4362.17,4364.14,4361.67,4364.00,1715
2025.12.30,08:57,4363.99,4365.42,4363.33,4363.61,1647
2025.12.30,08:58,4363.58,4364.40,4363.48,4363.82,3116
2025.12.30,08:59,4363.84,4365.11,4363.64,4364.68,2573
2025.12.30,09:00,4364.72,4364.76,4363.15,4364.11,1773
2025.12.30,09:01,4364.10,4364.36,4361.27,4361.72,1527
2025.12.30,09:02,4361.45,4362.99,4360.95,4362.70,2735
2025.12.30,09:03,4362.90,4363.29,4361.77,4362.35,3061
2025.12.30,09:04,4362.53,4363.63,4361.60,4363.60,2470
2025.12.30,09:05,4363.51,4364.62,4362.91,4363.00,1922
2025.12.30,09:06,4362.99,4363.40,4361.01,4361.17,2435
2025.12.30,09:07,4361.16,4361.60,4359.63,4361.06,2155
2025.12.30,09:08,4361.04,4362.79,4360.27,4362.04,1270
2025.12.30,09:09,4362.03,4363.92,4361.92,4363.66,1909
2025.12.30,09:10,4363.70,4363.72,4360.52,4360.97,1577
2025.12.30,09:11,4360.92,4361.91,4359.12,4361.69,1160
2025.12.30,09:12,4361.82,4364.27,4361.01,4363.74,1425
2025.12.30,09:13,4363.77,4366.46,4363.77,4366.18,2034
2025.12.30,09:14,4366.17,4368.72,4366.17,4368.60,1248
2025.12.30,09:15,4368.59,4371.10,4368.16,4370.88,2363
2025.12.30,09:16,4370.87,4371.17,4368.89,4369.25,2146
2025.12.30,09:17,4369.26,4371.61,4369.24,4371.32,1319
2025.12.30,09:18,4371.36,4372.31,4370.62,4372.29,1542
2025.12.30,09:19,4372.22,4372.56,4371.03,4371.30,1279
2025.12.30,09:20,4371.28,4371.38,4369.11,4369.36,835
2025.12.30,09:21,4369.34,4369.63,4367.55,4368.01,1288
2025.12.30,09:22,4367.86,4368.83,4366.67,4367.13,1787
2025.12.30,09:23,4367.20,4367.80,4365.85,4367.08,1865
2025.12.30,09:24,4367.05,4367.42,4365.72,4366.79,1317
2025.12.30,09:25,4366.78,4367.60,4365.91,4367.32,1145
2025.12.30,09:26,4367.29,4369.47,4367.26,4368.54,2533
2025.12.30,09:27,4368.62,4369.28,4367.73,4368.11,1166
2025.12.30,09:28,4368.15,4368.80,4367.16,4367.22,1552
2025.12.30,09:29,4367.26,4368.50,4367.10,4368.29,1013
2025.12.30,09:30,4368.27,4370.67,4368.00,4368.69,1019
2025.12.30,09:31,4368.68,4369.93,4368.40,4369.77,558
2025.12.30,09:32,4369.80,4370.43,4368.43,4369.97,772
2025.12.30,09:33,4369.98,4370.06,4368.85,4369.28,557
2025.12.30,09:34,4369.40,4371.30,4369.22,4370.94,746
2025.12.30,09:35,4370.97,4372.11,4369.51,4369.85,2013
2025.12.30,09:36,4369.84,4370.94,4368.05,4370.33,2407
2025.12.30,09:37,4370.36,4371.48,4370.04,4370.59,869
2025.12.30,09:38,4370.57,4374.14,4370.47,4373.93,2144
2025.12.30,09:39,4373.91,4374.46,4373.19,4373.94,2342
2025.12.30,09:40,4373.93,4374.40,4373.40,4374.30,949
2025.12.30,09:41,4374.32,4374.55,4373.21,4373.62,1158
2025.12.30,09:42,4373.68,4374.71,4372.82,4374.46,1619
2025.12.30,09:43,4374.48,4376.70,4374.31,4376.38,1354
2025.12.30,09:44,4376.33,4377.18,4376.10,4376.91,1642
2025.12.30,09:45,4376.88,4377.64,4376.70,4377.59,1572
2025.12.30,09:46,4377.58,4377.73,4376.07,4376.89,2046
2025.12.30,09:47,4376.86,4378.05,4376.13,4378.03,1130
2025.12.30,09:48,4377.93,4378.48,4377.18,4377.74,709
2025.12.30,09:49,4377.72,4381.75,4377.62,4381.57,968
2025.12.30,09:50,4381.60,4383.35,4379.60,4379.89,703
2025.12.30,09:51,4379.87,4379.90,4378.45,4379.13,454
2025.12.30,09:52,4379.11,4379.43,4376.27,4376.54,409
2025.12.30,09:53,4376.56,4377.15,4373.35,4373.98,867
2025.12.30,09:54,4374.01,4374.73,4372.37,4374.48,1192
2025.12.30,09:55,4374.52,4375.46,4374.31,4375.28,1654
2025.12.30,09:56,4375.33,4375.43,4371.43,4372.20,1007
2025.12.30,09:57,4372.19,4373.45,4371.47,4372.17,815
2025.12.30,09:58,4372.18,4372.68,4370.61,4370.81,978
2025.12.30,09:59,4371.03,4372.64,4370.21,4372.52,1248
2025.12.30,10:00,4372.37,4372.82,4369.80,4371.41,1343
2025.12.30,10:01,4371.50,4371.58,4368.65,4369.30,1294
2025.12.30,10:02,4369.31,4369.31,4365.52,4367.63,1962
2025.12.30,10:03,4367.62,4367.66,4362.99,4365.40,1984
2025.12.30,10:04,4365.36,4367.23,4365.34,4366.17,843
2025.12.30,10:05,4366.20,4368.88,4366.19,4367.08,750
2025.12.30,10:06,4367.10,4368.56,4366.60,4367.08,799
2025.12.30,10:07,4367.07,4369.28,4367.07,4368.94,669
2025.12.30,10:08,4368.95,4370.98,4368.93,4370.71,653
2025.12.30,10:09,4370.74,4372.30,4370.74,4371.64,717
2025.12.30,10:10,4371.66,4373.79,4370.93,4373.10,1449
2025.12.30,10:11,4373.07,4373.09,4370.55,4371.60,551
2025.12.30,10:12,4371.63,4372.79,4371.49,4372.56,608
2025.12.30,10:13,4372.83,4372.88,4370.87,4371.72,477
2025.12.30,10:14,4371.74,4372.04,4369.77,4370.41,635
2025.12.30,10:15,4370.43,4371.46,4369.13,4370.96,697
2025.12.30,10:16,4370.97,4371.46,4369.24,4369.45,480
2025.12.30,10:17,4369.44,4370.49,4368.42,4370.14,544
2025.12.30,10:18,4370.11,4370.31,4368.68,4369.03,379
2025.12.30,10:19,4369.13,4370.03,4366.56,4366.86,929
2025.12.30,10:20,4366.83,4366.87,4364.48,4364.48,640
2025.12.30,10:21,4364.81,4365.62,4361.11,4361.15,1374
2025.12.30,10:22,4361.18,4362.48,4359.40,4359.93,1382
2025.12.30,10:23,4359.80,4361.41,4359.74,4360.97,991
2025.12.30,10:24,4361.24,4362.28,4360.89,4361.10,637
2025.12.30,10:25,4361.01,4361.37,4359.66,4361.26,752
2025.12.30,10:26,4361.27,4362.04,4359.67,4360.62,583
2025.12.30,10:27,4360.53,4361.35,4356.76,4357.01,725
2025.12.30,10:28,4357.02,4357.70,4355.36,4355.94,960
2025.12.30,10:29,4356.02,4356.78,4351.86,4353.45,1109
2025.12.30,10:30,4353.46,4355.19,4350.17,4354.78,1270
2025.12.30,10:31,4354.78,4358.15,4354.64,4357.95,902
2025.12.30,10:32,4357.78,4358.52,4356.44,4357.98,538
2025.12.30,10:33,4357.85,4358.97,4357.63,4358.35,604
2025.12.30,10:34,4358.36,4358.82,4355.72,4357.85,563
2025.12.30,10:35,4357.88,4358.34,4355.51,4355.85,471
2025.12.30,10:36,4355.93,4355.94,4354.05,4355.81,1359
2025.12.30,10:37,4355.82,4358.28,4355.20,4357.50,1020
2025.12.30,10:38,4357.51,4358.02,4355.91,4357.81,668
2025.12.30,10:39,4357.87,4358.88,4357.20,4357.59,806
2025.12.30,10:40,4357.57,4359.57,4357.33,4359.16,917
2025.12.30,10:41,4359.15,4360.44,4358.53,4360.16,956
2025.12.30,10:42,4360.44,4360.45,4356.46,4356.72,855
2025.12.30,10:43,4356.74,4358.77,4355.83,4357.82,752
2025.12.30,10:44,4357.83,4359.01,4357.43,4359.01,565
2025.12.30,10:45,4358.99,4359.30,4357.40,4357.53,424
2025.12.30,10:46,4357.53,4358.28,4357.08,4357.41,472
2025.12.30,10:47,4357.38,4358.69,4355.52,4356.94,682
2025.12.30,10:48,4356.99,4358.33,4354.04,4358.10,642
2025.12.30,10:49,4358.12,4359.64,4358.09,4359.26,618
2025.12.30,10:50,4359.23,4360.13,4358.36,4359.87,547
2025.12.30,10:51,4359.87,4362.70,4359.85,4362.65,1496
2025.12.30,10:52,4362.74,4362.81,4360.59,4362.33,1111
2025.12.30,10:53,4362.32,4363.23,4360.98,4361.86,749
2025.12.30,10:54,4361.86,4363.19,4360.91,4363.06,886
2025.12.30,10:55,4363.00,4364.27,4362.32,4364.01,665
2025.12.30,10:56,4363.80,4365.06,4362.84,4364.72,947
2025.12.30,10:57,4364.75,4365.85,4364.20,4365.67,1111
2025.12.30,10:58,4365.72,4366.18,4365.08,4365.48,895
2025.12.30,10:59,4365.47,4365.80,4364.48,4364.90,1575
2025.12.30,11:00,4364.93,4366.71,4364.85,4366.16,935
2025.12.30,11:01,4366.18,4366.57,4365.12,4365.27,861
2025.12.30,11:02,4365.26,4365.50,4363.90,4364.50,1005
2025.12.30,11:03,4364.48,4366.10,4364.08,4365.42,535
2025.12.30,11:04,4365.44,4367.59,4365.27,4366.97,551
2025.12.30,11:05,4366.99,4367.00,4365.24,4366.93,660
2025.12.30,11:06,4366.84,4367.66,4366.14,4367.64,364
2025.12.30,11:07,4367.68,4370.44,4367.53,4370.23,574
2025.12.30,11:08,4370.12,4370.51,4369.46,4370.08,665
2025.12.30,11:09,4370.18,4371.07,4369.93,4370.81,741
2025.12.30,11:10,4370.95,4372.89,4370.83,4372.77,592
2025.12.30,11:11,4372.79,4373.69,4370.76,4371.03,504
2025.12.30,11:12,4370.98,4373.58,4370.96,4371.47,453
2025.12.30,11:13,4371.45,4372.31,4371.22,4371.85,243
2025.12.30,11:14,4371.81,4373.57,4371.76,4373.05,377
2025.12.30,11:15,4373.05,4373.59,4372.02,4373.52,260
2025.12.30,11:16,4373.54,4373.58,4371.15,4373.35,411
2025.12.30,11:17,4373.39,4376.47,4373.24,4376.23,692
2025.12.30,11:18,4376.28,4376.32,4374.98,4375.10,824
2025.12.30,11:19,4375.14,4375.78,4373.44,4375.11,1067
2025.12.30,11:20,4375.10,4375.32,4373.57,4374.92,587
2025.12.30,11:21,4375.00,4375.14,4371.31,4371.85,471
2025.12.30,11:22,4371.94,4372.67,4369.58,4369.74,598
2025.12.30,11:23,4369.73,4371.70,4369.73,4371.47,737
2025.12.30,11:24,4371.53,4371.96,4370.05,4370.25,771
2025.12.30,11:25,4370.22,4371.35,4367.70,4370.64,933
2025.12.30,11:26,4370.65,4372.01,4369.58,4370.30,591
2025.12.30,11:27,4370.34,4370.50,4368.51,4368.66,676
2025.12.30,11:28,4368.67,4370.84,4368.37,4368.91,807
2025.12.30,11:29,4368.99,4369.40,4367.94,4368.60,713
2025.12.30,11:30,4368.59,4370.19,4368.00,4368.22,413
2025.12.30,11:31,4368.10,4369.07,4367.82,4368.85,447
2025.12.30,11:32,4368.86,4370.14,4368.58,4369.23,328
2025.12.30,11:33,4369.27,4369.76,4368.40,4368.68,393
2025.12.30,11:34,4368.69,4369.28,4368.52,4368.73,461
2025.12.30,11:35,4368.74,4369.37,4367.71,4367.93,816
2025.12.30,11:36,4367.90,4370.36,4367.08,4370.17,1209
2025.12.30,11:37,4370.16,4371.34,4368.81,4371.02,1133
2025.12.30,11:38,4371.04,4371.81,4369.68,4369.72,708
2025.12.30,11:39,4369.79,4369.79,4368.53,4368.88,527
2025.12.30,11:40,4368.89,4369.30,4367.06,4367.74,723
2025.12.30,11:41,4367.76,4369.60,4367.63,4369.02,635
2025.12.30,11:42,4369.18,4369.90,4368.57,4369.76,859
2025.12.30,11:43,4369.77,4370.48,4368.90,4369.06,926
2025.12.30,11:44,4368.84,4369.15,4367.81,4368.21,900
2025.12.30,11:45,4368.20,4369.57,4368.07,4368.30,729
2025.12.30,11:46,4368.32,4369.04,4367.40,4368.66,565
2025.12.30,11:47,4368.64,4369.73,4368.13,4368.35,695
2025.12.30,11:48,4368.55,4369.02,4367.45,4367.95,953
2025.12.30,11:49,4367.97,4369.08,4367.80,4369.08,729
2025.12.30,11:50,4369.03,4370.48,4368.29,4370.07,893
2025.12.30,11:51,4370.17,4370.70,4369.19,4369.42,598
2025.12.30,11:52,4369.39,4370.55,4369.14,4370.37,549
2025.12.30,11:53,4370.39,4372.39,4370.22,4371.91,1230
2025.12.30,11:54,4371.91,4372.67,4371.71,4371.88,988
2025.12.30,11:55,4371.89,4373.57,4371.85,4372.97,362
2025.12.30,11:56,4372.95,4373.77,4372.42,4372.93,558
2025.12.30,11:57,4372.96,4373.93,4372.96,4373.43,856
2025.12.30,11:58,4373.42,4373.71,4372.63,4373.20,849
2025.12.30,11:59,4373.13,4373.38,4372.05,4372.05,409
2025.12.30,12:00,4372.04,4373.61,4371.89,4373.40,427
2025.12.30,12:01,4373.44,4373.52,4371.94,4372.39,954
2025.12.30,12:02,4372.38,4372.70,4370.13,4371.48,1095
2025.12.30,12:03,4371.46,4371.50,4370.31,4370.72,1104
2025.12.30,12:04,4370.68,4371.07,4368.94,4369.14,1016
2025.12.30,12:05,4369.05,4370.88,4367.65,4370.41,785
2025.12.30,12:06,4370.40,4372.28,4370.40,4372.26,487
2025.12.30,12:07,4372.19,4372.42,4371.03,4371.54,659
2025.12.30,12:08,4371.53,4371.85,4371.02,4371.56,613
2025.12.30,12:09,4371.57,4372.50,4370.75,4372.36,640
2025.12.30,12:10,4372.37,4372.77,4371.49,4372.50,1099
2025.12.30,12:11,4372.49,4372.93,4371.83,4372.34,1302
2025.12.30,12:12,4372.37,4374.16,4370.89,4373.80,1121
2025.12.30,12:13,4373.76,4375.48,4373.76,4374.74,2122
2025.12.30,12:14,4374.68,4376.02,4374.22,4375.70,912
2025.12.30,12:15,4375.81,4376.81,4374.52,4375.05,972
2025.12.30,12:16,4375.07,4376.48,4375.05,4375.74,676
2025.12.30,12:17,4375.73,4376.15,4374.80,4375.54,531
2025.12.30,12:18,4375.54,4378.44,4375.51,4377.51,1001
2025.12.30,12:19,4377.50,4378.73,4377.50,4378.00,1210
2025.12.30,12:20,4378.10,4379.30,4378.06,4379.02,1328
2025.12.30,12:21,4379.00,4379.63,4378.62,4379.45,1042
2025.12.30,12:22,4379.42,4379.42,4377.14,4378.08,539
2025.12.30,12:23,4378.09,4378.15,4376.39,4377.33,521
2025.12.30,12:24,4377.39,4378.55,4376.82,4377.59,1660
2025.12.30,12:25,4377.48,4378.51,4377.08,4378.34,1091
2025.12.30,12:26,4378.35,4381.32,4377.85,4381.10,2750
2025.12.30,12:27,4381.18,4382.46,4380.52,4382.14,2139
2025.12.30,12:28,4382.15,4382.82,4381.82,4381.97,1795
2025.12.30,12:29,4381.95,4382.32,4381.21,4382.11,2090
2025.12.30,12:30,4382.09,4388.39,4381.53,4387.43,2100
2025.12.30,12:31,4387.46,4391.01,4386.90,4390.92,2567
2025.12.30,12:32,4390.90,4391.34,4389.43,4390.43,2107
2025.12.30,12:33,4390.46,4390.46,4387.65,4388.47,1009
2025.12.30,12:34,4388.54,4388.74,4387.39,4387.67,1316
2025.12.30,12:35,4387.87,4390.16,4387.58,4389.21,1047
2025.12.30,12:36,4389.19,4390.26,4388.32,4389.67,719
2025.12.30,12:37,4389.69,4390.87,4389.69,4390.25,593
2025.12.30,12:38,4390.26,4391.77,4388.55,4389.42,2034
2025.12.30,12:39,4389.38,4389.54,4387.24,4387.54,1231
2025.12.30,12:40,4387.56,4388.11,4384.23,4384.40,1414
2025.12.30,12:41,4384.36,4384.58,4382.62,4382.76,1472
2025.12.30,12:42,4382.76,4384.21,4382.72,4382.99,1262
2025.12.30,12:43,4383.08,4383.59,4382.61,4382.66,477
2025.12.30,12:44,4382.69,4383.37,4382.49,4382.73,724
2025.12.30,12:45,4382.71,4383.19,4381.60,4382.61,967
2025.12.30,12:46,4382.55,4382.86,4380.83,4381.39,1051
2025.12.30,12:47,4381.41,4382.08,4380.39,4381.05,729
2025.12.30,12:48,4381.11,4381.41,4378.77,4379.24,1055
2025.12.30,12:49,4379.25,4380.64,4378.89,4380.39,1059
2025.12.30,12:50,4380.45,4382.24,4380.43,4380.73,985
2025.12.30,12:51,4380.74,4382.82,4380.74,4381.83,1348
2025.12.30,12:52,4381.85,4382.76,4381.59,4382.51,1026
2025.12.30,12:53,4382.65,4383.75,4382.40,4383.55,835
2025.12.30,12:54,4383.45,4383.76,4382.63,4383.22,1303
2025.12.30,12:55,4383.20,4383.37,4381.70,4382.16,973
2025.12.30,12:56,4381.96,4383.45,4381.77,4383.33,1168
2025.12.30,12:57,4383.32,4385.70,4383.21,4384.60,1495
2025.12.30,12:58,4384.62,4384.67,4383.51,4383.97,845
2025.12.30,12:59,4383.93,4384.87,4383.56,4384.80,788
2025.12.30,13:00,4384.81,4386.49,4384.81,4385.63,859
2025.12.30,13:01,4385.61,4387.45,4385.53,4387.29,914
2025.12.30,13:02,4387.24,4387.37,4385.19,4385.64,557
2025.12.30,13:03,4385.65,4386.53,4385.17,4386.44,696
2025.12.30,13:04,4386.46,4386.77,4385.79,4385.92,626
2025.12.30,13:05,4385.89,4386.94,4385.57,4385.82,1064
2025.12.30,13:06,4385.83,4386.69,4385.40,4385.72,703
2025.12.30,13:07,4385.74,4386.69,4385.13,4385.99,902
2025.12.30,13:08,4386.01,4386.93,4385.48,4386.82,505
2025.12.30,13:09,4386.84,4389.55,4386.64,4389.12,1092
2025.12.30,13:10,4389.18,4390.03,4387.75,4389.68,859
2025.12.30,13:11,4389.66,4390.19,4386.55,4386.60,837
2025.12.30,13:12,4386.58,4387.80,4385.61,4387.57,1627
2025.12.30,13:13,4387.29,4387.29,4385.44,4386.66,1485
2025.12.30,13:14,4386.67,4387.08,4386.21,4386.77,923
2025.12.30,13:15,4386.78,4388.06,4386.28,4386.61,2507
2025.12.30,13:16,4386.60,4387.76,4386.11,4387.01,1930
2025.12.30,13:17,4387.00,4389.46,4386.99,4389.05,1512
2025.12.30,13:18,4389.02,4389.63,4387.79,4388.48,1186
2025.12.30,13:19,4388.45,4388.79,4387.32,4387.86,1177
2025.12.30,13:20,4387.85,4388.58,4386.52,4386.83,1182
2025.12.30,13:21,4386.66,4388.00,4386.63,4387.04,1545
2025.12.30,13:22,4387.05,4388.02,4386.84,4387.99,1415
2025.12.30,13:23,4387.98,4388.35,4385.88,4386.70,1185
2025.12.30,13:24,4386.71,4387.43,4386.09,4386.40,454
2025.12.30,13:25,4386.43,4386.58,4385.51,4385.87,797
2025.12.30,13:26,4385.88,4388.18,4385.70,4388.10,495
2025.12.30,13:27,4388.17,4389.05,4388.13,4388.58,906
2025.12.30,13:28,4388.57,4389.47,4388.36,4388.52,1720
2025.12.30,13:29,4388.48,4389.32,4388.19,4388.82,1552
2025.12.30,13:30,4388.76,4389.30,4387.54,4387.67,784
2025.12.30,13:31,4387.70,4388.51,4386.90,4387.48,964
2025.12.30,13:32,4387.47,4388.30,4386.93,4388.15,1672
2025.12.30,13:33,4388.19,4388.36,4387.35,4387.83,1687
2025.12.30,13:34,4388.20,4388.27,4387.06,4387.31,753
2025.12.30,13:35,4387.28,4388.91,4386.59,4388.62,1024
2025.12.30,13:36,4388.67,4388.67,4387.42,4387.68,564
2025.12.30,13:37,4387.70,4388.08,4385.77,4386.03,871
2025.12.30,13:38,4386.02,4386.68,4385.69,4386.22,1115
2025.12.30,13:39,4386.15,4386.41,4385.11,4386.15,422
2025.12.30,13:40,4386.14,4386.38,4385.29,4385.46,363
2025.12.30,13:41,4385.51,4386.53,4385.49,4386.12,371
2025.12.30,13:42,4386.13,4386.47,4385.54,4385.93,203
2025.12.30,13:43,4386.01,4386.01,4384.88,4385.02,150
2025.12.30,13:44,4385.03,4385.31,4383.56,4384.76,403
2025.12.30,13:45,4384.73,4384.91,4383.37,4383.47,642
2025.12.30,13:46,4383.50,4385.18,4383.44,4384.00,429
2025.12.30,13:47,4383.98,4384.44,4383.56,4383.65,295
2025.12.30,13:48,4383.64,4383.79,4382.85,4382.98,384
2025.12.30,13:49,4382.96,4383.98,4382.69,4383.91,596
2025.12.30,13:50,4383.95,4384.49,4383.43,4383.58,1088
2025.12.30,13:51,4383.44,4383.46,4381.14,4381.88,766
2025.12.30,13:52,4381.85,4382.53,4381.39,4382.02,470
2025.12.30,13:53,4381.99,4383.28,4381.90,4383.02,692
2025.12.30,13:54,4383.06,4383.87,4383.03,4383.15,910
2025.12.30,13:55,4383.14,4383.92,4382.84,4383.53,531
2025.12.30,13:56,4383.52,4383.92,4383.17,4383.25,570
2025.12.30,13:57,4383.26,4384.72,4383.07,4384.67,656
2025.12.30,13:58,4384.66,4384.81,4383.59,4383.86,457
2025.12.30,13:59,4383.81,4384.89,4383.67,4384.20,436
2025.12.30,14:00,4384.22,4385.39,4383.37,4384.18,891
2025.12.30,14:01,4384.26,4385.62,4383.73,4384.72,1174
2025.12.30,14:02,4384.71,4386.11,4384.52,4385.89,688
2025.12.30,14:03,4385.91,4386.59,4385.15,4385.86,662
2025.12.30,14:04,4385.87,4386.95,4385.82,4386.95,498
2025.12.30,14:05,4386.89,4386.96,4385.77,4386.46,422
2025.12.30,14:06,4386.46,4386.89,4385.60,4385.79,421
2025.12.30,14:07,4385.76,4387.39,4385.76,4387.02,405
2025.12.30,14:08,4387.01,4390.48,4387.01,4390.27,793
2025.12.30,14:09,4390.29,4390.52,4388.19,4388.44,669
2025.12.30,14:10,4388.49,4389.62,4387.86,4389.35,964
2025.12.30,14:11,4389.37,4392.64,4389.16,4391.74,882
2025.12.30,14:12,4391.70,4393.14,4391.16,4391.76,994
2025.12.30,14:13,4391.70,4395.56,4391.35,4395.51,704
2025.12.30,14:14,4395.54,4397.59,4395.40,4396.06,1879
2025.12.30,14:15,4396.06,4398.06,4394.88,4395.15,1042
2025.12.30,14:16,4395.16,4397.79,4394.94,4397.79,962
2025.12.30,14:17,4397.81,4398.09,4396.14,4396.55,1083
2025.12.30,14:18,4396.67,4397.41,4396.39,4397.21,739
2025.12.30,14:19,4397.16,4399.14,4396.33,4398.98,915
2025.12.30,14:20,4398.78,4399.01,4397.28,4397.78,567
2025.12.30,14:21,4397.73,4398.62,4396.95,4397.86,615
2025.12.30,14:22,4397.75,4398.33,4396.48,4397.40,852
2025.12.30,14:23,4397.42,4398.16,4397.26,4397.93,633
2025.12.30,14:24,4397.94,4398.47,4396.56,4396.60,927
2025.12.30,14:25,4396.63,4398.21,4396.39,4397.22,1092
2025.12.30,14:26,4397.25,4397.30,4393.35,4393.63,845
2025.12.30,14:27,4393.61,4395.18,4393.45,4393.95,983
2025.12.30,14:28,4393.97,4394.25,4391.90,4392.58,1133
2025.12.30,14:29,4392.57,4394.23,4391.61,4393.73,1429
2025.12.30,14:30,4393.85,4395.59,4393.56,4395.35,517
2025.12.30,14:31,4395.36,4396.00,4393.95,4394.32,651
2025.12.30,14:32,4394.30,4394.45,4393.00,4393.29,888
2025.12.30,14:33,4393.21,4395.36,4393.03,4394.97,873
2025.12.30,14:34,4394.99,4395.73,4394.27,4395.28,877
2025.12.30,14:35,4395.23,4396.29,4394.64,4394.82,1172
2025.12.30,14:36,4394.80,4395.14,4393.87,4394.40,515
2025.12.30,14:37,4394.37,4395.74,4393.88,4395.65,714
2025.12.30,14:38,4395.62,4397.88,4395.57,4397.75,914
2025.12.30,14:39,4397.68,4399.96,4397.60,4399.75,1157
2025.12.30,14:40,4399.73,4401.31,4399.14,4400.77,1123
2025.12.30,14:41,4400.80,4402.91,4400.46,4401.90,1234
2025.12.30,14:42,4401.87,4402.16,4398.95,4399.34,814
2025.12.30,14:43,4399.24,4401.41,4398.59,4400.39,1065
2025.12.30,14:44,4400.41,4400.70,4399.53,4399.70,966
2025.12.30,14:45,4399.69,4401.66,4399.69,4400.93,998
2025.12.30,14:46,4400.95,4402.15,4400.72,4401.44,992
2025.12.30,14:47,4401.44,4401.74,4397.98,4398.55,2321
2025.12.30,14:48,4398.54,4399.63,4397.23,4399.01,1947
2025.12.30,14:49,4399.08,4401.59,4398.75,4401.48,929
2025.12.30,14:50,4401.47,4401.86,4398.40,4398.67,1506
2025.12.30,14:51,4398.64,4399.10,4396.87,4397.11,1321
2025.12.30,14:52,4397.23,4398.54,4396.37,4397.88,1572
2025.12.30,14:53,4398.05,4398.96,4397.35,4398.46,1306
2025.12.30,14:54,4398.33,4399.76,4398.03,4399.65,946
2025.12.30,14:55,4399.79,4400.58,4398.46,4398.55,1138
2025.12.30,14:56,4398.57,4400.21,4398.49,4399.30,1270
2025.12.30,14:57,4399.31,4399.39,4397.97,4398.24,1282
2025.12.30,14:58,4398.20,4400.31,4398.05,4399.57,1274
2025.12.30,14:59,4399.55,4401.96,4399.55,4401.24,1341
2025.12.30,15:00,4401.26,4403.51,4399.74,4402.16,2038
2025.12.30,15:01,4402.18,4402.61,4400.19,4400.66,2103
2025.12.30,15:02,4400.63,4402.56,4399.79,4401.02,2051
2025.12.30,15:03,4400.88,4402.03,4399.28,4401.89,1633
2025.12.30,15:04,4401.97,4404.23,4401.70,4402.73,1238
2025.12.30,15:05,4402.66,4403.44,4400.55,4401.11,1922
2025.12.30,15:06,4401.09,4402.46,4399.32,4400.76,1863
2025.12.30,15:07,4400.74,4401.53,4398.22,4398.55,2113
2025.12.30,15:08,4398.56,4401.26,4398.32,4400.06,1327
2025.12.30,15:09,4399.99,4400.72,4398.34,4399.20,1222
2025.12.30,15:10,4399.37,4401.20,4398.86,4399.26,1036
2025.12.30,15:11,4399.25,4399.93,4398.32,4399.18,1532
2025.12.30,15:12,4399.17,4401.69,4396.92,4398.46,2150
2025.12.30,15:13,4398.57,4399.80,4397.66,4398.81,2231
2025.12.30,15:14,4398.80,4399.91,4398.80,4399.31,1509
2025.12.30,15:15,4399.31,4399.35,4396.32,4396.98,1463
2025.12.30,15:16,4396.97,4398.13,4396.78,4397.97,1237
2025.12.30,15:17,4397.95,4398.42,4396.80,4396.86,932
2025.12.30,15:18,4396.87,4398.20,4396.46,4397.38,902
2025.12.30,15:19,4397.33,4398.21,4391.11,4391.22,1367
2025.12.30,15:20,4391.38,4395.63,4389.56,4394.86,2437
2025.12.30,15:21,4394.89,4395.36,4392.94,4394.86,1383
2025.12.30,15:22,4395.00,4395.07,4392.40,4393.10,1092
2025.12.30,15:23,4393.12,4395.24,4391.97,4394.86,1736
2025.12.30,15:24,4394.94,4395.79,4394.21,4395.00,1284
2025.12.30,15:25,4395.02,4397.65,4394.14,4396.13,1977
2025.12.30,15:26,4395.98,4397.56,4395.93,4397.43,845
2025.12.30,15:27,4397.40,4397.49,4393.80,4394.07,1407
2025.12.30,15:28,4394.00,4396.16,4393.66,4394.62,1300
2025.12.30,15:29,4394.59,4394.60,4392.32,4393.54,1210
2025.12.30,15:30,4393.64,4393.72,4388.73,4388.85,1817
2025.12.30,15:31,4388.69,4389.40,4385.28,4385.80,2173
2025.12.30,15:32,4385.79,4385.95,4379.38,4380.81,1999
2025.12.30,15:33,4380.68,4381.62,4376.57,4377.74,1521
2025.12.30,15:34,4377.83,4384.43,4377.83,4383.87,1186
2025.12.30,15:35,4383.83,4385.13,4382.43,4383.33,1191
2025.12.30,15:36,4383.18,4387.17,4381.95,4385.00,1357
2025.12.30,15:37,4385.02,4385.45,4381.73,4384.50,1601
2025.12.30,15:38,4384.61,4388.10,4383.21,4383.44,1992
2025.12.30,15:39,4383.47,4385.06,4381.52,4381.72,1383
2025.12.30,15:40,4381.69,4382.09,4377.87,4380.29,1928
2025.12.30,15:41,4380.37,4381.13,4378.32,4378.48,1920
2025.12.30,15:42,4378.45,4380.83,4377.55,4378.89,1491
2025.12.30,15:43,4378.67,4379.18,4376.12,4378.93,2067
2025.12.30,15:44,4378.94,4379.64,4377.98,4379.43,1174
2025.12.30,15:45,4379.40,4382.97,4377.80,4381.94,1719
2025.12.30,15:46,4382.02,4382.05,4376.74,4376.90,1304
2025.12.30,15:47,4376.91,4380.48,4376.20,4380.35,1825
2025.12.30,15:48,4380.33,4381.35,4378.69,4379.88,1440
2025.12.30,15:49,4379.86,4381.61,4379.32,4380.75,1344
2025.12.30,15:50,4380.63,4382.60,4378.96,4382.12,1822
2025.12.30,15:51,4382.10,4384.41,4381.89,4383.93,1194
2025.12.30,15:52,4383.92,4384.76,4382.96,4384.43,1958
2025.12.30,15:53,4384.42,4387.44,4384.23,4387.19,1517
2025.12.30,15:54,4386.94,4388.93,4386.08,4387.04,940
2025.12.30,15:55,4387.03,4388.95,4386.96,4387.36,1055
2025.12.30,15:56,4387.33,4388.31,4386.92,4387.24,1131
2025.12.30,15:57,4387.03,4387.39,4385.17,4385.49,1109
2025.12.30,15:58,4385.47,4386.99,4384.21,4386.35,1496
2025.12.30,15:59,4386.62,4389.45,4386.43,4388.22,798
2025.12.30,16:00,4388.32,4390.25,4386.67,4389.03,758
2025.12.30,16:01,4388.98,4390.07,4388.82,4389.19,1482
2025.12.30,16:02,4389.20,4390.29,4386.77,4387.14,1322
2025.12.30,16:03,4387.11,4387.83,4385.45,4386.12,1081
2025.12.30,16:04,4386.10,4386.21,4382.44,4383.21,1067
2025.12.30,16:05,4383.22,4388.22,4383.10,4387.90,850
2025.12.30,16:06,4387.96,4388.56,4385.84,4386.20,686
2025.12.30,16:07,4386.21,4386.90,4385.29,4386.86,451
2025.12.30,16:08,4386.88,4389.50,4386.79,4389.16,424
2025.12.30,16:09,4389.15,4389.38,4386.58,4386.93,1068
2025.12.30,16:10,4386.91,4389.05,4386.44,4386.88,1358
2025.12.30,16:11,4386.79,4387.46,4385.20,4385.22,1917
2025.12.30,16:12,4385.21,4388.88,4384.60,4388.55,1640
2025.12.30,16:13,4388.47,4388.82,4385.09,4385.27,1759
2025.12.30,16:14,4385.30,4388.26,4385.02,4386.16,1824
2025.12.30,16:15,4386.16,4386.45,4384.36,4384.36,783
2025.12.30,16:16,4384.38,4386.38,4384.33,4385.31,831
2025.12.30,16:17,4385.25,4385.60,4381.02,4381.67,979
2025.12.30,16:18,4381.59,4383.22,4380.81,4381.78,885
2025.12.30,16:19,4381.81,4384.62,4380.82,4383.84,814
2025.12.30,16:20,4383.89,4384.71,4382.52,4383.52,777
2025.12.30,16:21,4383.53,4385.07,4382.70,4384.42,956
2025.12.30,16:22,4384.46,4386.40,4384.32,4386.27,886
2025.12.30,16:23,4386.29,4386.70,4385.39,4386.11,804
2025.12.30,16:24,4386.05,4386.83,4385.03,4385.75,1074
2025.12.30,16:25,4385.67,4386.76,4384.53,4385.31,1586
2025.12.30,16:26,4385.45,4386.52,4384.58,4385.69,1676
2025.12.30,16:27,4385.70,4388.78,4385.70,4387.62,2091
2025.12.30,16:28,4387.61,4390.09,4386.69,4389.74,2695
2025.12.30,16:29,4389.75,4391.22,4388.58,4390.61,1607
2025.12.30,16:30,4390.62,4392.26,4387.55,4390.79,2606
2025.12.30,16:31,4390.76,4391.52,4385.70,4385.78,1654
2025.12.30,16:32,4385.76,4386.75,4380.45,4380.94,1981
2025.12.30,16:33,4380.99,4384.15,4379.38,4381.65,2457
2025.12.30,16:34,4381.69,4382.95,4378.67,4382.54,2795
2025.12.30,16:35,4382.55,4383.51,4376.55,4376.72,2789
2025.12.30,16:36,4376.69,4381.11,4376.14,4379.03,2416
2025.12.30,16:37,4379.01,4381.06,4378.72,4380.36,1510
2025.12.30,16:38,4380.33,4382.45,4373.15,4375.15,1174
2025.12.30,16:39,4375.24,4377.73,4374.01,4376.98,1500
2025.12.30,16:40,4376.93,4377.01,4367.21,4369.75,1748
2025.12.30,16:41,4369.73,4370.00,4366.32,4366.71,1291
2025.12.30,16:42,4366.65,4368.18,4363.73,4367.54,1143
2025.12.30,16:43,4367.60,4369.29,4364.04,4367.37,1185
2025.12.30,16:44,4367.44,4371.82,4367.42,4371.26,1323
2025.12.30,16:45,4371.25,4371.93,4364.27,4364.82,1169
2025.12.30,16:46,4364.85,4365.73,4359.65,4361.25,1820
2025.12.30,16:47,4361.24,4361.50,4355.57,4356.57,2057
2025.12.30,16:48,4356.71,4362.54,4356.23,4361.70,2157
2025.12.30,16:49,4361.97,4362.39,4358.77,4360.61,2139
2025.12.30,16:50,4360.73,4364.45,4357.40,4362.30,1911
2025.12.30,16:51,4362.26,4365.91,4362.16,4364.41,2221
2025.12.30,16:52,4364.44,4369.39,4363.99,4368.92,2621
2025.12.30,16:53,4368.95,4369.59,4366.71,4368.74,2968
2025.12.30,16:54,4368.75,4371.61,4368.58,4369.26,2462
2025.12.30,16:55,4369.52,4370.49,4364.81,4365.86,2103
2025.12.30,16:56,4365.81,4367.89,4364.10,4367.06,2564
2025.12.30,16:57,4367.02,4369.36,4365.39,4367.66,1998
2025.12.30,16:58,4367.64,4367.97,4362.85,4363.47,1807
2025.12.30,16:59,4363.35,4367.81,4363.29,4366.26,1701
2025.12.30,17:00,4366.36,4371.17,4364.87,4370.37,1986
2025.12.30,17:01,4370.44,4371.51,4365.92,4367.50,2035
2025.12.30,17:02,4367.47,4368.48,4363.17,4363.85,1814
2025.12.30,17:03,4363.82,4365.40,4360.78,4362.38,1806
2025.12.30,17:04,4362.19,4366.54,4361.80,4366.32,2051
2025.12.30,17:05,4366.37,4369.41,4363.05,4369.06,1937
2025.12.30,17:06,4369.11,4373.07,4367.96,4371.27,1856
2025.12.30,17:07,4371.22,4372.86,4368.86,4370.00,1747
2025.12.30,17:08,4370.08,4372.20,4367.75,4371.99,2021
2025.12.30,17:09,4372.03,4372.50,4368.65,4368.82,2727
2025.12.30,17:10,4368.77,4372.65,4366.40,4371.76,2427
2025.12.30,17:11,4371.63,4372.30,4367.57,4367.72,1562
2025.12.30,17:12,4367.74,4369.10,4364.82,4364.86,1340
2025.12.30,17:13,4364.82,4367.83,4363.92,4367.23,1334
2025.12.30,17:14,4367.27,4369.89,4366.69,4369.26,1320
2025.12.30,17:15,4369.32,4372.97,4368.54,4371.75,1002
2025.12.30,17:16,4371.74,4374.14,4370.93,4372.25,1177
2025.12.30,17:17,4372.22,4373.30,4371.06,4372.76,908
2025.12.30,17:18,4372.73,4374.00,4370.68,4370.79,1461
2025.12.30,17:19,4370.78,4376.42,4370.76,4374.85,1169
2025.12.30,17:20,4374.95,4377.54,4374.08,4375.51,1280
2025.12.30,17:21,4375.61,4376.20,4372.00,4372.76,1276
2025.12.30,17:22,4372.79,4373.21,4369.90,4370.23,1033
2025.12.30,17:23,4370.20,4373.52,4370.20,4371.44,1242
2025.12.30,17:24,4371.42,4372.95,4368.90,4369.10,1011
2025.12.30,17:25,4369.08,4372.30,4367.21,4370.92,1470
2025.12.30,17:26,4370.93,4371.04,4369.31,4370.22,976
2025.12.30,17:27,4370.12,4370.21,4365.57,4367.00,1140
2025.12.30,17:28,4366.98,4368.61,4366.50,4368.38,1282
2025.12.30,17:29,4368.34,4368.68,4364.92,4366.16,1245
2025.12.30,17:30,4366.16,4367.38,4363.86,4364.29,1461
2025.12.30,17:31,4364.24,4366.07,4360.07,4362.02,1441
2025.12.30,17:32,4362.00,4367.33,4361.13,4367.01,1228
2025.12.30,17:33,4366.97,4367.12,4365.45,4366.89,882
2025.12.30,17:34,4366.90,4367.80,4365.12,4366.14,1207
2025.12.30,17:35,4366.13,4368.69,4364.52,4368.45,1706
2025.12.30,17:36,4368.47,4370.44,4367.52,4368.23,1658
2025.12.30,17:37,4368.36,4371.41,4368.29,4369.93,1140
2025.12.30,17:38,4369.93,4371.76,4369.54,4370.91,2364
2025.12.30,17:39,4370.82,4371.64,4369.31,4370.95,1600
2025.12.30,17:40,4370.92,4373.49,4370.20,4373.38,2330
2025.12.30,17:41,4373.40,4374.51,4368.62,4368.98,1977
2025.12.30,17:42,4368.99,4368.99,4362.73,4362.81,1335
2025.12.30,17:43,4362.77,4363.33,4358.95,4360.79,1392
2025.12.30,17:44,4360.81,4363.37,4360.81,4362.34,1784
2025.12.30,17:45,4362.33,4363.52,4360.71,4361.41,2395
2025.12.30,17:46,4361.44,4364.80,4361.44,4363.74,2571
2025.12.30,17:47,4363.77,4364.40,4361.85,4364.00,1666
2025.12.30,17:48,4364.01,4365.94,4363.21,4364.60,1180
2025.12.30,17:49,4364.61,4366.72,4363.99,4365.46,1263
2025.12.30,17:50,4365.39,4365.85,4363.07,4364.06,1111
2025.12.30,17:51,4364.04,4367.71,4363.87,4367.20,1213
2025.12.30,17:52,4367.23,4368.11,4365.82,4366.23,1649
2025.12.30,17:53,4366.25,4368.53,4366.21,4368.11,812
2025.12.30,17:54,4367.84,4369.27,4366.83,4368.22,1754
2025.12.30,17:55,4368.21,4369.79,4368.11,4369.37,1693
2025.12.30,17:56,4369.35,4370.86,4368.05,4368.44,1307
2025.12.30,17:57,4368.43,4369.90,4366.13,4367.24,1092
2025.12.30,17:58,4367.25,4368.59,4365.52,4368.29,1205
2025.12.30,17:59,4368.32,4368.83,4364.57,4365.07,1540
2025.12.30,18:00,4365.10,4365.49,4359.65,4362.29,1073
2025.12.30,18:01,4362.35,4365.29,4361.96,4363.57,905
2025.12.30,18:02,4363.58,4364.53,4360.51,4361.77,1180
2025.12.30,18:03,4361.86,4363.06,4360.46,4360.95,1781
2025.12.30,18:04,4360.98,4362.72,4359.98,4362.43,1068
2025.12.30,18:05,4362.34,4363.57,4360.81,4361.93,1310
2025.12.30,18:06,4361.91,4362.64,4359.99,4362.09,1735
2025.12.30,18:07,4362.31,4363.58,4358.17,4358.75,1384
2025.12.30,18:08,4358.86,4360.51,4357.03,4359.26,1404
2025.12.30,18:09,4359.20,4359.35,4355.61,4355.91,1130
2025.12.30,18:10,4355.91,4358.53,4355.08,4357.71,1432
2025.12.30,18:11,4357.81,4358.62,4356.56,4356.93,1766
2025.12.30,18:12,4356.95,4358.19,4355.15,4355.85,1651
2025.12.30,18:13,4355.70,4358.82,4354.86,4358.69,1502
2025.12.30,18:14,4358.63,4360.15,4357.87,4358.39,1116
2025.12.30,18:15,4358.41,4360.78,4357.43,4360.29,1381
2025.12.30,18:16,4360.23,4363.19,4359.60,4362.94,1256
2025.12.30,18:17,4363.09,4364.82,4362.61,4364.72,1114
2025.12.30,18:18,4364.67,4367.37,4364.25,4367.25,1506
2025.12.30,18:19,4367.26,4370.05,4366.42,4366.58,1086
2025.12.30,18:20,4366.72,4368.08,4364.23,4366.76,1551
2025.12.30,18:21,4366.89,4368.05,4365.84,4366.56,1729
2025.12.30,18:22,4366.56,4367.03,4364.09,4366.43,1106
2025.12.30,18:23,4366.38,4368.00,4365.16,4366.87,1220
2025.12.30,18:24,4366.85,4368.26,4365.89,4367.66,1165
2025.12.30,18:25,4367.65,4368.19,4365.52,4367.74,860
2025.12.30,18:26,4367.76,4369.58,4366.52,4369.57,1113
2025.12.30,18:27,4369.58,4370.12,4367.93,4368.69,1462
2025.12.30,18:28,4368.67,4371.07,4368.36,4370.82,2023
2025.12.30,18:29,4370.87,4371.43,4368.54,4368.81,1957
2025.12.30,18:30,4368.79,4368.83,4364.66,4365.03,752
2025.12.30,18:31,4365.24,4367.20,4364.39,4366.56,1090
2025.12.30,18:32,4366.59,4367.01,4365.24,4366.40,931
2025.12.30,18:33,4366.13,4367.97,4366.13,4366.41,953
2025.12.30,18:34,4366.39,4367.02,4365.06,4365.44,1206
2025.12.30,18:35,4365.45,4366.53,4364.66,4365.55,1245
2025.12.30,18:36,4365.43,4367.24,4365.25,4366.68,1088
2025.12.30,18:37,4366.63,4366.99,4364.45,4364.80,1054
2025.12.30,18:38,4364.88,4364.88,4362.33,4363.15,1271
2025.12.30,18:39,4363.22,4364.45,4362.76,4363.66,1150
2025.12.30,18:40,4363.60,4365.24,4363.26,4364.71,1573
2025.12.30,18:41,4364.66,4367.00,4364.19,4366.36,1505
2025.12.30,18:42,4366.35,4367.04,4365.99,4366.25,801
2025.12.30,18:43,4366.24,4367.78,4366.01,4366.11,1203
2025.12.30,18:44,4366.10,4367.89,4365.62,4367.13,1556
2025.12.30,18:45,4367.19,4368.24,4366.14,4367.32,1418
2025.12.30,18:46,4367.34,4368.19,4366.96,4367.04,1532
2025.12.30,18:47,4367.03,4367.55,4366.40,4367.21,1288
2025.12.30,18:48,4367.06,4367.97,4366.48,4367.74,1140
2025.12.30,18:49,4367.82,4368.52,4367.31,4368.23,1223
2025.12.30,18:50,4368.14,4370.80,4367.63,4370.13,1568
2025.12.30,18:51,4370.12,4370.23,4367.67,4368.10,1215
2025.12.30,18:52,4368.28,4369.34,4367.94,4368.17,964
2025.12.30,18:53,4368.16,4369.27,4367.76,4368.82,907
2025.12.30,18:54,4368.80,4370.47,4368.46,4370.27,697
2025.12.30,18:55,4370.26,4371.48,4370.00,4370.35,1434
2025.12.30,18:56,4370.36,4376.07,4369.96,4375.88,1364
2025.12.30,18:57,4375.86,4376.10,4374.58,4374.81,1536
2025.12.30,18:58,4374.86,4378.22,4374.76,4377.75,2256
2025.12.30,18:59,4377.71,4380.02,4377.53,4377.69,1913
2025.12.30,19:00,4377.69,4381.09,4376.54,4380.51,1691
2025.12.30,19:01,4380.60,4381.03,4378.85,4378.98,1408
2025.12.30,19:02,4378.98,4380.86,4378.67,4379.85,1269
2025.12.30,19:03,4379.86,4381.69,4378.47,4378.60,887
2025.12.30,19:04,4378.62,4379.00,4376.20,4376.83,876
2025.12.30,19:05,4376.86,4377.95,4375.84,4376.33,1499
2025.12.30,19:06,4376.23,4377.18,4375.77,4376.68,943
2025.12.30,19:07,4376.80,4378.56,4376.17,4377.64,907
2025.12.30,19:08,4377.62,4379.68,4377.25,4377.38,1161
2025.12.30,19:09,4377.37,4378.14,4375.94,4376.88,1191
2025.12.30,19:10,4376.89,4378.01,4373.85,4375.16,1172
2025.12.30,19:11,4374.88,4375.64,4373.14,4373.51,1138
2025.12.30,19:12,4373.50,4375.21,4373.41,4374.90,593
2025.12.30,19:13,4374.99,4375.57,4373.55,4374.30,697
2025.12.30,19:14,4374.31,4374.51,4373.17,4373.17,728
2025.12.30,19:15,4373.31,4374.20,4372.27,4373.86,943
2025.12.30,19:16,4374.03,4375.62,4372.81,4374.26,1075
2025.12.30,19:17,4374.38,4374.77,4373.16,4373.70,856
2025.12.30,19:18,4373.75,4374.00,4371.66,4372.96,1057
2025.12.30,19:19,4372.76,4373.97,4372.62,4373.09,639
2025.12.30,19:20,4373.21,4374.91,4372.91,4373.13,920
2025.12.30,19:21,4373.17,4373.17,4368.90,4369.55,688
2025.12.30,19:22,4369.53,4370.43,4368.94,4370.29,561
2025.12.30,19:23,4370.23,4372.40,4368.36,4371.47,1233
2025.12.30,19:24,4371.48,4374.30,4371.12,4373.65,828
2025.12.30,19:25,4373.64,4374.93,4373.02,4374.80,621
2025.12.30,19:26,4374.78,4376.78,4373.87,4375.35,1657
2025.12.30,19:27,4375.57,4375.59,4373.45,4374.52,1016
2025.12.30,19:28,4374.51,4375.51,4374.31,4374.45,572
2025.12.30,19:29,4374.41,4375.82,4373.73,4374.76,894
2025.12.30,19:30,4374.80,4376.16,4374.00,4374.71,754
2025.12.30,19:31,4374.48,4375.33,4373.60,4374.16,1174
2025.12.30,19:32,4374.08,4374.63,4372.98,4374.24,846
2025.12.30,19:33,4374.26,4374.53,4372.33,4373.16,460
2025.12.30,19:34,4373.15,4374.55,4372.51,4373.10,655
2025.12.30,19:35,4373.09,4373.63,4370.63,4370.64,792
2025.12.30,19:36,4370.66,4372.20,4370.24,4370.94,909
2025.12.30,19:37,4371.05,4371.18,4369.98,4370.58,582
2025.12.30,19:38,4370.48,4370.74,4368.94,4370.35,721
2025.12.30,19:39,4370.31,4372.94,4370.31,4372.83,611
2025.12.30,19:40,4372.85,4373.23,4369.66,4370.05,754
2025.12.30,19:41,4369.94,4369.94,4367.14,4368.01,921
2025.12.30,19:42,4368.04,4368.71,4365.36,4365.40,1140
2025.12.30,19:43,4365.42,4367.18,4364.74,4366.60,1500
2025.12.30,19:44,4366.59,4368.75,4365.95,4368.55,1234
2025.12.30,19:45,4368.52,4369.27,4367.57,4367.61,800
2025.12.30,19:46,4367.60,4367.75,4364.76,4365.35,694
2025.12.30,19:47,4365.38,4366.58,4364.23,4366.26,798
2025.12.30,19:48,4366.24,4367.00,4365.70,4365.98,699
2025.12.30,19:49,4365.95,4366.67,4365.11,4365.35,869
2025.12.30,19:50,4365.38,4366.95,4364.36,4366.71,1019
2025.12.30,19:51,4366.72,4368.18,4365.76,4367.87,849
2025.12.30,19:52,4367.90,4368.28,4366.91,4367.61,856
2025.12.30,19:53,4367.62,4369.23,4367.37,4368.83,1287
2025.12.30,19:54,4368.87,4369.64,4368.19,4368.40,1468
2025.12.30,19:55,4368.41,4369.24,4367.84,4368.89,909
2025.12.30,19:56,4368.90,4369.98,4368.47,4369.60,727
2025.12.30,19:57,4369.64,4370.46,4368.80,4369.54,1010
2025.12.30,19:58,4369.52,4370.40,4369.43,4370.18,850
2025.12.30,19:59,4370.19,4370.19,4369.06,4370.12,1451
2025.12.30,20:00,4370.11,4370.54,4369.05,4370.16,1455
2025.12.30,20:01,4370.15,4371.50,4368.70,4370.60,1356
2025.12.30,20:02,4370.73,4371.97,4369.66,4371.79,1142
2025.12.30,20:03,4371.77,4373.75,4371.42,4373.54,1227
2025.12.30,20:04,4373.51,4375.99,4373.13,4375.63,1363
2025.12.30,20:05,4375.58,4377.97,4375.49,4377.51,1212
2025.12.30,20:06,4377.55,4378.83,4376.69,4376.88,2005
2025.12.30,20:07,4376.82,4377.46,4375.89,4376.83,2227
2025.12.30,20:08,4376.85,4377.07,4374.81,4374.99,2386
2025.12.30,20:09,4374.93,4375.20,4373.68,4373.76,2543
2025.12.30,20:10,4373.83,4375.60,4373.47,4375.04,1001
2025.12.30,20:11,4374.93,4376.24,4374.07,4374.72,1114
2025.12.30,20:12,4374.71,4375.13,4372.14,4372.85,759
2025.12.30,20:13,4372.82,4373.11,4371.92,4372.12,655
2025.12.30,20:14,4372.13,4372.43,4371.01,4371.08,461
2025.12.30,20:15,4371.10,4371.15,4368.17,4368.22,574
2025.12.30,20:16,4368.37,4369.53,4367.91,4368.84,460
2025.12.30,20:17,4368.83,4369.33,4367.51,4368.91,1940
2025.12.30,20:18,4368.90,4370.71,4368.43,4370.35,1205
2025.12.30,20:19,4370.10,4370.20,4368.26,4369.42,639
2025.12.30,20:20,4369.60,4370.47,4367.20,4367.30,2179
2025.12.30,20:21,4367.36,4369.19,4366.44,4367.78,1186
2025.12.30,20:22,4367.80,4368.00,4365.98,4366.72,796
2025.12.30,20:23,4366.70,4369.69,4366.16,4369.53,1250
2025.12.30,20:24,4369.54,4371.70,4369.52,4370.76,1774
2025.12.30,20:25,4370.73,4371.55,4370.14,4370.93,1025
2025.12.30,20:26,4370.82,4371.95,4370.42,4371.43,1878
2025.12.30,20:27,4371.16,4372.13,4370.69,4370.83,1849
2025.12.30,20:28,4370.88,4371.22,4367.81,4369.09,1396
2025.12.30,20:29,4369.22,4372.03,4368.98,4370.73,2887
2025.12.30,20:30,4370.77,4370.98,4367.93,4368.63,1769
2025.12.30,20:31,4368.69,4368.79,4366.51,4367.33,2461
2025.12.30,20:32,4367.34,4368.07,4366.70,4367.55,2442
2025.12.30,20:33,4367.44,4368.91,4366.88,4368.07,2432
2025.12.30,20:34,4368.11,4368.68,4366.73,4368.44,1640
2025.12.30,20:35,4368.47,4368.98,4367.17,4368.16,1551
2025.12.30,20:36,4368.17,4369.09,4367.66,4368.53,612
2025.12.30,20:37,4368.50,4369.62,4367.97,4368.45,780
2025.12.30,20:38,4368.58,4368.58,4365.57,4365.95,607
2025.12.30,20:39,4365.86,4366.91,4365.10,4366.03,866
2025.12.30,20:40,4366.07,4366.51,4365.11,4365.12,855
2025.12.30,20:41,4365.05,4365.65,4364.13,4364.85,576
2025.12.30,20:42,4364.87,4365.18,4362.27,4363.03,695
2025.12.30,20:43,4362.96,4364.45,4362.85,4364.42,409
2025.12.30,20:44,4364.40,4366.19,4363.79,4365.89,763
2025.12.30,20:45,4365.88,4366.38,4364.61,4365.56,775
2025.12.30,20:46,4365.63,4366.02,4363.76,4364.20,746
2025.12.30,20:47,4364.21,4365.41,4362.99,4365.07,1361
2025.12.30,20:48,4364.96,4366.30,4364.07,4365.50,2760
2025.12.30,20:49,4365.51,4367.22,4365.47,4366.59,1359
2025.12.30,20:50,4366.60,4367.52,4366.44,4366.98,1847
2025.12.30,20:51,4367.00,4367.11,4365.81,4366.32,1582
2025.12.30,20:52,4366.39,4366.46,4364.19,4364.28,1179
2025.12.30,20:53,4364.45,4364.98,4363.10,4363.61,1017
2025.12.30,20:54,4363.57,4365.03,4363.27,4364.42,1316
2025.12.30,20:55,4364.41,4364.48,4363.19,4364.24,1652
2025.12.30,20:56,4364.23,4364.44,4363.19,4363.98,1949
2025.12.30,20:57,4363.99,4364.67,4363.64,4363.70,1866
2025.12.30,20:58,4363.78,4364.22,4363.24,4363.70,1869
2025.12.30,20:59,4363.71,4365.06,4363.55,4364.48,1451
2025.12.30,21:00,4364.46,4365.30,4364.09,4364.33,215
2025.12.30,21:01,4364.39,4365.77,4363.22,4363.59,530
2025.12.30,21:02,4363.64,4365.90,4363.54,4365.76,293
2025.12.30,21:03,4365.73,4367.47,4365.73,4366.97,295
2025.12.30,21:04,4366.99,4367.93,4366.78,4367.47,1228
2025.12.30,21:05,4367.48,4367.48,4363.94,4366.22,2035
2025.12.30,21:06,4366.18,4366.77,4364.39,4364.51,2964
2025.12.30,21:07,4364.58,4365.64,4364.23,4364.66,1308
2025.12.30,21:08,4364.64,4367.13,4364.34,4366.80,1785
2025.12.30,21:09,4366.84,4367.03,4365.70,4366.04,1258
2025.12.30,21:10,4366.06,4367.99,4365.80,4366.63,2518
2025.12.30,21:11,4366.58,4367.24,4365.65,4366.42,3407
2025.12.30,21:12,4366.44,4367.20,4366.23,4366.83,2329
2025.12.30,21:13,4366.84,4367.80,4366.55,4366.72,2154
2025.12.30,21:14,4366.76,4367.05,4366.22,4366.51,1009
2025.12.30,21:15,4366.52,4367.06,4365.65,4366.77,2210
2025.12.30,21:16,4366.73,4366.94,4365.06,4365.13,2112
2025.12.30,21:17,4365.14,4367.06,4365.08,4366.90,2670
2025.12.30,21:18,4366.88,4367.20,4365.48,4365.86,1055
2025.12.30,21:19,4365.84,4366.15,4364.44,4365.40,612
2025.12.30,21:20,4365.41,4365.95,4364.32,4365.85,421
2025.12.30,21:21,4365.84,4366.14,4364.05,4364.16,263
2025.12.30,21:22,4364.20,4365.71,4363.99,4365.58,812
2025.12.30,21:23,4365.59,4365.83,4364.77,4365.36,399
2025.12.30,21:24,4365.33,4366.47,4365.33,4366.22,1016
2025.12.30,21:25,4366.80,4367.67,4366.18,4366.38,1693
2025.12.30,21:26,4366.39,4366.83,4365.76,4366.26,1280
2025.12.30,21:27,4366.40,4366.55,4364.61,4364.79,364
2025.12.30,21:28,4364.80,4365.42,4364.66,4364.83,324
2025.12.30,21:29,4364.84,4366.33,4364.83,4365.84,446
2025.12.30,21:30,4365.82,4366.39,4365.20,4365.28,279
2025.12.30,21:31,4365.29,4365.29,4363.84,4363.86,266
2025.12.30,21:32,4363.78,4364.07,4363.30,4363.80,209
2025.12.30,21:33,4363.89,4364.51,4360.92,4361.56,542
2025.12.30,21:34,4361.60,4362.05,4361.02,4361.66,307
2025.12.30,21:35,4361.68,4362.65,4361.33,4361.89,360
2025.12.30,21:36,4361.85,4362.68,4361.10,4361.18,1231
2025.12.30,21:37,4361.14,4362.04,4360.58,4360.97,413
2025.12.30,21:38,4361.08,4361.31,4359.90,4360.95,520
2025.12.30,21:39,4361.01,4362.74,4361.01,4362.64,314
2025.12.30,21:40,4362.64,4362.71,4360.91,4360.95,287
2025.12.30,21:41,4360.78,4361.98,4360.76,4361.47,220
2025.12.30,21:42,4361.49,4362.58,4361.06,4362.44,588
2025.12.30,21:43,4362.36,4362.65,4361.58,4362.07,2720
2025.12.30,21:44,4362.09,4363.03,4362.00,4362.80,2866
2025.12.30,21:45,4362.81,4363.15,4358.15,4358.59,2088
2025.12.30,21:46,4358.64,4358.78,4356.96,4357.08,1003
2025.12.30,21:47,4357.12,4358.04,4352.85,4353.43,1571
2025.12.30,21:48,4353.23,4353.56,4347.81,4348.34,1605
2025.12.30,21:49,4348.30,4351.29,4346.29,4349.68,1063
2025.12.30,21:50,4349.65,4350.64,4347.25,4349.17,1030
2025.12.30,21:51,4349.18,4349.72,4347.32,4347.86,918
2025.12.30,21:52,4347.85,4348.97,4340.95,4343.47,1432
2025.12.30,21:53,4343.42,4345.38,4341.96,4344.76,1178
2025.12.30,21:54,4344.75,4346.76,4342.25,4342.51,1220
2025.12.30,21:55,4342.56,4344.48,4339.82,4340.77,1110
2025.12.30,21:56,4340.70,4340.90,4337.45,4338.57,1179
2025.12.30,21:57,4338.60,4343.41,4338.29,4343.08,2092
2025.12.30,21:58,4343.00,4345.52,4342.76,4345.34,2064
2025.12.30,21:59,4345.21,4348.62,4345.14,4348.62,1417
2025.12.30,22:00,4348.63,4349.40,4346.86,4347.69,1059
2025.12.30,22:01,4347.72,4349.80,4347.20,4347.94,624
2025.12.30,22:02,4348.03,4348.03,4343.00,4343.14,979
2025.12.30,22:03,4343.19,4343.47,4340.57,4341.85,984
2025.12.30,22:04,4341.79,4344.10,4341.16,4341.52,1001
2025.12.30,22:05,4341.60,4343.61,4340.65,4343.05,946
2025.12.30,22:06,4343.01,4344.62,4341.54,4342.41,1110
2025.12.30,22:07,4342.43,4342.45,4338.13,4339.52,1407
2025.12.30,22:08,4339.54,4341.42,4338.12,4341.04,1078
2025.12.30,22:09,4341.03,4343.20,4340.45,4341.76,1218
2025.12.30,22:10,4341.74,4347.56,4341.33,4347.10,1254
2025.12.30,22:11,4347.21,4347.21,4345.18,4345.62,824
2025.12.30,22:12,4345.65,4348.21,4345.12,4347.51,719
2025.12.30,22:13,4347.30,4348.80,4347.28,4347.64,1088
2025.12.30,22:14,4347.61,4350.45,4347.57,4348.08,801
2025.12.30,22:15,4348.03,4348.44,4346.06,4346.66,718
2025.12.30,22:16,4346.57,4350.58,4346.23,4349.96,667
2025.12.30,22:17,4349.97,4351.56,4349.41,4350.89,946
2025.12.30,22:18,4350.91,4351.21,4348.15,4348.41,869
2025.12.30,22:19,4348.34,4349.35,4347.06,4347.20,458
2025.12.30,22:20,4346.95,4347.56,4345.78,4347.52,560
2025.12.30,22:21,4347.51,4348.87,4346.89,4348.24,521
2025.12.30,22:22,4348.20,4350.24,4347.55,4349.35,844
2025.12.30,22:23,4349.37,4350.38,4348.58,4348.78,883
2025.12.30,22:24,4348.74,4349.51,4347.92,4348.65,919
2025.12.30,22:25,4348.68,4352.25,4348.50,4350.27,923
2025.12.30,22:26,4350.30,4350.53,4349.09,4349.76,546
2025.12.30,22:27,4349.82,4351.60,4349.82,4351.14,506
2025.12.30,22:28,4351.17,4352.59,4350.98,4352.32,483
2025.12.30,22:29,4352.33,4352.81,4349.89,4350.37,741
2025.12.30,22:30,4350.30,4351.78,4349.90,4350.98,399
2025.12.30,22:31,4350.95,4352.65,4349.96,4352.48,889
2025.12.30,22:32,4352.52,4353.90,4352.28,4352.75,672
2025.12.30,22:33,4352.76,4354.12,4352.34,4353.29,542
2025.12.30,22:34,4353.26,4354.73,4353.16,4353.18,595
2025.12.30,22:35,4353.20,4354.37,4353.00,4353.90,261
2025.12.30,22:36,4353.93,4354.22,4353.08,4353.68,274
2025.12.30,22:37,4353.64,4355.50,4353.45,4354.57,934
2025.12.30,22:38,4354.60,4355.01,4353.57,4354.29,566
2025.12.30,22:39,4354.31,4354.79,4353.64,4354.45,1038
2025.12.30,22:40,4354.41,4354.79,4352.03,4352.51,1131
2025.12.30,22:41,4352.41,4352.57,4350.48,4351.20,1214
2025.12.30,22:42,4351.19,4351.46,4347.94,4348.72,752
2025.12.30,22:43,4348.73,4349.07,4347.77,4348.23,558
2025.12.30,22:44,4348.14,4349.14,4345.80,4348.62,1248
2025.12.30,22:45,4348.77,4350.56,4348.62,4350.43,1563
2025.12.30,22:46,4350.54,4351.66,4347.87,4347.89,705
2025.12.30,22:47,4347.88,4347.91,4346.19,4347.83,735
2025.12.30,22:48,4347.83,4348.19,4346.68,4346.76,517
2025.12.30,22:49,4346.78,4347.24,4345.07,4345.70,565
2025.12.30,22:50,4345.76,4347.33,4345.24,4346.02,1105
2025.12.30,22:51,4346.03,4346.46,4345.16,4345.82,1848
2025.12.30,22:52,4345.86,4346.43,4343.38,4344.45,1588
2025.12.30,22:53,4344.39,4345.47,4342.81,4342.89,1715
2025.12.30,22:54,4342.87,4343.47,4342.00,4343.05,1542
2025.12.30,22:55,4343.12,4346.92,4342.98,4346.30,1753
2025.12.30,22:56,4346.29,4347.52,4345.65,4345.99,1218
2025.12.30,22:57,4345.98,4346.95,4345.27,4346.65,1265
2025.12.30,22:58,4346.63,4346.96,4340.64,4340.80,2261
2025.12.30,22:59,4340.79,4341.81,4337.89,4341.68,2048
2025.12.30,23:00,4341.64,4345.03,4340.78,4344.47,899
2025.12.30,23:01,4344.46,4345.64,4343.53,4343.72,1223
2025.12.30,23:02,4343.78,4346.03,4343.29,4345.70,748
2025.12.30,23:03,4345.73,4346.87,4345.56,4346.65,973
2025.12.30,23:04,4346.61,4347.60,4346.41,4346.94,892
2025.12.30,23:05,4346.93,4348.34,4346.93,4347.72,498
2025.12.30,23:06,4347.71,4348.68,4347.06,4348.12,431
2025.12.30,23:07,4347.97,4348.55,4347.33,4347.76,487
2025.12.30,23:08,4347.66,4349.15,4347.36,4348.47,590
2025.12.30,23:09,4348.49,4348.86,4347.62,4348.00,332
2025.12.30,23:10,4347.97,4350.02,4347.83,4349.55,813
2025.12.30,23:11,4349.38,4350.36,4349.33,4350.16,401
2025.12.30,23:12,4350.19,4350.32,4349.01,4349.26,336
2025.12.30,23:13,4349.23,4349.26,4347.55,4348.40,492
2025.12.30,23:14,4348.45,4349.28,4348.02,4348.26,493
2025.12.30,23:15,4348.24,4348.85,4348.03,4348.30,268
2025.12.30,23:16,4348.37,4348.66,4348.03,4348.29,479
2025.12.30,23:17,4348.43,4348.48,4346.87,4347.49,342
2025.12.30,23:18,4347.43,4347.65,4346.97,4347.22,431
2025.12.30,23:19,4347.25,4347.89,4346.81,4347.53,382
2025.12.30,23:20,4347.54,4347.59,4346.68,4346.91,449
2025.12.30,23:21,4346.87,4347.22,4346.68,4347.04,412
2025.12.30,23:22,4346.89,4348.05,4346.79,4347.32,358
2025.12.30,23:23,4347.38,4347.55,4346.58,4346.81,156
2025.12.30,23:24,4346.90,4347.29,4346.77,4347.23,102
2025.12.30,23:25,4347.11,4348.10,4346.72,4348.01,161
2025.12.30,23:26,4348.08,4348.86,4347.93,4348.49,253
2025.12.30,23:27,4348.45,4348.47,4347.56,4348.13,167
2025.12.30,23:28,4348.15,4348.16,4347.05,4347.26,149
2025.12.30,23:29,4347.27,4347.29,4346.44,4346.47,206
2025.12.30,23:30,4346.53,4346.85,4346.39,4346.77,288
2025.12.30,23:31,4346.76,4346.87,4346.54,4346.74,123
2025.12.30,23:32,4346.79,4346.98,4346.40,4346.61,162
2025.12.30,23:33,4346.63,4346.84,4346.29,4346.51,173
2025.12.30,23:34,4346.51,4346.90,4346.40,4346.43,144
2025.12.30,23:35,4346.46,4346.74,4346.08,4346.60,123
2025.12.30,23:36,4346.51,4347.10,4346.35,4346.51,189
2025.12.30,23:37,4346.48,4346.70,4346.22,4346.46,141
2025.12.30,23:38,4346.43,4346.86,4346.23,4346.55,197
2025.12.30,23:39,4346.56,4347.08,4346.37,4346.40,132
2025.12.30,23:40,4346.36,4346.62,4346.11,4346.33,184
2025.12.30,23:41,4346.35,4346.90,4346.35,4346.53,212
2025.12.30,23:42,4346.52,4346.81,4346.39,4346.58,85
2025.12.30,23:43,4346.57,4348.70,4346.52,4348.61,199
2025.12.30,23:44,4348.60,4349.35,4348.51,4348.80,223
2025.12.30,23:45,4348.81,4349.49,4348.12,4348.35,408
2025.12.30,23:46,4348.41,4348.88,4348.09,4348.58,344
2025.12.30,23:47,4348.60,4349.30,4348.16,4348.48,154
2025.12.30,23:48,4348.54,4349.09,4347.64,4347.78,451
2025.12.30,23:49,4347.79,4347.79,4346.06,4346.47,188
2025.12.30,23:50,4346.42,4347.16,4345.85,4346.98,329
2025.12.30,23:51,4346.96,4347.01,4345.57,4345.67,382
2025.12.30,23:52,4345.85,4346.37,4339.81,4340.07,566
2025.12.30,23:53,4340.21,4341.29,4339.00,4341.21,498
2025.12.30,23:54,4341.20,4341.35,4336.60,4338.25,393
2025.12.30,23:55,4338.29,4338.91,4336.10,4338.13,219
2025.12.30,23:56,4338.11,4338.98,4336.60,4336.61,143
2025.12.30,23:57,4336.62,4338.78,4334.59,4338.78,198
2025.12.30,23:58,4338.89,4339.39,4337.52,4338.77,122
2025.12.30,23:59,4338.74,4339.50,4338.17,4338.17,168
2025.12.31,01:00,4339.59,4342.91,4339.47,4342.47,79
2025.12.31,01:01,4342.06,4343.68,4340.81,4343.41,90
2025.12.31,01:02,4343.45,4344.83,4342.55,4344.04,109
2025.12.31,01:03,4344.06,4345.57,4341.41,4342.62,143
2025.12.31,01:04,4342.64,4342.64,4340.38,4340.67,96
2025.12.31,01:05,4340.56,4342.07,4339.77,4340.78,147
2025.12.31,01:06,4340.59,4343.85,4340.38,4343.21,378
2025.12.31,01:07,4343.24,4344.64,4343.13,4344.61,291
2025.12.31,01:08,4344.54,4345.81,4343.11,4343.77,255
2025.12.31,01:09,4343.83,4344.05,4343.41,4343.79,106
2025.12.31,01:10,4343.76,4343.95,4343.09,4343.81,181
2025.12.31,01:11,4343.81,4345.59,4343.54,4344.62,447
2025.12.31,01:12,4344.67,4345.23,4343.48,4344.35,228
2025.12.31,01:13,4344.34,4346.38,4343.04,4344.34,295
2025.12.31,01:14,4344.42,4346.30,4344.42,4345.62,298
2025.12.31,01:15,4345.59,4345.59,4343.35,4344.61,332
2025.12.31,01:16,4344.64,4345.39,4344.42,4344.70,166
2025.12.31,01:17,4344.55,4344.57,4343.48,4344.14,212
2025.12.31,01:18,4344.08,4344.19,4339.70,4339.81,267
2025.12.31,01:19,4339.83,4341.02,4339.72,4340.03,434
2025.12.31,01:20,4340.06,4342.88,4339.79,4342.61,532
2025.12.31,01:21,4342.68,4343.24,4340.95,4341.12,411
2025.12.31,01:22,4341.09,4342.69,4341.09,4342.54,434
2025.12.31,01:23,4342.54,4343.17,4341.78,4341.81,263
2025.12.31,01:24,4341.90,4342.41,4341.37,4341.42,216
2025.12.31,01:25,4341.45,4341.82,4339.01,4339.07,267
2025.12.31,01:26,4339.12,4339.13,4334.01,4334.81,1250
2025.12.31,01:27,4334.94,4337.93,4334.72,4336.94,1361
2025.12.31,01:28,4336.82,4337.20,4332.28,4332.82,870
2025.12.31,01:29,4332.84,4334.40,4331.76,4334.07,815
2025.12.31,01:30,4334.15,4338.78,4333.78,4337.88,758
2025.12.31,01:31,4337.94,4338.42,4336.01,4336.01,435
2025.12.31,01:32,4336.05,4337.96,4332.80,4333.88,658
2025.12.31,01:33,4333.83,4336.20,4333.51,4335.76,375
2025.12.31,01:34,4335.79,4336.47,4331.47,4332.09,478
2025.12.31,01:35,4331.83,4335.90,4327.85,4335.25,1027
2025.12.31,01:36,4335.18,4338.59,4334.56,4338.58,796
2025.12.31,01:37,4338.61,4342.47,4338.38,4342.30,627
2025.12.31,01:38,4342.43,4342.58,4340.07,4340.24,848
2025.12.31,01:39,4340.15,4340.53,4339.47,4340.48,274
2025.12.31,01:40,4340.38,4341.74,4340.38,4340.68,386
2025.12.31,01:41,4340.64,4341.54,4340.07,4340.22,253
2025.12.31,01:42,4340.25,4341.73,4340.01,4340.18,435
2025.12.31,01:43,4340.17,4340.22,4338.62,4339.72,573
2025.12.31,01:44,4339.73,4340.48,4339.28,4339.45,491
2025.12.31,01:45,4339.48,4339.69,4338.04,4338.04,431
2025.12.31,01:46,4338.12,4338.47,4335.83,4337.66,706
2025.12.31,01:47,4337.68,4338.92,4335.64,4336.19,657
2025.12.31,01:48,4336.28,4337.04,4334.82,4336.17,798
2025.12.31,01:49,4336.16,4337.22,4334.49,4334.83,733
2025.12.31,01:50,4334.82,4335.63,4333.44,4335.23,553
2025.12.31,01:51,4335.22,4337.06,4334.92,4336.18,339
2025.12.31,01:52,4336.16,4336.25,4334.13,4334.76,564
2025.12.31,01:53,4334.58,4335.98,4333.35,4334.56,447
2025.12.31,01:54,4334.48,4338.22,4334.47,4337.29,527
2025.12.31,01:55,4337.25,4339.18,4337.14,4338.83,297
2025.12.31,01:56,4338.85,4339.24,4336.87,4337.66,340
2025.12.31,01:57,4337.86,4339.37,4337.86,4339.21,330
2025.12.31,01:58,4339.11,4339.15,4338.69,4338.93,126
2025.12.31,01:59,4338.84,4339.80,4338.24,4338.94,315
2025.12.31,02:00,4338.93,4341.74,4338.86,4340.24,327
2025.12.31,02:01,4340.27,4340.80,4338.88,4339.45,266
2025.12.31,02:02,4339.53,4342.98,4339.47,4342.32,413
2025.12.31,02:03,4342.39,4343.99,4342.16,4342.54,309
2025.12.31,02:04,4342.43,4342.91,4341.17,4341.99,410
2025.12.31,02:05,4341.99,4342.41,4341.20,4341.85,288
2025.12.31,02:06,4341.86,4343.64,4341.06,4343.26,364
2025.12.31,02:07,4343.27,4343.28,4341.56,4342.12,273
2025.12.31,02:08,4342.03,4342.41,4340.43,4341.03,341
2025.12.31,02:09,4341.01,4341.82,4340.54,4341.34,221
2025.12.31,02:10,4341.23,4341.55,4339.90,4341.32,384
2025.12.31,02:11,4341.61,4341.93,4340.85,4341.56,253
2025.12.31,02:12,4341.58,4343.54,4341.55,4342.84,280
2025.12.31,02:13,4342.77,4342.78,4340.89,4340.89,335
2025.12.31,02:14,4340.90,4342.50,4340.90,4341.53,371
2025.12.31,02:15,4341.46,4341.47,4339.82,4340.32,336
2025.12.31,02:16,4340.29,4341.02,4338.76,4338.76,601
2025.12.31,02:17,4338.79,4340.88,4338.39,4339.90,416
2025.12.31,02:18,4339.89,4340.37,4337.50,4337.78,344
2025.12.31,02:19,4337.75,4339.49,4337.75,4339.08,251
2025.12.31,02:20,4339.08,4339.38,4338.16,4338.29,315
2025.12.31,02:21,4338.30,4341.12,4337.99,4340.90,339
2025.12.31,02:22,4340.89,4343.08,4340.56,4343.05,315
2025.12.31,02:23,4343.04,4343.04,4340.83,4341.60,406
2025.12.31,02:24,4341.59,4341.89,4340.27,4340.44,436
2025.12.31,02:25,4340.43,4340.46,4337.13,4337.17,532
2025.12.31,02:26,4337.17,4338.45,4335.56,4336.78,699
2025.12.31,02:27,4336.77,4336.79,4332.84,4333.24,796
2025.12.31,02:28,4333.30,4334.92,4332.27,4334.62,605
2025.12.31,02:29,4334.56,4337.30,4334.24,4336.21,312
2025.12.31,02:30,4336.18,4336.69,4333.79,4334.41,400
2025.12.31,02:31,4334.37,4336.44,4334.25,4335.85,315
2025.12.31,02:32,4335.80,4336.36,4333.99,4334.52,397
2025.12.31,02:33,4334.55,4335.63,4333.87,4334.06,1487
2025.12.31,02:34,4334.11,4335.58,4332.70,4335.00,1080
2025.12.31,02:35,4335.07,4336.93,4333.30,4336.08,1037
2025.12.31,02:36,4336.10,4339.40,4335.58,4338.17,1300
2025.12.31,02:37,4338.25,4340.99,4337.58,4340.21,655
2025.12.31,02:38,4340.19,4343.58,4340.04,4343.26,822
2025.12.31,02:39,4343.14,4344.09,4342.61,4343.25,1134
2025.12.31,02:40,4343.24,4346.12,4343.11,4344.35,859
2025.12.31,02:41,4344.36,4345.11,4343.31,4344.99,846
2025.12.31,02:42,4344.90,4346.89,4344.04,4346.17,929
2025.12.31,02:43,4346.16,4346.56,4343.98,4344.53,869
2025.12.31,02:44,4344.52,4344.63,4342.82,4343.09,641
2025.12.31,02:45,4343.08,4343.29,4341.22,4341.59,883
2025.12.31,02:46,4341.52,4342.28,4341.05,4342.00,935
2025.12.31,02:47,4342.02,4342.02,4340.21,4340.42,886
2025.12.31,02:48,4340.41,4340.41,4337.62,4338.08,595
2025.12.31,02:49,4338.08,4338.83,4336.95,4337.06,1149
2025.12.31,02:50,4337.07,4338.01,4336.79,4337.16,1034
2025.12.31,02:51,4337.14,4338.14,4336.32,4337.67,1551
2025.12.31,02:52,4337.67,4339.97,4337.53,4338.23,2011
2025.12.31,02:53,4338.08,4339.41,4337.89,4339.37,1678
2025.12.31,02:54,4339.45,4341.16,4339.06,4340.66,995
2025.12.31,02:55,4340.68,4341.44,4340.01,4340.49,1279
2025.12.31,02:56,4340.50,4340.92,4339.87,4340.92,542
2025.12.31,02:57,4340.91,4342.56,4340.91,4341.59,1567
2025.12.31,02:58,4341.61,4343.93,4341.44,4342.04,1793
2025.12.31,02:59,4341.93,4343.67,4341.40,4342.43,1440
2025.12.31,03:00,4342.26,4342.49,4336.72,4339.90,2441
2025.12.31,03:01,4339.88,4342.77,4337.06,4342.44,2096
2025.12.31,03:02,4342.48,4344.52,4341.48,4343.79,2360
2025.12.31,03:03,4343.75,4347.40,4343.39,4345.73,2321
2025.12.31,03:04,4345.64,4350.30,4345.64,4347.04,1946
2025.12.31,03:05,4347.00,4347.64,4346.09,4346.62,2090
2025.12.31,03:06,4346.64,4348.81,4343.81,4348.65,2533
2025.12.31,03:07,4348.43,4353.43,4347.95,4352.78,1557
2025.12.31,03:08,4352.80,4353.38,4349.59,4350.99,1548
2025.12.31,03:09,4350.98,4353.50,4350.10,4352.88,1907
2025.12.31,03:10,4352.88,4353.16,4351.01,4352.54,1949
2025.12.31,03:11,4352.55,4353.05,4350.97,4352.62,1413
2025.12.31,03:12,4352.74,4353.07,4351.99,4352.37,1145
2025.12.31,03:13,4352.38,4355.62,4351.25,4354.67,1651
2025.12.31,03:14,4354.65,4354.69,4352.93,4353.67,1796
2025.12.31,03:15,4353.53,4354.48,4350.62,4351.00,2531
2025.12.31,03:16,4350.96,4353.24,4350.15,4351.71,1964
2025.12.31,03:17,4351.52,4351.87,4349.44,4350.16,2989
2025.12.31,03:18,4350.14,4352.73,4349.00,4352.27,1963
2025.12.31,03:19,4352.37,4354.81,4351.44,4354.36,1868
2025.12.31,03:20,4354.37,4355.66,4353.26,4355.41,2380
2025.12.31,03:21,4355.41,4355.97,4354.10,4354.75,1161
2025.12.31,03:22,4354.87,4356.43,4354.69,4356.26,1289
2025.12.31,03:23,4356.24,4357.31,4354.54,4355.74,1359
2025.12.31,03:24,4355.69,4357.47,4355.01,4357.05,1395
2025.12.31,03:25,4356.82,4360.74,4356.67,4357.94,940
2025.12.31,03:26,4357.94,4359.09,4357.02,4357.13,1038
2025.12.31,03:27,4357.12,4357.26,4354.86,4355.89,721
2025.12.31,03:28,4355.86,4355.86,4353.47,4353.77,857
2025.12.31,03:29,4353.74,4355.35,4353.00,4354.78,1417
2025.12.31,03:30,4354.93,4357.10,4354.41,4356.79,782
2025.12.31,03:31,4356.80,4357.85,4355.65,4356.94,1025
2025.12.31,03:32,4356.81,4358.37,4356.03,4358.35,1066
2025.12.31,03:33,4358.38,4359.00,4357.77,4358.48,1069
2025.12.31,03:34,4358.39,4363.64,4358.11,4363.41,1000
2025.12.31,03:35,4363.48,4364.77,4361.55,4362.41,1813
2025.12.31,03:36,4362.40,4362.78,4361.42,4361.85,1843
2025.12.31,03:37,4361.86,4363.14,4360.82,4363.07,2176
2025.12.31,03:38,4363.10,4367.68,4362.99,4367.56,2418
2025.12.31,03:39,4367.58,4367.94,4365.70,4367.86,1384
2025.12.31,03:40,4367.79,4367.92,4364.60,4366.85,889
2025.12.31,03:41,4366.83,4367.04,4365.17,4365.91,1056
2025.12.31,03:42,4365.90,4368.33,4365.81,4367.88,1176
2025.12.31,03:43,4367.87,4368.20,4366.46,4367.82,569
2025.12.31,03:44,4367.84,4369.42,4366.77,4368.53,1126
2025.12.31,03:45,4368.57,4368.95,4366.85,4367.15,1447
2025.12.31,03:46,4367.11,4369.92,4367.06,4369.44,1764
2025.12.31,03:47,4369.45,4370.78,4368.96,4369.73,1929
2025.12.31,03:48,4369.73,4371.40,4368.97,4370.19,2703
2025.12.31,03:49,4370.16,4370.83,4369.14,4369.85,2491
2025.12.31,03:50,4369.80,4371.48,4369.00,4370.19,2655
2025.12.31,03:51,4370.23,4373.65,4369.80,4372.90,1653
2025.12.31,03:52,4372.84,4373.00,4370.42,4370.69,1172
2025.12.31,03:53,4370.66,4371.37,4370.02,4370.03,1267
2025.12.31,03:54,4370.09,4370.47,4368.46,4368.76,1243
2025.12.31,03:55,4368.73,4370.20,4368.07,4368.32,1469
2025.12.31,03:56,4368.31,4368.59,4365.95,4366.39,1887
2025.12.31,03:57,4366.55,4369.86,4365.62,4368.09,1270
2025.12.31,03:58,4367.92,4369.26,4367.27,4367.99,776
2025.12.31,03:59,4367.98,4367.98,4365.04,4366.07,467
2025.12.31,04:00,4366.15,4368.35,4365.65,4366.94,606
2025.12.31,04:01,4366.88,4367.04,4365.15,4366.40,410
2025.12.31,04:02,4366.44,4368.02,4365.77,4367.77,480
2025.12.31,04:03,4367.76,4369.90,4366.96,4369.13,792
2025.12.31,04:04,4369.12,4370.39,4368.60,4369.51,740
2025.12.31,04:05,4369.48,4371.18,4369.10,4370.26,488
2025.12.31,04:06,4370.18,4371.41,4369.01,4370.70,404
2025.12.31,04:07,4370.76,4370.91,4366.04,4366.35,714
2025.12.31,04:08,4366.34,4368.00,4365.71,4367.72,614
2025.12.31,04:09,4367.70,4367.87,4366.89,4366.90,281
2025.12.31,04:10,4366.93,4366.96,4365.12,4366.18,351
2025.12.31,04:11,4366.15,4366.64,4364.40,4364.76,359
2025.12.31,04:12,4364.81,4365.36,4363.65,4363.78,701
2025.12.31,04:13,4363.86,4363.91,4361.68,4361.69,1078
2025.12.31,04:14,4361.71,4362.49,4361.29,4362.26,780
2025.12.31,04:15,4362.30,4362.48,4361.06,4361.35,516
2025.12.31,04:16,4361.33,4363.28,4360.76,4362.62,526
2025.12.31,04:17,4362.74,4364.05,4362.30,4362.93,509
2025.12.31,04:18,4362.95,4364.05,4362.65,4363.53,587
2025.12.31,04:19,4363.38,4363.81,4362.61,4362.68,452
2025.12.31,04:20,4362.69,4362.79,4361.23,4361.46,636
2025.12.31,04:21,4361.40,4361.58,4360.16,4360.37,460
2025.12.31,04:22,4360.36,4360.40,4358.16,4358.24,858
2025.12.31,04:23,4358.21,4359.65,4357.55,4358.71,854
2025.12.31,04:24,4358.69,4360.20,4358.40,4360.17,759
2025.12.31,04:25,4360.10,4361.21,4358.40,4360.74,970
2025.12.31,04:26,4360.75,4361.67,4359.37,4361.57,895
2025.12.31,04:27,4361.59,4361.67,4360.41,4361.44,1031
2025.12.31,04:28,4361.38,4362.63,4360.15,4361.42,1233
2025.12.31,04:29,4361.45,4362.56,4360.91,4361.11,1343
2025.12.31,04:30,4361.26,4362.31,4359.13,4361.80,2833
2025.12.31,04:31,4361.68,4363.35,4359.56,4359.73,1833
2025.12.31,04:32,4359.73,4360.38,4357.77,4359.71,1669
2025.12.31,04:33,4359.71,4361.45,4359.58,4360.92,826
2025.12.31,04:34,4360.68,4361.88,4359.01,4359.22,1060
2025.12.31,04:35,4359.20,4359.52,4357.96,4358.69,1375
2025.12.31,04:36,4358.68,4360.70,4358.35,4358.95,1642
2025.12.31,04:37,4359.00,4360.95,4358.71,4360.55,1669
2025.12.31,04:38,4360.50,4365.88,4360.43,4364.79,1793
2025.12.31,04:39,4364.80,4365.92,4364.57,4365.18,914
2025.12.31,04:40,4365.42,4369.73,4365.12,4368.61,1684
2025.12.31,04:41,4368.60,4370.07,4366.64,4370.07,1352
2025.12.31,04:42,4370.04,4371.14,4369.13,4369.74,869
2025.12.31,04:43,4369.73,4371.12,4368.50,4368.81,1276
2025.12.31,04:44,4368.86,4371.03,4368.39,4370.20,1623
2025.12.31,04:45,4370.17,4370.80,4366.25,4367.47,1592
2025.12.31,04:46,4367.27,4367.78,4364.75,4364.94,1457
2025.12.31,04:47,4365.00,4365.74,4362.60,4362.99,2220
2025.12.31,04:48,4363.01,4363.16,4356.91,4357.82,923
2025.12.31,04:49,4357.93,4357.93,4353.96,4356.43,2461
2025.12.31,04:50,4356.42,4357.34,4352.21,4353.95,2755
2025.12.31,04:51,4354.11,4356.57,4353.77,4355.51,2694
2025.12.31,04:52,4355.45,4357.53,4352.11,4357.41,2271
2025.12.31,04:53,4357.32,4357.46,4353.30,4354.13,1976
2025.12.31,04:54,4354.21,4355.77,4351.33,4353.04,2338
2025.12.31,04:55,4353.05,4356.14,4352.32,4355.60,2436
2025.12.31,04:56,4355.62,4355.84,4348.22,4348.84,1653
2025.12.31,04:57,4348.88,4350.69,4346.68,4349.41,3085
2025.12.31,04:58,4349.44,4350.06,4346.76,4348.62,3531
2025.12.31,04:59,4348.66,4350.33,4347.91,4348.77,1792
2025.12.31,05:00,4348.79,4350.68,4345.65,4345.87,1181
2025.12.31,05:01,4345.93,4346.30,4343.98,4345.54,1703
2025.12.31,05:02,4345.36,4347.60,4344.76,4345.02,1774
2025.12.31,05:03,4345.15,4351.25,4344.80,4351.25,1730
2025.12.31,05:04,4351.24,4353.69,4351.09,4352.11,1809
2025.12.31,05:05,4352.12,4354.78,4351.97,4354.55,1770
2025.12.31,05:06,4354.66,4355.13,4352.98,4354.17,1918
2025.12.31,05:07,4354.18,4354.24,4351.31,4352.34,1884
2025.12.31,05:08,4352.35,4355.31,4351.60,4354.93,2273
2025.12.31,05:09,4354.89,4355.15,4352.55,4353.97,1468
2025.12.31,05:10,4353.90,4354.30,4352.56,4353.63,1178
2025.12.31,05:11,4353.57,4358.03,4353.39,4355.83,1952
2025.12.31,05:12,4356.04,4356.98,4354.98,4356.12,1425
2025.12.31,05:13,4356.04,4357.63,4355.26,4357.57,1074
2025.12.31,05:14,4357.42,4359.92,4357.31,4359.53,1842
2025.12.31,05:15,4359.60,4359.96,4358.25,4358.76,1277
2025.12.31,05:16,4358.72,4359.71,4356.46,4357.22,1585
2025.12.31,05:17,4357.18,4358.59,4353.98,4353.98,1321
2025.12.31,05:18,4353.87,4355.09,4351.10,4354.99,1658
2025.12.31,05:19,4354.81,4356.33,4352.74,4353.49,1341
2025.12.31,05:20,4353.42,4354.03,4349.95,4350.22,1686
2025.12.31,05:21,4350.20,4350.52,4347.53,4347.73,2290
2025.12.31,05:22,4347.70,4347.81,4344.62,4345.81,2062
2025.12.31,05:23,4345.54,4345.54,4342.31,4343.94,2833
2025.12.31,05:24,4343.85,4344.53,4340.64,4343.67,2414
2025.12.31,05:25,4343.72,4345.89,4342.04,4344.67,2205
2025.12.31,05:26,4344.66,4346.67,4343.46,4345.95,1934
2025.12.31,05:27,4346.03,4348.36,4345.32,4346.77,2057
2025.12.31,05:28,4346.64,4348.70,4346.64,4347.23,1583
2025.12.31,05:29,4347.22,4349.00,4346.82,4348.85,1795
2025.12.31,05:30,4348.78,4349.22,4346.54,4347.72,1151
2025.12.31,05:31,4347.72,4351.61,4347.72,4350.61,1195
2025.12.31,05:32,4350.59,4352.71,4350.00,4351.78,691
2025.12.31,05:33,4351.78,4353.27,4351.41,4352.81,780
2025.12.31,05:34,4352.77,4353.71,4352.19,4353.41,551
2025.12.31,05:35,4353.43,4353.80,4350.75,4351.16,761
2025.12.31,05:36,4351.30,4353.11,4350.36,4352.11,1357
2025.12.31,05:37,4352.07,4352.92,4351.41,4352.09,1709
2025.12.31,05:38,4351.98,4352.30,4350.05,4351.61,1503
2025.12.31,05:39,4351.60,4352.19,4350.04,4350.65,1272
2025.12.31,05:40,4350.66,4352.14,4350.25,4351.18,1346
2025.12.31,05:41,4351.18,4351.40,4349.61,4351.20,1733
2025.12.31,05:42,4351.40,4353.65,4351.16,4352.93,2211
2025.12.31,05:43,4352.98,4353.27,4351.74,4351.82,1887
2025.12.31,05:44,4351.84,4352.21,4350.77,4351.95,1371
2025.12.31,05:45,4351.92,4352.56,4350.41,4351.10,1004
2025.12.31,05:46,4351.27,4352.42,4350.70,4351.50,1358
2025.12.31,05:47,4351.40,4351.68,4349.81,4350.20,1104
2025.12.31,05:48,4350.05,4350.22,4347.55,4348.73,909
2025.12.31,05:49,4348.75,4350.64,4348.72,4350.47,457
2025.12.31,05:50,4350.48,4350.61,4347.70,4348.45,626
2025.12.31,05:51,4348.52,4348.58,4346.69,4347.36,697
2025.12.31,05:52,4347.37,4348.99,4346.71,4347.62,1029
2025.12.31,05:53,4347.60,4348.24,4346.57,4347.48,734
2025.12.31,05:54,4347.55,4348.49,4346.16,4348.16,1588
2025.12.31,05:55,4348.22,4349.34,4345.53,4346.55,2268
2025.12.31,05:56,4346.52,4347.65,4345.36,4346.05,2058
2025.12.31,05:57,4346.06,4346.94,4345.38,4346.25,1669
2025.12.31,05:58,4346.22,4348.65,4346.00,4348.23,1848
2025.12.31,05:59,4348.23,4348.76,4347.61,4348.59,1735
2025.12.31,06:00,4348.52,4349.86,4347.22,4347.94,1332
2025.12.31,06:01,4348.07,4349.47,4346.26,4346.38,1257
2025.12.31,06:02,4346.42,4347.21,4344.23,4346.01,1552
2025.12.31,06:03,4345.91,4347.37,4345.01,4346.53,1458
2025.12.31,06:04,4346.45,4346.98,4345.71,4346.55,742
2025.12.31,06:05,4346.53,4349.86,4346.36,4348.37,1410
2025.12.31,06:06,4348.31,4350.73,4348.07,4350.23,1017
2025.12.31,06:07,4350.17,4350.41,4348.75,4350.10,1115
2025.12.31,06:08,4350.11,4351.46,4349.62,4351.15,2187
2025.12.31,06:09,4351.12,4351.47,4348.74,4349.29,1299
2025.12.31,06:10,4349.20,4349.41,4348.10,4348.67,774
2025.12.31,06:11,4348.73,4349.61,4348.39,4349.07,1429
2025.12.31,06:12,4349.16,4349.21,4347.46,4348.52,1236
2025.12.31,06:13,4348.58,4349.53,4347.99,4348.31,1282
2025.12.31,06:14,4348.21,4349.29,4347.98,4348.18,1241
2025.12.31,06:15,4348.19,4348.52,4346.80,4347.14,1149
2025.12.31,06:16,4347.11,4347.94,4346.06,4347.09,1027
2025.12.31,06:17,4346.98,4347.17,4343.51,4344.19,1222
2025.12.31,06:18,4344.16,4345.16,4342.24,4344.77,866
2025.12.31,06:19,4344.79,4345.46,4344.27,4345.11,1129
2025.12.31,06:20,4345.12,4345.74,4344.13,4344.38,1130
2025.12.31,06:21,4344.31,4345.39,4343.44,4345.39,1195
2025.12.31,06:22,4345.46,4346.52,4345.13,4346.14,1496
2025.12.31,06:23,4346.18,4348.20,4346.11,4347.74,1302
2025.12.31,06:24,4347.72,4347.73,4345.96,4346.69,1096
2025.12.31,06:25,4346.68,4347.74,4346.56,4347.32,858
2025.12.31,06:26,4347.31,4348.61,4347.12,4347.67,1077
2025.12.31,06:27,4347.62,4347.82,4346.97,4347.00,1121
2025.12.31,06:28,4346.99,4347.97,4346.39,4347.33,921
2025.12.31,06:29,4347.34,4347.70,4346.19,4346.35,824
2025.12.31,06:30,4346.37,4347.38,4346.16,4347.07,622
2025.12.31,06:31,4347.20,4347.41,4345.96,4346.44,1102
2025.12.31,06:32,4346.54,4348.31,4345.85,4348.02,1554
2025.12.31,06:33,4348.10,4348.17,4346.34,4346.74,1049
2025.12.31,06:34,4346.73,4346.94,4344.89,4345.29,1068
2025.12.31,06:35,4345.28,4346.05,4344.41,4344.70,824
2025.12.31,06:36,4344.55,4345.99,4344.07,4345.83,1022
2025.12.31,06:37,4345.87,4346.86,4345.38,4346.13,966
2025.12.31,06:38,4346.14,4346.58,4345.14,4346.01,1133
2025.12.31,06:39,4346.01,4346.37,4345.63,4346.18,861
2025.12.31,06:40,4346.13,4346.48,4345.13,4345.73,867
2025.12.31,06:41,4345.74,4346.52,4345.41,4346.07,934
2025.12.31,06:42,4346.07,4346.21,4343.95,4344.13,1047
2025.12.31,06:43,4344.17,4344.37,4343.18,4343.36,615
2025.12.31,06:44,4343.37,4343.85,4342.65,4343.29,900
2025.12.31,06:45,4343.31,4343.90,4341.44,4341.73,732
2025.12.31,06:46,4341.70,4343.60,4341.22,4342.69,723
2025.12.31,06:47,4342.64,4344.31,4342.28,4344.17,581
2025.12.31,06:48,4344.17,4345.06,4343.95,4344.68,305
2025.12.31,06:49,4344.70,4345.12,4343.97,4344.15,561
2025.12.31,06:50,4344.06,4344.61,4342.97,4343.80,627
2025.12.31,06:51,4343.77,4345.28,4343.61,4344.78,676
2025.12.31,06:52,4344.80,4345.99,4344.69,4345.29,388
2025.12.31,06:53,4345.31,4345.44,4343.43,4344.45,572
2025.12.31,06:54,4344.44,4344.56,4339.48,4339.93,938
2025.12.31,06:55,4339.76,4341.19,4339.40,4340.37,742
2025.12.31,06:56,4340.44,4340.57,4334.93,4335.07,1120
2025.12.31,06:57,4335.03,4336.77,4331.79,4333.31,1073
2025.12.31,06:58,4333.32,4334.30,4330.58,4332.54,1330
2025.12.31,06:59,4332.55,4333.19,4330.89,4333.03,1477
2025.12.31,07:00,4332.99,4333.15,4330.05,4331.32,899
2025.12.31,07:01,4331.33,4332.31,4330.11,4331.20,688
2025.12.31,07:02,4330.95,4333.17,4329.60,4332.17,687
2025.12.31,07:03,4332.14,4333.57,4331.10,4331.10,900
2025.12.31,07:04,4331.08,4332.10,4329.56,4330.86,930
2025.12.31,07:05,4330.86,4332.14,4330.71,4331.64,998
2025.12.31,07:06,4331.63,4333.27,4330.24,4330.39,738
2025.12.31,07:07,4330.37,4330.94,4329.26,4330.46,509
2025.12.31,07:08,4330.79,4333.10,4330.22,4332.67,385
2025.12.31,07:09,4332.62,4333.76,4332.16,4332.52,440
2025.12.31,07:10,4332.53,4333.88,4332.01,4333.62,417
2025.12.31,07:11,4333.63,4334.50,4331.42,4331.71,550
2025.12.31,07:12,4331.72,4333.66,4330.90,4333.17,399
2025.12.31,07:13,4333.15,4333.40,4331.87,4332.53,302
2025.12.31,07:14,4332.50,4334.61,4332.45,4334.44,396
2025.12.31,07:15,4334.75,4335.31,4332.58,4333.17,447
2025.12.31,07:16,4333.16,4335.44,4333.11,4334.89,460
2025.12.31,07:17,4334.81,4335.89,4334.44,4335.11,509
2025.12.31,07:18,4335.12,4335.21,4334.15,4334.95,400
2025.12.31,07:19,4334.98,4335.42,4334.08,4334.58,418
2025.12.31,07:20,4334.45,4334.86,4333.14,4334.71,339
2025.12.31,07:21,4334.71,4337.32,4334.36,4337.12,493
2025.12.31,07:22,4337.10,4338.08,4336.47,4336.59,355
2025.12.31,07:23,4336.94,4337.57,4335.93,4336.15,685
2025.12.31,07:24,4335.89,4338.52,4335.71,4337.29,737
2025.12.31,07:25,4337.29,4339.98,4336.76,4339.90,555
2025.12.31,07:26,4339.92,4341.87,4339.72,4341.21,740
2025.12.31,07:27,4341.25,4341.39,4340.30,4340.72,331
2025.12.31,07:28,4340.71,4342.37,4340.47,4341.90,367
2025.12.31,07:29,4341.89,4342.92,4341.41,4342.35,325
2025.12.31,07:30,4342.49,4342.85,4338.64,4341.09,1213
2025.12.31,07:31,4341.21,4342.33,4339.10,4340.54,1270
2025.12.31,07:32,4340.71,4340.71,4336.95,4337.73,1880
2025.12.31,07:33,4337.66,4339.05,4335.18,4335.46,1873
2025.12.31,07:34,4335.48,4336.05,4332.71,4333.21,1499
2025.12.31,07:35,4333.23,4334.62,4329.82,4330.66,1695
2025.12.31,07:36,4330.62,4334.60,4329.97,4334.04,1313
2025.12.31,07:37,4334.03,4336.50,4333.82,4334.83,978
2025.12.31,07:38,4334.78,4337.01,4333.70,4334.75,1183
2025.12.31,07:39,4334.75,4336.05,4331.58,4331.86,1367
2025.12.31,07:40,4331.70,4331.70,4318.76,4326.22,1812
2025.12.31,07:41,4326.23,4328.58,4325.27,4326.82,1090
2025.12.31,07:42,4326.85,4329.23,4325.37,4326.34,834
2025.12.31,07:43,4326.37,4328.09,4323.99,4324.26,1082
2025.12.31,07:44,4324.36,4325.83,4322.70,4324.63,1071
2025.12.31,07:45,4324.64,4327.61,4322.49,4326.24,1093
2025.12.31,07:46,4326.19,4326.49,4322.63,4325.23,963
2025.12.31,07:47,4325.24,4326.18,4320.83,4321.01,862
2025.12.31,07:48,4321.10,4321.43,4308.14,4313.84,1985
2025.12.31,07:49,4314.13,4314.63,4309.41,4310.28,1086
2025.12.31,07:50,4310.27,4311.44,4301.15,4303.11,1427
2025.12.31,07:51,4303.08,4306.29,4299.86,4300.50,1183
2025.12.31,07:52,4300.33,4302.86,4296.63,4297.08,1048
2025.12.31,07:53,4297.15,4298.05,4283.98,4291.93,975
2025.12.31,07:54,4292.22,4292.72,4283.56,4287.01,1026
2025.12.31,07:55,4287.00,4287.37,4275.66,4283.63,1312
2025.12.31,07:56,4283.63,4290.88,4282.72,4285.70,730
2025.12.31,07:57,4285.79,4293.30,4284.64,4290.47,977
2025.12.31,07:58,4290.21,4291.75,4286.20,4289.13,834
2025.12.31,07:59,4288.99,4289.51,4283.30,4285.21,839
2025.12.31,08:00,4285.31,4290.78,4284.48,4287.14,834
2025.12.31,08:01,4287.06,4287.48,4274.25,4278.56,1109
2025.12.31,08:02,4278.54,4286.33,4278.54,4283.32,1265
2025.12.31,08:03,4283.32,4286.87,4283.32,4286.14,856
2025.12.31,08:04,4285.92,4289.31,4284.99,4287.11,941
2025.12.31,08:05,4287.17,4292.51,4287.02,4291.55,1128
2025.12.31,08:06,4291.51,4294.74,4290.14,4290.14,946
2025.12.31,08:07,4290.18,4293.56,4289.94,4293.18,921
2025.12.31,08:08,4293.01,4293.04,4289.21,4292.58,961
2025.12.31,08:09,4292.57,4295.38,4291.65,4293.24,872
2025.12.31,08:10,4293.25,4296.67,4292.62,4296.54,969
2025.12.31,08:11,4296.49,4301.61,4296.40,4300.66,1022
2025.12.31,08:12,4300.68,4300.82,4296.31,4296.82,1417
2025.12.31,08:13,4296.85,4299.43,4296.63,4298.71,618
2025.12.31,08:14,4298.88,4300.64,4296.68,4299.11,1025
2025.12.31,08:15,4298.86,4300.44,4295.45,4296.40,967
2025.12.31,08:16,4296.38,4298.96,4294.65,4294.95,946
2025.12.31,08:17,4294.67,4295.92,4292.70,4295.29,656
2025.12.31,08:18,4295.23,4301.72,4295.23,4301.22,722
2025.12.31,08:19,4301.23,4305.51,4301.08,4303.67,745
2025.12.31,08:20,4303.60,4303.66,4302.11,4302.75,839
2025.12.31,08:21,4302.76,4305.11,4301.96,4304.87,682
2025.12.31,08:22,4304.71,4305.99,4303.75,4305.77,608
2025.12.31,08:23,4305.70,4305.71,4298.64,4300.64,1576
2025.12.31,08:24,4300.64,4302.29,4298.79,4300.29,806
2025.12.31,08:25,4300.28,4301.40,4297.52,4298.43,922
2025.12.31,08:26,4298.43,4301.53,4297.21,4300.44,1179
2025.12.31,08:27,4300.48,4302.68,4299.77,4302.49,542
2025.12.31,08:28,4302.54,4307.12,4301.57,4306.78,505
2025.12.31,08:29,4306.71,4308.72,4306.42,4307.42,614
2025.12.31,08:30,4307.33,4308.42,4304.71,4306.92,640
2025.12.31,08:31,4306.77,4310.05,4305.41,4309.27,578
2025.12.31,08:32,4309.33,4312.12,4308.79,4310.98,447
2025.12.31,08:33,4310.92,4312.00,4310.34,4310.50,462
2025.12.31,08:34,4310.52,4316.66,4309.74,4312.01,1015
2025.12.31,08:35,4312.03,4312.29,4310.29,4312.03,447
2025.12.31,08:36,4312.11,4313.81,4310.77,4313.57,503
2025.12.31,08:37,4313.57,4314.03,4310.93,4313.05,501
2025.12.31,08:38,4312.93,4313.95,4311.59,4313.40,1578
2025.12.31,08:39,4313.45,4317.55,4312.09,4314.23,1310
2025.12.31,08:40,4314.22,4314.23,4310.65,4311.03,819
2025.12.31,08:41,4311.07,4311.71,4310.00,4311.12,689
2025.12.31,08:42,4310.90,4314.29,4310.86,4313.10,726
2025.12.31,08:43,4313.10,4313.12,4311.37,4311.82,665
2025.12.31,08:44,4311.81,4315.03,4311.41,4314.48,667
2025.12.31,08:45,4314.51,4315.01,4313.12,4314.03,751
2025.12.31,08:46,4314.05,4315.06,4312.70,4313.33,381
2025.12.31,08:47,4313.40,4313.85,4311.73,4312.80,472
2025.12.31,08:48,4312.86,4317.53,4312.86,4317.02,519
2025.12.31,08:49,4317.01,4319.96,4316.55,4319.45,480
2025.12.31,08:50,4319.55,4322.45,4318.13,4322.15,533
2025.12.31,08:51,4322.09,4322.09,4319.44,4320.08,506
2025.12.31,08:52,4320.18,4324.41,4319.52,4323.58,916
2025.12.31,08:53,4323.71,4325.47,4323.62,4324.15,657
2025.12.31,08:54,4324.03,4325.44,4322.94,4325.35,758
2025.12.31,08:55,4325.40,4325.66,4323.60,4324.53,622
2025.12.31,08:56,4324.56,4326.63,4324.48,4324.75,681
2025.12.31,08:57,4324.90,4326.79,4324.15,4326.33,708
2025.12.31,08:58,4326.31,4327.35,4324.43,4327.19,1096
2025.12.31,08:59,4327.18,4329.06,4326.47,4328.02,847
2025.12.31,09:00,4328.30,4330.36,4325.24,4329.40,947
2025.12.31,09:01,4329.57,4330.94,4327.79,4328.54,655
2025.12.31,09:02,4328.54,4328.69,4325.52,4325.78,883
2025.12.31,09:03,4325.74,4329.26,4325.13,4328.43,604
2025.12.31,09:04,4328.41,4329.58,4327.86,4329.49,455
2025.12.31,09:05,4329.47,4330.10,4326.54,4327.39,722
2025.12.31,09:06,4327.30,4328.79,4326.35,4328.61,551
2025.12.31,09:07,4328.60,4329.54,4326.87,4327.00,555
2025.12.31,09:08,4327.05,4327.70,4325.09,4325.24,498
2025.12.31,09:09,4325.21,4326.01,4324.82,4325.08,394
2025.12.31,09:10,4325.09,4326.05,4324.27,4324.48,862
2025.12.31,09:11,4324.47,4327.90,4323.67,4327.59,1422
2025.12.31,09:12,4327.62,4329.69,4326.55,4327.15,2171
2025.12.31,09:13,4327.21,4328.43,4325.60,4327.52,512
2025.12.31,09:14,4327.31,4332.52,4327.16,4330.64,1168
2025.12.31,09:15,4330.58,4331.46,4328.92,4330.46,512
2025.12.31,09:16,4330.51,4331.54,4330.01,4330.43,329
2025.12.31,09:17,4330.30,4331.10,4329.34,4330.32,685
2025.12.31,09:18,4330.33,4331.33,4329.43,4330.06,610
2025.12.31,09:19,4330.24,4334.48,4329.66,4333.65,1165
2025.12.31,09:20,4333.69,4334.36,4331.44,4333.37,1369
2025.12.31,09:21,4333.40,4333.62,4330.61,4330.72,504
2025.12.31,09:22,4330.73,4333.33,4330.73,4331.39,925
2025.12.31,09:23,4331.53,4335.33,4331.12,4334.45,635
2025.12.31,09:24,4334.46,4334.74,4333.45,4333.81,716
2025.12.31,09:25,4333.78,4334.11,4332.23,4333.18,361
2025.12.31,09:26,4333.28,4333.28,4331.35,4331.35,359
2025.12.31,09:27,4331.07,4333.31,4330.54,4333.31,386
2025.12.31,09:28,4333.33,4334.30,4332.55,4333.49,329
2025.12.31,09:29,4333.52,4334.66,4332.74,4333.30,424
2025.12.31,09:30,4333.27,4333.48,4331.54,4331.86,291
2025.12.31,09:31,4331.89,4332.13,4330.76,4331.20,245
2025.12.31,09:32,4331.07,4332.81,4330.60,4332.01,319
2025.12.31,09:33,4332.03,4333.74,4332.02,4332.41,295
2025.12.31,09:34,4332.42,4334.37,4332.30,4333.78,298
2025.12.31,09:35,4333.69,4334.97,4332.80,4332.82,558
2025.12.31,09:36,4332.83,4333.41,4331.55,4333.26,368
2025.12.31,09:37,4333.28,4334.47,4332.87,4333.72,482
2025.12.31,09:38,4333.71,4334.96,4333.02,4334.09,581
2025.12.31,09:39,4334.07,4334.74,4332.64,4332.84,661
2025.12.31,09:40,4332.91,4333.28,4331.27,4331.88,772
2025.12.31,09:41,4331.93,4332.82,4331.34,4331.57,1002
2025.12.31,09:42,4331.54,4331.80,4330.47,4330.68,610
2025.12.31,09:43,4330.57,4331.77,4330.45,4331.10,546
2025.12.31,09:44,4331.18,4333.35,4330.72,4332.23,926
2025.12.31,09:45,4332.25,4332.34,4331.07,4331.48,704
2025.12.31,09:46,4331.62,4332.76,4330.19,4330.23,755
2025.12.31,09:47,4330.26,4331.34,4329.84,4330.41,1043
2025.12.31,09:48,4330.40,4331.58,4329.15,4329.19,771
2025.12.31,09:49,4329.21,4329.27,4328.03,4328.65,927
2025.12.31,09:50,4328.68,4331.27,4328.64,4331.02,717
2025.12.31,09:51,4331.05,4331.18,4330.36,4330.76,509
2025.12.31,09:52,4330.78,4331.61,4330.10,4330.40,642
2025.12.31,09:53,4330.13,4330.44,4327.84,4328.76,584
2025.12.31,09:54,4328.77,4328.98,4326.75,4327.30,770
2025.12.31,09:55,4327.29,4328.22,4327.29,4328.11,424
2025.12.31,09:56,4328.15,4330.33,4327.94,4329.11,557
2025.12.31,09:57,4329.10,4330.48,4328.80,4330.41,389
2025.12.31,09:58,4330.52,4330.81,4329.87,4330.69,468
2025.12.31,09:59,4330.69,4331.82,4330.32,4331.21,542
2025.12.31,10:00,4331.19,4333.03,4329.93,4331.49,1233
2025.12.31,10:01,4331.55,4332.92,4330.64,4330.96,735
2025.12.31,10:02,4331.01,4331.52,4328.19,4328.96,684
2025.12.31,10:03,4328.95,4330.08,4328.20,4329.68,649
2025.12.31,10:04,4329.65,4329.89,4326.90,4328.30,625
2025.12.31,10:05,4328.28,4328.68,4327.00,4327.64,682
2025.12.31,10:06,4327.63,4328.73,4325.67,4326.83,521
2025.12.31,10:07,4326.64,4326.97,4325.15,4326.23,538
2025.12.31,10:08,4326.22,4327.24,4324.65,4324.78,459
2025.12.31,10:09,4324.79,4325.05,4321.61,4322.55,921
2025.12.31,10:10,4322.42,4323.35,4321.05,4321.69,976
2025.12.31,10:11,4321.67,4322.36,4320.49,4321.93,988
2025.12.31,10:12,4321.94,4322.77,4321.23,4322.00,658
2025.12.31,10:13,4321.97,4321.98,4320.72,4320.94,706
2025.12.31,10:14,4320.95,4323.02,4320.15,4323.02,950
2025.12.31,10:15,4322.87,4324.28,4322.07,4323.45,839
2025.12.31,10:16,4323.46,4323.67,4321.97,4322.49,439
2025.12.31,10:17,4322.58,4325.74,4322.43,4325.14,557
2025.12.31,10:18,4325.14,4327.02,4324.70,4326.50,554
2025.12.31,10:19,4326.51,4327.43,4325.72,4326.23,448
2025.12.31,10:20,4326.36,4327.60,4326.35,4326.69,543
2025.12.31,10:21,4326.70,4326.85,4325.01,4325.39,464
2025.12.31,10:22,4325.27,4326.69,4324.52,4324.87,577
2025.12.31,10:23,4324.81,4325.43,4322.80,4323.86,669
2025.12.31,10:24,4324.14,4327.61,4324.14,4326.92,842
2025.12.31,10:25,4326.90,4327.35,4325.49,4325.67,1222
2025.12.31,10:26,4325.68,4326.24,4324.36,4324.60,561
2025.12.31,10:27,4324.59,4325.70,4324.00,4325.67,394
2025.12.31,10:28,4325.76,4326.96,4325.51,4326.51,766
2025.12.31,10:29,4326.50,4327.11,4325.88,4326.37,475
2025.12.31,10:30,4326.28,4326.51,4325.40,4325.72,484
2025.12.31,10:31,4325.71,4325.71,4322.95,4323.65,519
2025.12.31,10:32,4323.60,4324.54,4322.52,4323.71,390
2025.12.31,10:33,4323.69,4324.22,4323.30,4323.75,241
2025.12.31,10:34,4323.78,4325.07,4323.59,4324.64,508
2025.12.31,10:35,4324.61,4324.61,4322.60,4322.60,306
2025.12.31,10:36,4322.87,4322.94,4321.59,4322.46,592
2025.12.31,10:37,4322.42,4322.75,4320.84,4321.89,679
2025.12.31,10:38,4321.90,4323.66,4321.49,4323.59,837
2025.12.31,10:39,4323.83,4323.91,4321.68,4322.34,471
2025.12.31,10:40,4322.31,4322.67,4320.98,4322.38,530
2025.12.31,10:41,4322.18,4322.80,4321.70,4321.93,391
2025.12.31,10:42,4321.94,4322.58,4320.80,4321.45,748
2025.12.31,10:43,4321.46,4321.58,4318.47,4318.87,614
2025.12.31,10:44,4318.80,4318.86,4316.89,4317.48,565
2025.12.31,10:45,4317.47,4317.49,4316.04,4316.96,417
2025.12.31,10:46,4316.95,4318.10,4315.82,4316.16,569
2025.12.31,10:47,4316.08,4317.86,4314.60,4315.44,1384
2025.12.31,10:48,4315.55,4315.82,4313.83,4314.55,1522
2025.12.31,10:49,4314.54,4315.11,4313.16,4314.75,721
2025.12.31,10:50,4314.75,4317.53,4314.35,4314.48,855
2025.12.31,10:51,4314.43,4314.53,4312.65,4312.89,894
2025.12.31,10:52,4313.03,4313.05,4311.37,4312.24,1196
2025.12.31,10:53,4312.22,4313.74,4312.18,4313.45,509
2025.12.31,10:54,4313.29,4313.53,4311.73,4313.33,820
2025.12.31,10:55,4313.41,4313.84,4309.97,4310.17,906
2025.12.31,10:56,4310.16,4310.24,4307.85,4309.68,905
2025.12.31,10:57,4309.67,4309.70,4306.74,4307.11,1139
2025.12.31,10:58,4307.21,4308.49,4305.44,4305.73,1161
2025.12.31,10:59,4305.71,4309.51,4303.10,4307.20,1183
2025.12.31,11:00,4307.21,4311.03,4306.95,4310.43,1178
2025.12.31,11:01,4310.55,4311.45,4306.98,4308.18,940
2025.12.31,11:02,4308.35,4311.59,4307.56,4311.54,999
2025.12.31,11:03,4311.49,4314.36,4311.35,4313.79,989
2025.12.31,11:04,4313.83,4315.85,4312.02,4312.69,876
2025.12.31,11:05,4312.73,4316.36,4312.67,4316.14,821
2025.12.31,11:06,4316.10,4318.13,4315.53,4317.87,824
2025.12.31,11:07,4317.74,4318.19,4316.28,4316.61,651
2025.12.31,11:08,4316.70,4318.22,4316.38,4316.61,873
2025.12.31,11:09,4316.59,4317.26,4315.59,4316.06,1024
2025.12.31,11:10,4316.03,4316.48,4314.72,4315.28,1383
2025.12.31,11:11,4315.37,4316.21,4314.92,4316.10,1144
2025.12.31,11:12,4315.97,4318.12,4315.80,4316.77,680
2025.12.31,11:13,4316.79,4317.28,4316.41,4317.14,529
2025.12.31,11:14,4317.11,4318.03,4316.48,4317.09,618
2025.12.31,11:15,4317.06,4317.81,4316.04,4316.27,412
2025.12.31,11:16,4316.23,4316.83,4315.18,4315.53,1024
2025.12.31,11:17,4315.61,4315.81,4312.63,4313.07,1065
2025.12.31,11:18,4313.27,4313.35,4310.87,4311.26,956
2025.12.31,11:19,4311.25,4314.44,4311.18,4313.98,906
2025.12.31,11:20,4313.97,4317.17,4313.85,4316.88,919
2025.12.31,11:21,4316.94,4318.72,4316.40,4318.59,890
2025.12.31,11:22,4318.55,4319.75,4317.28,4317.31,1090
2025.12.31,11:23,4317.29,4320.32,4316.90,4320.06,1284
2025.12.31,11:24,4320.06,4321.49,4319.14,4321.37,904
2025.12.31,11:25,4321.36,4324.04,4321.25,4322.32,874
2025.12.31,11:26,4322.31,4326.70,4321.71,4326.40,932
2025.12.31,11:27,4326.42,4327.36,4325.20,4325.62,1242
2025.12.31,11:28,4325.66,4325.83,4323.57,4323.70,755
2025.12.31,11:29,4323.68,4324.59,4323.39,4323.58,609
2025.12.31,11:30,4323.56,4324.52,4323.06,4324.49,388
2025.12.31,11:31,4324.12,4325.78,4324.06,4324.99,425
2025.12.31,11:32,4325.02,4325.43,4323.30,4323.52,973
2025.12.31,11:33,4323.53,4325.28,4323.32,4324.64,840
2025.12.31,11:34,4324.62,4325.34,4324.05,4324.38,1104
2025.12.31,11:35,4324.12,4325.95,4324.01,4325.69,635
2025.12.31,11:36,4325.68,4328.04,4325.36,4328.04,462
2025.12.31,11:37,4327.94,4328.77,4326.15,4326.95,866
2025.12.31,11:38,4326.89,4329.02,4326.81,4328.50,1287
2025.12.31,11:39,4328.51,4331.26,4328.35,4329.99,1619
2025.12.31,11:40,4330.08,4330.91,4328.56,4330.67,1109
2025.12.31,11:41,4330.66,4331.29,4330.12,4330.61,965
2025.12.31,11:42,4330.58,4334.07,4330.55,4333.56,1231
2025.12.31,11:43,4333.54,4336.44,4333.31,4336.02,1068
2025.12.31,11:44,4335.99,4337.40,4334.38,4336.17,1031
2025.12.31,11:45,4336.04,4337.38,4334.94,4335.07,950
2025.12.31,11:46,4335.07,4335.76,4333.80,4335.31,877
2025.12.31,11:47,4335.35,4336.81,4335.12,4335.98,1047
2025.12.31,11:48,4336.00,4336.06,4332.35,4332.84,1169
2025.12.31,11:49,4332.95,4333.10,4331.04,4331.77,1521
2025.12.31,11:50,4331.76,4335.19,4328.90,4330.49,978
2025.12.31,11:51,4330.50,4330.89,4326.61,4327.68,801
2025.12.31,11:52,4327.69,4329.48,4327.15,4329.19,829
2025.12.31,11:53,4329.19,4329.26,4327.83,4327.88,738
2025.12.31,11:54,4327.83,4329.15,4327.83,4329.04,505
2025.12.31,11:55,4328.98,4329.33,4326.85,4326.90,493
2025.12.31,11:56,4326.85,4328.54,4326.60,4328.12,400
2025.12.31,11:57,4328.14,4329.14,4327.34,4328.61,822
2025.12.31,11:58,4328.62,4329.21,4327.63,4328.35,541
2025.12.31,11:59,4328.26,4328.62,4325.34,4325.87,447
2025.12.31,12:00,4325.86,4327.00,4325.70,4326.68,525
2025.12.31,12:01,4326.51,4328.71,4326.44,4328.63,664
2025.12.31,12:02,4328.65,4330.35,4327.93,4329.77,692
2025.12.31,12:03,4329.82,4330.10,4329.15,4329.55,914
2025.12.31,12:04,4329.37,4330.14,4328.45,4329.99,939
2025.12.31,12:05,4329.88,4331.24,4329.13,4329.57,988
2025.12.31,12:06,4329.57,4330.76,4329.34,4330.55,856
2025.12.31,12:07,4330.56,4331.46,4329.43,4329.50,1189
2025.12.31,12:08,4329.49,4329.49,4326.24,4326.24,1016
2025.12.31,12:09,4326.23,4327.14,4325.94,4326.69,521
2025.12.31,12:10,4326.72,4328.85,4326.54,4327.99,242
2025.12.31,12:11,4328.01,4328.06,4327.44,4327.61,311
2025.12.31,12:12,4327.55,4327.68,4324.62,4325.83,880
2025.12.31,12:13,4325.81,4327.74,4325.58,4326.47,342
2025.12.31,12:14,4326.50,4328.65,4326.49,4326.98,426
2025.12.31,12:15,4326.97,4327.53,4326.47,4327.16,240
2025.12.31,12:16,4327.18,4330.10,4327.05,4329.71,763
2025.12.31,12:17,4329.72,4330.22,4326.99,4327.38,781
2025.12.31,12:18,4327.38,4327.38,4324.91,4326.12,384
2025.12.31,12:19,4326.15,4326.73,4325.73,4326.24,494
2025.12.31,12:20,4326.25,4326.69,4325.63,4326.69,525
2025.12.31,12:21,4326.72,4327.27,4325.95,4326.22,649
2025.12.31,12:22,4326.49,4326.71,4325.51,4325.96,662
2025.12.31,12:23,4325.86,4327.23,4325.27,4326.24,470
2025.12.31,12:24,4326.23,4326.66,4324.93,4325.45,478
2025.12.31,12:25,4325.44,4325.72,4324.12,4325.15,348
2025.12.31,12:26,4325.14,4325.48,4323.10,4323.66,390
2025.12.31,12:27,4323.64,4323.64,4321.42,4321.48,346
2025.12.31,12:28,4321.55,4322.06,4319.76,4320.87,437
2025.12.31,12:29,4320.86,4322.23,4319.58,4319.74,574
2025.12.31,12:30,4319.76,4319.76,4309.89,4309.95,1182
2025.12.31,12:31,4309.85,4311.65,4306.53,4308.22,1351
2025.12.31,12:32,4308.21,4313.25,4306.97,4310.09,931
2025.12.31,12:33,4310.24,4311.64,4307.56,4308.58,653
2025.12.31,12:34,4308.52,4310.00,4306.54,4307.87,616
2025.12.31,12:35,4307.89,4311.13,4307.46,4309.94,861
2025.12.31,12:36,4309.99,4312.27,4307.94,4308.11,832
2025.12.31,12:37,4307.79,4309.17,4306.42,4309.01,703
2025.12.31,12:38,4308.99,4310.23,4307.34,4307.95,735
2025.12.31,12:39,4307.95,4310.41,4307.89,4309.99,815
2025.12.31,12:40,4310.09,4311.01,4309.93,4310.42,405
2025.12.31,12:41,4310.35,4310.78,4307.70,4307.79,523
2025.12.31,12:42,4307.77,4308.31,4305.25,4306.15,605
2025.12.31,12:43,4306.16,4308.37,4306.16,4307.51,389
2025.12.31,12:44,4307.52,4308.01,4306.09,4307.36,421
2025.12.31,12:45,4307.35,4308.92,4305.80,4308.37,556
2025.12.31,12:46,4308.38,4310.90,4308.38,4310.18,396
2025.12.31,12:47,4310.19,4310.55,4308.06,4308.68,585
2025.12.31,12:48,4308.68,4310.26,4306.00,4306.12,699
2025.12.31,12:49,4306.12,4306.74,4305.10,4305.82,374
2025.12.31,12:50,4305.66,4307.70,4303.59,4307.42,636
2025.12.31,12:51,4307.41,4309.17,4306.44,4309.13,420
2025.12.31,12:52,4309.15,4310.63,4308.60,4308.86,506
2025.12.31,12:53,4308.88,4310.86,4308.66,4309.41,922
2025.12.31,12:54,4309.40,4310.16,4307.56,4307.87,667
2025.12.31,12:55,4307.93,4308.58,4306.86,4308.52,407
2025.12.31,12:56,4308.51,4308.61,4306.31,4307.13,683
2025.12.31,12:57,4307.11,4307.29,4305.46,4305.95,653
2025.12.31,12:58,4305.95,4306.35,4304.79,4304.91,773
2025.12.31,12:59,4304.64,4308.61,4304.07,4306.47,675
2025.12.31,13:00,4306.37,4308.72,4306.19,4308.67,694
2025.12.31,13:01,4308.64,4309.24,4307.93,4308.65,516
2025.12.31,13:02,4308.65,4308.65,4306.42,4307.47,677
2025.12.31,13:03,4307.46,4307.86,4304.08,4304.12,736
2025.12.31,13:04,4304.20,4305.98,4304.17,4304.91,727
2025.12.31,13:05,4304.88,4307.03,4304.87,4306.90,702
2025.12.31,13:06,4306.93,4309.47,4306.78,4309.29,516
2025.12.31,13:07,4309.41,4311.79,4309.07,4310.23,849
2025.12.31,13:08,4310.28,4313.00,4310.21,4311.81,557
2025.12.31,13:09,4311.80,4313.46,4311.28,4312.70,702
2025.12.31,13:10,4312.70,4314.16,4311.93,4312.58,801
2025.12.31,13:11,4312.58,4313.60,4311.49,4311.56,718
2025.12.31,13:12,4311.53,4312.14,4310.98,4311.85,625
2025.12.31,13:13,4311.74,4314.99,4311.51,4314.80,797
2025.12.31,13:14,4314.79,4315.48,4313.56,4313.89,487
2025.12.31,13:15,4313.96,4315.47,4313.88,4315.29,778
2025.12.31,13:16,4315.31,4316.01,4313.34,4313.45,794
2025.12.31,13:17,4313.45,4313.87,4312.83,4313.31,563
2025.12.31,13:18,4313.32,4313.52,4311.71,4311.81,552
2025.12.31,13:19,4311.80,4312.88,4311.53,4312.67,538
2025.12.31,13:20,4312.66,4314.26,4312.66,4314.10,576
2025.12.31,13:21,4314.20,4315.36,4314.18,4315.20,677
2025.12.31,13:22,4315.22,4315.86,4315.04,4315.50,587
2025.12.31,13:23,4315.52,4315.76,4312.87,4313.15,687
2025.12.31,13:24,4313.07,4313.56,4311.75,4312.65,1169
2025.12.31,13:25,4312.62,4312.84,4311.37,4311.88,613
2025.12.31,13:26,4311.69,4311.79,4309.91,4310.35,608
2025.12.31,13:27,4310.40,4310.73,4309.57,4310.51,959
2025.12.31,13:28,4310.55,4310.69,4309.84,4310.19,326
2025.12.31,13:29,4310.29,4312.62,4310.01,4311.18,1378
2025.12.31,13:30,4311.22,4312.49,4310.75,4312.47,305
2025.12.31,13:31,4312.46,4313.11,4311.98,4312.11,426
2025.12.31,13:32,4312.12,4312.76,4312.07,4312.25,255
2025.12.31,13:33,4312.23,4312.39,4310.89,4311.75,855
2025.12.31,13:34,4311.76,4311.96,4310.34,4310.55,470
2025.12.31,13:35,4310.58,4311.07,4309.94,4310.49,390
2025.12.31,13:36,4310.50,4310.91,4309.11,4310.56,555
2025.12.31,13:37,4310.55,4310.97,4309.54,4310.39,571
2025.12.31,13:38,4310.44,4313.69,4310.44,4312.57,695
2025.12.31,13:39,4312.52,4312.88,4311.02,4311.20,561
2025.12.31,13:40,4311.30,4311.70,4309.84,4310.11,205
2025.12.31,13:41,4310.10,4311.33,4309.89,4310.79,415
2025.12.31,13:42,4310.74,4310.89,4309.81,4310.41,268
2025.12.31,13:43,4310.46,4310.73,4307.80,4308.80,353
2025.12.31,13:44,4308.77,4312.74,4308.77,4312.59,2126
2025.12.31,13:45,4312.69,4314.07,4312.33,4313.56,1300
2025.12.31,13:46,4313.57,4314.73,4312.96,4314.60,779
2025.12.31,13:47,4314.61,4315.81,4313.63,4314.00,522
2025.12.31,13:48,4314.23,4314.65,4312.42,4312.54,422
2025.12.31,13:49,4312.53,4315.04,4311.42,4314.77,922
2025.12.31,13:50,4314.78,4316.31,4312.28,4314.47,904
2025.12.31,13:51,4314.45,4314.98,4313.24,4314.54,797
2025.12.31,13:52,4314.55,4314.55,4312.72,4313.01,314
2025.12.31,13:53,4312.99,4313.24,4311.73,4312.96,615
2025.12.31,13:54,4312.97,4313.14,4311.09,4311.83,463
2025.12.31,13:55,4311.95,4312.93,4309.24,4311.44,1143
2025.12.31,13:56,4311.47,4313.99,4311.47,4312.81,891
2025.12.31,13:57,4312.82,4313.75,4311.12,4311.26,806
2025.12.31,13:58,4311.34,4312.21,4310.87,4310.96,320
2025.12.31,13:59,4310.91,4311.45,4310.50,4310.98,214
2025.12.31,14:00,4310.86,4311.25,4309.84,4311.23,223
2025.12.31,14:01,4311.37,4312.44,4308.85,4309.08,741
2025.12.31,14:02,4309.19,4310.42,4308.08,4310.13,492
2025.12.31,14:03,4310.22,4310.77,4309.28,4309.57,567
2025.12.31,14:04,4309.56,4310.65,4308.77,4309.75,734
2025.12.31,14:05,4309.77,4309.77,4306.45,4307.40,539
2025.12.31,14:06,4307.45,4307.78,4305.41,4305.60,661
2025.12.31,14:07,4305.56,4309.57,4305.28,4309.48,604
2025.12.31,14:08,4309.49,4310.48,4309.37,4310.30,558
2025.12.31,14:09,4310.31,4310.93,4308.43,4309.07,347
2025.12.31,14:10,4309.05,4309.11,4307.75,4308.71,425
2025.12.31,14:11,4308.75,4311.36,4308.15,4310.79,566
2025.12.31,14:12,4310.78,4310.92,4308.01,4308.97,629
2025.12.31,14:13,4309.02,4309.19,4308.46,4309.19,212
2025.12.31,14:14,4309.18,4309.56,4308.69,4308.79,207
2025.12.31,14:15,4308.77,4309.72,4308.19,4309.67,249
2025.12.31,14:16,4309.95,4310.60,4309.02,4309.26,326
2025.12.31,14:17,4309.30,4309.32,4306.72,4307.06,291
2025.12.31,14:18,4307.02,4309.35,4306.79,4308.36,770
2025.12.31,14:19,4308.35,4308.61,4306.34,4307.41,699
2025.12.31,14:20,4307.32,4307.88,4305.36,4307.44,925
2025.12.31,14:21,4307.45,4308.35,4306.60,4307.73,854
2025.12.31,14:22,4307.71,4307.97,4306.43,4306.50,601
2025.12.31,14:23,4306.51,4307.05,4305.99,4306.48,731
2025.12.31,14:24,4306.47,4307.05,4303.51,4303.70,733
2025.12.31,14:25,4303.86,4304.69,4303.00,4303.35,957
2025.12.31,14:26,4303.37,4305.64,4303.01,4305.31,1025
2025.12.31,14:27,4305.34,4305.55,4303.48,4304.11,1004
2025.12.31,14:28,4304.12,4307.21,4303.69,4307.17,1007
2025.12.31,14:29,4307.14,4307.40,4306.25,4306.86,1224
2025.12.31,14:30,4306.69,4310.20,4306.58,4309.44,855
2025.12.31,14:31,4309.43,4311.06,4309.02,4310.24,724
2025.12.31,14:32,4310.27,4310.46,4308.69,4309.11,703
2025.12.31,14:33,4309.00,4309.55,4307.95,4309.35,730
2025.12.31,14:34,4309.33,4311.05,4309.33,4310.19,909
2025.12.31,14:35,4310.21,4312.12,4309.35,4311.88,1037
2025.12.31,14:36,4311.87,4313.11,4311.52,4312.88,1223
2025.12.31,14:37,4312.87,4314.45,4312.52,4314.11,1356
2025.12.31,14:38,4314.14,4315.66,4313.79,4314.70,1422
2025.12.31,14:39,4314.71,4314.81,4313.90,4314.73,574
2025.12.31,14:40,4314.74,4315.58,4312.94,4313.31,925
2025.12.31,14:41,4313.50,4315.11,4313.01,4314.57,625
2025.12.31,14:42,4314.70,4315.59,4314.02,4314.32,774
2025.12.31,14:43,4314.30,4318.06,4313.92,4317.52,1097
2025.12.31,14:44,4317.53,4317.84,4316.96,4317.15,558
2025.12.31,14:45,4317.23,4317.39,4316.15,4316.77,857
2025.12.31,14:46,4316.76,4317.55,4316.56,4316.70,745
2025.12.31,14:47,4316.77,4316.96,4315.59,4315.78,466
2025.12.31,14:48,4315.88,4315.95,4314.76,4314.91,478
2025.12.31,14:49,4314.92,4315.13,4313.57,4314.10,723
2025.12.31,14:50,4314.05,4315.04,4312.86,4314.28,995
2025.12.31,14:51,4314.27,4314.41,4313.25,4314.25,1138
2025.12.31,14:52,4314.15,4315.20,4313.52,4314.24,1263
2025.12.31,14:53,4314.31,4315.73,4313.91,4314.76,1055
2025.12.31,14:54,4314.77,4315.22,4313.88,4315.06,1070
2025.12.31,14:55,4314.92,4315.80,4314.79,4314.98,1146
2025.12.31,14:56,4314.98,4315.00,4312.57,4312.66,676
2025.12.31,14:57,4312.64,4312.70,4310.76,4312.10,1420
2025.12.31,14:58,4312.08,4312.35,4311.48,4311.84,836
2025.12.31,14:59,4311.85,4313.83,4311.52,4313.78,1139
2025.12.31,15:00,4313.81,4315.64,4313.53,4315.04,932
2025.12.31,15:01,4315.02,4315.91,4313.97,4314.80,797
2025.12.31,15:02,4314.79,4316.92,4314.77,4316.00,655
2025.12.31,15:03,4316.02,4316.49,4312.63,4312.74,1191
2025.12.31,15:04,4312.70,4314.19,4312.01,4312.90,985
2025.12.31,15:05,4312.94,4314.24,4309.66,4309.81,1090
2025.12.31,15:06,4309.84,4310.97,4307.93,4310.38,1400
2025.12.31,15:07,4310.42,4311.84,4309.74,4310.55,853
2025.12.31,15:08,4310.53,4311.57,4309.10,4311.34,912
2025.12.31,15:09,4311.27,4311.98,4310.67,4310.97,665
2025.12.31,15:10,4310.94,4311.62,4310.04,4310.04,849
2025.12.31,15:11,4310.12,4311.49,4309.13,4311.36,1229
2025.12.31,15:12,4311.37,4313.43,4311.37,4312.50,1497
2025.12.31,15:13,4312.49,4312.51,4310.51,4310.58,503
2025.12.31,15:14,4310.61,4312.21,4310.49,4311.72,839
2025.12.31,15:15,4311.69,4313.54,4311.41,4313.46,921
2025.12.31,15:16,4313.44,4315.35,4312.95,4315.03,1067
2025.12.31,15:17,4315.01,4316.04,4314.01,4314.49,1588
2025.12.31,15:18,4314.45,4316.05,4314.32,4315.21,1016
2025.12.31,15:19,4315.28,4315.30,4313.62,4314.10,958
2025.12.31,15:20,4314.24,4316.98,4312.69,4316.90,1584
2025.12.31,15:21,4316.89,4320.27,4316.15,4319.84,918
2025.12.31,15:22,4319.70,4322.13,4319.56,4321.84,1388
2025.12.31,15:23,4321.80,4324.07,4321.66,4322.40,1454
2025.12.31,15:24,4322.42,4325.77,4322.42,4325.56,1626
2025.12.31,15:25,4325.48,4326.02,4324.24,4324.51,1449
2025.12.31,15:26,4324.68,4326.45,4323.72,4325.25,978
2025.12.31,15:27,4325.28,4326.23,4324.73,4325.83,642
2025.12.31,15:28,4325.83,4327.63,4325.51,4326.91,663
2025.12.31,15:29,4326.89,4329.01,4326.89,4328.18,456
2025.12.31,15:30,4328.12,4329.69,4325.76,4328.92,754
2025.12.31,15:31,4328.91,4330.58,4328.03,4329.96,419
2025.12.31,15:32,4329.97,4330.53,4329.19,4329.83,306
2025.12.31,15:33,4329.56,4330.57,4327.09,4330.11,723
2025.12.31,15:34,4330.11,4330.32,4328.00,4329.50,634
2025.12.31,15:35,4329.51,4330.41,4326.07,4328.32,1057
2025.12.31,15:36,4328.30,4329.86,4326.76,4328.93,769
2025.12.31,15:37,4329.01,4331.30,4328.86,4330.83,705
2025.12.31,15:38,4330.84,4331.49,4329.78,4331.10,814
2025.12.31,15:39,4331.23,4332.03,4329.56,4330.22,1072
2025.12.31,15:40,4330.17,4334.61,4329.41,4334.08,1122
2025.12.31,15:41,4334.07,4334.50,4330.91,4332.00,1109
2025.12.31,15:42,4331.91,4334.22,4331.23,4333.77,1220
2025.12.31,15:43,4333.78,4333.97,4331.83,4332.12,1030
2025.12.31,15:44,4332.18,4334.99,4332.14,4333.00,895
2025.12.31,15:45,4333.04,4335.14,4332.11,4334.98,1098
2025.12.31,15:46,4335.00,4340.42,4334.99,4337.69,1124
2025.12.31,15:47,4337.67,4340.34,4337.27,4339.92,1370
2025.12.31,15:48,4339.94,4340.39,4338.99,4339.10,1097
2025.12.31,15:49,4339.23,4339.58,4338.58,4339.36,1135
2025.12.31,15:50,4339.63,4341.56,4337.04,4339.17,1871
2025.12.31,15:51,4339.21,4342.75,4339.06,4341.29,1806
2025.12.31,15:52,4341.30,4342.27,4339.10,4340.75,1126
2025.12.31,15:53,4340.73,4343.90,4340.64,4342.98,955
2025.12.31,15:54,4343.31,4343.99,4342.28,4343.51,979
2025.12.31,15:55,4343.53,4347.87,4343.43,4344.64,1573
2025.12.31,15:56,4344.63,4346.80,4343.51,4346.00,1352
2025.12.31,15:57,4346.01,4346.92,4344.26,4346.56,1110
2025.12.31,15:58,4346.57,4348.31,4345.04,4347.10,1447
2025.12.31,15:59,4347.07,4348.23,4345.75,4345.85,1089
2025.12.31,16:00,4345.78,4348.50,4343.46,4344.46,1062
2025.12.31,16:01,4344.47,4344.89,4341.34,4341.52,1090
2025.12.31,16:02,4341.53,4341.60,4338.56,4339.37,1126
2025.12.31,16:03,4339.36,4340.58,4337.98,4340.45,1154
2025.12.31,16:04,4340.40,4342.81,4340.40,4341.19,1286
2025.12.31,16:05,4341.19,4341.39,4335.96,4336.32,1472
2025.12.31,16:06,4336.32,4338.35,4334.66,4338.07,1855
2025.12.31,16:07,4338.11,4338.56,4334.97,4337.95,1561
2025.12.31,16:08,4337.94,4340.77,4337.39,4340.14,1204
2025.12.31,16:09,4340.18,4340.56,4338.03,4339.58,989
2025.12.31,16:10,4339.50,4340.32,4338.17,4340.08,951
2025.12.31,16:11,4340.04,4340.53,4337.26,4339.68,1165
2025.12.31,16:12,4339.77,4340.53,4337.63,4337.92,776
2025.12.31,16:13,4338.16,4338.50,4336.01,4336.99,865
2025.12.31,16:14,4337.02,4340.22,4336.81,4340.08,902
2025.12.31,16:15,4340.07,4342.96,4339.79,4342.64,2534
2025.12.31,16:16,4342.81,4344.94,4342.73,4344.56,1830
2025.12.31,16:17,4344.57,4344.70,4340.76,4341.70,1696
2025.12.31,16:18,4341.44,4342.63,4339.99,4340.98,1480
2025.12.31,16:19,4340.84,4344.21,4340.11,4343.45,1096
2025.12.31,16:20,4343.44,4343.51,4339.05,4339.92,1178
2025.12.31,16:21,4339.90,4340.87,4336.44,4340.79,977
2025.12.31,16:22,4340.77,4341.27,4338.72,4338.86,843
2025.12.31,16:23,4338.78,4339.65,4338.04,4338.09,688
2025.12.31,16:24,4337.91,4340.11,4337.05,4337.68,1396
2025.12.31,16:25,4337.56,4337.58,4336.06,4336.61,634
2025.12.31,16:26,4336.68,4336.93,4334.26,4334.96,775
2025.12.31,16:27,4334.91,4335.84,4333.47,4335.56,800
2025.12.31,16:28,4335.55,4335.66,4332.74,4335.57,1009
2025.12.31,16:29,4335.53,4337.95,4335.52,4336.95,1059
2025.12.31,16:30,4337.15,4343.03,4332.99,4342.43,2936
2025.12.31,16:31,4342.38,4344.24,4339.98,4344.00,3087
2025.12.31,16:32,4344.10,4346.29,4342.10,4345.92,2331
2025.12.31,16:33,4345.95,4347.00,4344.16,4346.58,1811
2025.12.31,16:34,4346.68,4347.95,4345.85,4346.84,1633
2025.12.31,16:35,4346.86,4348.54,4341.33,4343.96,2068
2025.12.31,16:36,4343.97,4346.70,4342.43,4342.48,1647
2025.12.31,16:37,4342.46,4345.22,4342.15,4344.72,2187
2025.12.31,16:38,4344.77,4344.93,4339.97,4342.05,1916
2025.12.31,16:39,4341.93,4342.19,4336.24,4337.40,1817
2025.12.31,16:40,4337.50,4338.02,4334.46,4337.21,2795
2025.12.31,16:41,4337.23,4337.64,4332.92,4337.31,2879
2025.12.31,16:42,4337.27,4339.17,4336.47,4338.78,2081
2025.12.31,16:43,4338.75,4340.98,4338.02,4340.24,2157
2025.12.31,16:44,4340.21,4344.33,4339.93,4344.05,1713
2025.12.31,16:45,4344.03,4344.86,4342.28,4342.71,1742
2025.12.31,16:46,4342.74,4348.35,4342.50,4347.76,1989
2025.12.31,16:47,4347.61,4350.19,4347.02,4347.82,1534
2025.12.31,16:48,4347.68,4348.04,4343.98,4344.85,2079
2025.12.31,16:49,4344.84,4346.36,4344.12,4346.20,1565
2025.12.31,16:50,4346.18,4347.57,4344.63,4346.04,1837
2025.12.31,16:51,4345.81,4347.66,4344.14,4346.39,1607
2025.12.31,16:52,4346.34,4347.17,4343.01,4347.11,1111
2025.12.31,16:53,4347.06,4347.82,4344.67,4346.17,1274
2025.12.31,16:54,4346.11,4346.85,4344.84,4346.68,854
2025.12.31,16:55,4346.74,4351.16,4346.10,4350.94,1329
2025.12.31,16:56,4350.99,4353.65,4350.90,4352.39,1571
2025.12.31,16:57,4352.32,4353.02,4349.55,4349.75,1415
2025.12.31,16:58,4349.77,4350.90,4348.70,4349.28,1702
2025.12.31,16:59,4349.32,4350.26,4345.72,4345.97,1352
2025.12.31,17:00,4345.91,4346.30,4342.68,4343.56,1339
2025.12.31,17:01,4343.56,4343.69,4341.00,4342.12,1439
2025.12.31,17:02,4342.14,4344.20,4340.11,4341.78,1464
2025.12.31,17:03,4341.75,4341.75,4338.45,4339.32,1237
2025.12.31,17:04,4339.26,4339.90,4336.62,4337.01,1622
2025.12.31,17:05,4336.93,4338.35,4336.76,4336.78,1915
2025.12.31,17:06,4336.77,4339.40,4336.13,4337.40,1857
2025.12.31,17:07,4337.40,4340.25,4335.78,4336.23,1600
2025.12.31,17:08,4336.30,4337.54,4334.16,4334.97,2020
2025.12.31,17:09,4334.89,4335.59,4332.01,4332.10,1328
2025.12.31,17:10,4332.05,4335.26,4328.94,4334.43,2426
2025.12.31,17:11,4334.28,4334.89,4331.62,4331.79,1554
2025.12.31,17:12,4331.76,4334.75,4330.26,4333.79,1572
2025.12.31,17:13,4333.86,4335.18,4333.46,4334.30,1598
2025.12.31,17:14,4334.34,4334.66,4331.09,4331.53,1635
2025.12.31,17:15,4331.57,4333.94,4330.89,4332.42,1881
2025.12.31,17:16,4332.40,4332.88,4330.61,4332.15,1616
2025.12.31,17:17,4332.29,4333.26,4330.36,4332.36,2019
2025.12.31,17:18,4332.35,4334.36,4330.99,4333.98,1818
2025.12.31,17:19,4333.97,4335.57,4332.48,4333.19,2808
2025.12.31,17:20,4333.24,4335.96,4332.51,4334.81,2263
2025.12.31,17:21,4335.04,4335.45,4327.28,4328.19,1725
2025.12.31,17:22,4328.20,4331.69,4326.94,4331.20,1928
2025.12.31,17:23,4331.21,4332.04,4329.65,4331.16,2348
2025.12.31,17:24,4331.19,4334.51,4331.02,4333.35,2242
2025.12.31,17:25,4333.44,4334.65,4331.24,4334.58,1864
2025.12.31,17:26,4334.52,4335.98,4332.91,4335.62,2460
2025.12.31,17:27,4335.70,4336.63,4334.19,4335.74,2552
2025.12.31,17:28,4335.75,4338.86,4335.75,4336.88,1947
2025.12.31,17:29,4336.91,4337.57,4335.89,4337.22,1963
2025.12.31,17:30,4337.27,4338.76,4336.95,4338.06,1645
2025.12.31,17:31,4338.17,4338.85,4336.08,4338.65,1858
2025.12.31,17:32,4338.64,4341.51,4337.93,4340.40,1431
2025.12.31,17:33,4340.23,4341.85,4339.76,4340.35,1129
2025.12.31,17:34,4340.30,4341.04,4336.96,4337.34,1203
2025.12.31,17:35,4337.32,4338.15,4336.62,4337.53,939
2025.12.31,17:36,4337.52,4339.79,4336.38,4339.17,1175
2025.12.31,17:37,4339.16,4339.77,4336.52,4338.32,1857
2025.12.31,17:38,4338.34,4338.70,4335.89,4336.51,1542
2025.12.31,17:39,4336.49,4337.41,4333.38,4333.70,1662
2025.12.31,17:40,4333.69,4333.87,4329.93,4332.14,1949
2025.12.31,17:41,4332.17,4332.55,4330.04,4331.26,985
2025.12.31,17:42,4331.23,4334.04,4330.28,4333.19,1666
2025.12.31,17:43,4333.22,4334.01,4331.47,4331.98,2046
2025.12.31,17:44,4332.17,4332.47,4328.57,4330.77,1249
2025.12.31,17:45,4330.55,4331.31,4328.75,4330.82,1494
2025.12.31,17:46,4330.79,4332.08,4327.31,4329.19,1946
2025.12.31,17:47,4329.03,4332.03,4328.81,4330.60,1492
2025.12.31,17:48,4330.58,4331.93,4328.48,4328.82,1440
2025.12.31,17:49,4328.81,4331.09,4328.55,4330.74,897
2025.12.31,17:50,4330.73,4331.31,4330.10,4331.12,929
2025.12.31,17:51,4331.17,4333.87,4331.17,4333.48,1201
2025.12.31,17:52,4333.53,4336.63,4333.27,4335.54,1018
2025.12.31,17:53,4335.50,4335.83,4333.86,4335.01,1397
2025.12.31,17:54,4335.02,4335.19,4333.28,4333.59,817
2025.12.31,17:55,4333.54,4334.79,4332.79,4334.44,1030
2025.12.31,17:56,4334.17,4335.43,4331.95,4332.79,1077
2025.12.31,17:57,4332.73,4335.68,4332.05,4335.52,1137
2025.12.31,17:58,4335.59,4337.40,4334.90,4336.77,1063
2025.12.31,17:59,4336.64,4337.65,4335.69,4337.28,890
2025.12.31,18:00,4337.40,4337.77,4333.36,4336.86,924
2025.12.31,18:01,4336.83,4339.37,4336.81,4338.97,933
2025.12.31,18:02,4339.06,4339.73,4336.01,4336.85,890
2025.12.31,18:03,4337.13,4337.20,4330.13,4331.29,1394
2025.12.31,18:04,4331.25,4331.51,4327.77,4328.10,1669
2025.12.31,18:05,4328.36,4330.34,4325.10,4330.17,1471
2025.12.31,18:06,4330.23,4331.83,4328.37,4330.61,1105
2025.12.31,18:07,4330.62,4331.58,4329.33,4329.86,802
2025.12.31,18:08,4329.85,4330.66,4329.01,4329.76,841
2025.12.31,18:09,4329.73,4331.98,4329.22,4329.35,985
2025.12.31,18:10,4329.36,4329.45,4326.37,4327.20,1069
2025.12.31,18:11,4327.14,4327.49,4325.11,4327.43,930
2025.12.31,18:12,4327.48,4327.67,4325.27,4326.60,912
2025.12.31,18:13,4326.44,4328.24,4324.79,4325.08,1003
2025.12.31,18:14,4325.11,4325.12,4321.27,4323.71,1463
2025.12.31,18:15,4323.63,4324.40,4321.53,4324.34,1290
2025.12.31,18:16,4324.35,4326.36,4323.32,4326.12,1539
2025.12.31,18:17,4326.14,4327.45,4324.51,4325.38,1537
2025.12.31,18:18,4325.42,4327.15,4325.16,4326.27,1087
2025.12.31,18:19,4326.34,4329.29,4325.42,4328.99,1161
2025.12.31,18:20,4329.01,4329.06,4325.87,4327.85,1083
2025.12.31,18:21,4327.91,4328.76,4326.63,4327.31,1117
2025.12.31,18:22,4327.35,4327.82,4325.12,4326.95,799
2025.12.31,18:23,4326.93,4329.32,4326.93,4328.07,1037
2025.12.31,18:24,4328.18,4328.57,4326.23,4328.44,705
2025.12.31,18:25,4328.38,4329.64,4328.01,4328.82,1115
2025.12.31,18:26,4328.84,4329.75,4328.37,4329.27,891
2025.12.31,18:27,4329.20,4329.49,4325.81,4327.33,1046
2025.12.31,18:28,4327.36,4328.08,4325.59,4325.78,715
2025.12.31,18:29,4325.77,4326.25,4324.54,4325.46,867
2025.12.31,18:30,4325.50,4325.78,4323.80,4325.00,920
2025.12.31,18:31,4325.02,4329.39,4324.90,4328.55,1423
2025.12.31,18:32,4328.50,4329.08,4327.24,4327.88,726
2025.12.31,18:33,4327.83,4328.34,4327.04,4327.87,477
2025.12.31,18:34,4327.86,4329.67,4325.32,4325.89,851
2025.12.31,18:35,4325.97,4326.33,4323.01,4324.23,564
2025.12.31,18:36,4324.22,4325.94,4323.61,4324.79,784
2025.12.31,18:37,4324.82,4324.85,4321.43,4322.26,1203
2025.12.31,18:38,4322.27,4323.97,4321.46,4323.65,1188
2025.12.31,18:39,4323.61,4323.97,4320.58,4322.36,1189
2025.12.31,18:40,4322.37,4323.67,4319.84,4320.26,1067
2025.12.31,18:41,4320.35,4322.43,4318.81,4321.76,933
2025.12.31,18:42,4321.77,4321.92,4320.08,4320.81,541
2025.12.31,18:43,4320.88,4322.35,4320.18,4320.63,904
2025.12.31,18:44,4320.64,4321.04,4319.55,4319.70,791
2025.12.31,18:45,4319.66,4320.59,4318.16,4320.23,1149
2025.12.31,18:46,4320.17,4321.03,4317.20,4317.54,1008
2025.12.31,18:47,4317.55,4319.68,4316.88,4319.26,636
2025.12.31,18:48,4319.27,4323.02,4319.02,4322.56,1010
2025.12.31,18:49,4322.44,4322.79,4320.30,4322.14,897
2025.12.31,18:50,4322.11,4322.77,4320.37,4321.38,767
2025.12.31,18:51,4321.41,4322.73,4320.60,4320.87,721
2025.12.31,18:52,4320.94,4323.19,4320.74,4322.82,739
2025.12.31,18:53,4322.85,4323.56,4321.68,4322.02,627
2025.12.31,18:54,4322.13,4322.84,4321.77,4322.29,596
2025.12.31,18:55,4322.21,4324.51,4321.70,4322.68,1056
2025.12.31,18:56,4322.57,4323.08,4321.58,4322.52,744
2025.12.31,18:57,4322.51,4322.57,4320.45,4321.79,1161
2025.12.31,18:58,4321.73,4322.83,4321.50,4321.99,732
2025.12.31,18:59,4322.05,4323.59,4321.51,4322.92,668
2025.12.31,19:00,4322.89,4325.54,4322.25,4325.35,764
2025.12.31,19:01,4325.37,4328.48,4325.37,4327.87,1295
2025.12.31,19:02,4327.60,4328.37,4326.64,4327.46,697
2025.12.31,19:03,4327.49,4327.76,4325.53,4325.57,766
2025.12.31,19:04,4325.62,4325.98,4323.95,4324.78,727
2025.12.31,19:05,4324.75,4325.84,4323.96,4324.21,697
2025.12.31,19:06,4324.18,4324.53,4322.01,4323.57,752
2025.12.31,19:07,4323.48,4324.02,4321.14,4321.40,805
2025.12.31,19:08,4321.40,4322.86,4321.29,4321.61,711
2025.12.31,19:09,4321.85,4322.46,4320.36,4322.13,832
2025.12.31,19:10,4322.15,4322.20,4320.23,4321.90,788
2025.12.31,19:11,4322.00,4324.04,4321.55,4322.28,760
2025.12.31,19:12,4322.28,4322.54,4320.77,4322.27,792
2025.12.31,19:13,4322.31,4324.36,4322.31,4323.52,894
2025.12.31,19:14,4323.51,4324.00,4322.94,4323.26,463
2025.12.31,19:15,4323.31,4323.61,4321.91,4322.51,601
2025.12.31,19:16,4322.49,4324.62,4322.37,4323.85,767
2025.12.31,19:17,4323.91,4324.11,4323.19,4323.58,631
2025.12.31,19:18,4323.55,4324.71,4322.86,4322.86,577
2025.12.31,19:19,4322.88,4323.51,4322.27,4322.32,475
2025.12.31,19:20,4322.32,4322.58,4319.46,4319.90,593
2025.12.31,19:21,4319.85,4320.31,4319.31,4319.68,405
2025.12.31,19:22,4319.71,4320.51,4317.93,4318.90,586
2025.12.31,19:23,4318.89,4321.64,4318.48,4321.15,1085
2025.12.31,19:24,4321.14,4321.76,4319.98,4321.34,1051
2025.12.31,19:25,4321.45,4323.02,4320.58,4320.70,1016
2025.12.31,19:26,4320.72,4322.79,4319.82,4321.84,1100
2025.12.31,19:27,4321.89,4323.00,4320.94,4321.87,1707
2025.12.31,19:28,4321.89,4322.98,4321.08,4321.69,1457
2025.12.31,19:29,4321.81,4321.81,4320.14,4320.66,1006
2025.12.31,19:30,4320.49,4322.13,4318.68,4321.06,1404
2025.12.31,19:31,4321.06,4324.19,4321.05,4324.02,1675
2025.12.31,19:32,4323.93,4325.51,4322.84,4324.95,1437
2025.12.31,19:33,4324.98,4325.15,4323.36,4324.19,758
2025.12.31,19:34,4324.05,4325.53,4323.50,4324.94,940
2025.12.31,19:35,4325.06,4327.97,4324.89,4327.34,1660
2025.12.31,19:36,4327.38,4329.03,4327.38,4328.43,1400
2025.12.31,19:37,4328.62,4329.53,4326.97,4327.49,1329
2025.12.31,19:38,4327.48,4329.07,4327.41,4327.63,1154
2025.12.31,19:39,4327.42,4327.80,4326.45,4326.73,729
2025.12.31,19:40,4326.66,4326.78,4324.45,4324.82,682
2025.12.31,19:41,4324.73,4326.11,4324.61,4326.11,1063
2025.12.31,19:42,4326.30,4326.42,4323.03,4324.26,1092
2025.12.31,19:43,4324.25,4325.92,4324.05,4324.55,1437
2025.12.31,19:44,4324.51,4325.74,4323.94,4325.38,1096
2025.12.31,19:45,4325.34,4326.97,4325.13,4326.22,1041
2025.12.31,19:46,4326.23,4326.39,4324.47,4324.79,739
2025.12.31,19:47,4324.62,4325.14,4323.57,4324.83,1195
2025.12.31,19:48,4324.85,4324.98,4323.44,4324.07,1449
2025.12.31,19:49,4324.01,4324.96,4323.50,4324.54,1324
2025.12.31,19:50,4324.51,4326.49,4324.04,4326.31,926
2025.12.31,19:51,4326.24,4326.50,4323.69,4323.94,703
2025.12.31,19:52,4323.93,4324.68,4322.69,4324.09,925
2025.12.31,19:53,4324.10,4325.12,4323.12,4323.44,1513
2025.12.31,19:54,4323.33,4325.24,4322.94,4324.75,1615
2025.12.31,19:55,4324.72,4325.06,4321.38,4321.56,1112
2025.12.31,19:56,4321.52,4322.39,4320.24,4321.78,922
2025.12.31,19:57,4321.51,4322.78,4320.56,4322.19,1271
2025.12.31,19:58,4322.26,4322.77,4321.51,4321.91,1580
2025.12.31,19:59,4321.90,4322.58,4321.25,4321.70,1823
2025.12.31,20:00,4321.96,4326.11,4321.36,4325.78,1919
2025.12.31,20:01,4325.74,4327.47,4324.53,4327.04,1506
2025.12.31,20:02,4327.01,4328.05,4324.98,4325.55,1634
2025.12.31,20:03,4325.56,4325.70,4323.96,4324.48,1446
2025.12.31,20:04,4324.51,4325.81,4323.27,4325.44,1719
2025.12.31,20:05,4325.57,4326.37,4323.57,4324.06,1089
2025.12.31,20:06,4324.03,4324.76,4323.32,4323.47,1302
2025.12.31,20:07,4323.44,4324.47,4323.35,4323.78,964
2025.12.31,20:08,4323.77,4324.87,4323.73,4324.52,1087
2025.12.31,20:09,4324.62,4325.50,4323.54,4324.16,1153
2025.12.31,20:10,4324.09,4325.08,4323.43,4324.50,548
2025.12.31,20:11,4324.45,4325.35,4323.31,4323.86,569
2025.12.31,20:12,4323.91,4324.37,4323.14,4323.30,247
2025.12.31,20:13,4323.31,4324.91,4323.31,4324.23,502
2025.12.31,20:14,4324.21,4327.53,4323.95,4327.51,608
2025.12.31,20:15,4327.53,4330.17,4327.11,4329.75,526
2025.12.31,20:16,4329.62,4331.37,4329.62,4330.84,510
2025.12.31,20:17,4330.83,4331.19,4328.50,4328.79,457
2025.12.31,20:18,4328.77,4329.14,4327.41,4328.08,557
2025.12.31,20:19,4328.07,4328.07,4326.80,4327.75,482
2025.12.31,20:20,4327.92,4328.65,4326.91,4327.56,663
2025.12.31,20:21,4327.58,4328.17,4325.80,4326.38,545
2025.12.31,20:22,4326.32,4327.40,4325.80,4326.38,750
2025.12.31,20:23,4326.27,4327.16,4324.88,4325.32,828
2025.12.31,20:24,4325.30,4327.30,4324.23,4325.80,1529
2025.12.31,20:25,4325.79,4327.85,4325.79,4326.52,1167
2025.12.31,20:26,4326.54,4326.54,4324.00,4325.28,634
2025.12.31,20:27,4325.31,4327.31,4324.74,4327.11,801
2025.12.31,20:28,4327.02,4328.87,4326.67,4328.55,743
2025.12.31,20:29,4328.74,4328.92,4325.83,4328.68,1071
2025.12.31,20:30,4328.47,4329.03,4324.91,4325.93,867
2025.12.31,20:31,4325.93,4326.01,4321.79,4322.31,430
2025.12.31,20:32,4322.28,4322.81,4319.09,4320.98,523
2025.12.31,20:33,4320.99,4321.72,4319.79,4320.41,381
2025.12.31,20:34,4320.40,4321.27,4318.41,4318.79,408
2025.12.31,20:35,4318.77,4321.43,4318.68,4321.04,435
2025.12.31,20:36,4320.99,4321.74,4318.87,4321.47,438
2025.12.31,20:37,4321.59,4322.75,4320.98,4322.19,438
2025.12.31,20:38,4322.20,4324.85,4322.19,4324.85,514
2025.12.31,20:39,4324.84,4325.27,4323.54,4323.93,425
2025.12.31,20:40,4323.92,4325.76,4323.73,4325.20,359
2025.12.31,20:41,4325.19,4325.90,4323.27,4323.99,550
2025.12.31,20:42,4323.98,4324.84,4322.41,4322.90,380
2025.12.31,20:43,4322.89,4324.00,4321.99,4322.16,404
2025.12.31,20:44,4322.14,4322.41,4321.07,4322.11,402
2025.12.31,20:45,4322.10,4322.10,4320.85,4321.15,280
2025.12.31,20:46,4321.19,4321.28,4316.97,4317.16,416
2025.12.31,20:47,4317.14,4317.78,4316.04,4316.50,434
2025.12.31,20:48,4316.39,4319.54,4316.19,4318.79,462
2025.12.31,20:49,4318.79,4318.79,4317.11,4317.32,386
2025.12.31,20:50,4317.31,4318.00,4315.91,4316.39,579
2025.12.31,20:51,4316.42,4318.37,4315.65,4318.27,448
2025.12.31,20:52,4318.19,4318.83,4317.56,4318.73,428
2025.12.31,20:53,4318.74,4320.01,4318.07,4318.27,500
2025.12.31,20:54,4318.33,4318.63,4317.13,4317.83,453
2025.12.31,20:55,4317.66,4318.44,4317.30,4317.92,395
2025.12.31,20:56,4318.01,4319.21,4317.10,4317.23,536
2025.12.31,20:57,4317.18,4319.14,4316.86,4319.05,539
2025.12.31,20:58,4319.07,4319.55,4318.78,4318.92,328
2025.12.31,20:59,4318.99,4319.85,4318.35,4319.57,412
2025.12.31,21:00,4319.84,4321.94,4319.71,4321.18,465
2025.12.31,21:01,4321.21,4321.85,4320.28,4321.21,546
2025.12.31,21:02,4321.20,4321.81,4320.15,4321.62,474
2025.12.31,21:03,4321.72,4322.84,4320.02,4320.29,476
2025.12.31,21:04,4320.26,4321.85,4320.18,4321.75,449
2025.12.31,21:05,4321.71,4321.71,4319.06,4319.34,445
2025.12.31,21:06,4319.35,4319.71,4317.68,4318.08,628
2025.12.31,21:07,4318.06,4320.20,4318.04,4318.98,519
2025.12.31,21:08,4318.96,4318.97,4316.55,4316.75,414
2025.12.31,21:09,4316.73,4317.68,4316.04,4316.65,542
2025.12.31,21:10,4316.59,4317.33,4315.62,4315.79,350
2025.12.31,21:11,4315.76,4316.80,4315.64,4315.94,291
2025.12.31,21:12,4315.95,4318.10,4315.92,4318.10,366
2025.12.31,21:13,4318.13,4318.46,4316.99,4317.85,552
2025.12.31,21:14,4317.84,4318.62,4316.99,4317.82,470
2025.12.31,21:15,4317.83,4318.55,4317.13,4317.24,456
2025.12.31,21:16,4317.27,4318.90,4317.24,4318.11,443
2025.12.31,21:17,4318.12,4318.74,4317.32,4317.63,406
2025.12.31,21:18,4317.60,4317.73,4316.95,4317.25,254
2025.12.31,21:19,4317.16,4317.88,4316.88,4317.02,177
2025.12.31,21:20,4317.00,4318.34,4316.96,4317.88,327
2025.12.31,21:21,4317.89,4319.51,4317.89,4319.23,375
2025.12.31,21:22,4319.22,4319.57,4317.95,4318.25,291
2025.12.31,21:23,4318.24,4319.25,4317.88,4319.19,300
2025.12.31,21:24,4319.18,4320.04,4319.03,4319.30,308
2025.12.31,21:25,4319.31,4319.34,4317.09,4317.93,486
2025.12.31,21:26,4317.92,4319.18,4317.89,4319.04,259
2025.12.31,21:27,4319.01,4319.01,4317.50,4317.51,301
2025.12.31,21:28,4317.50,4317.62,4316.58,4317.23,204
2025.12.31,21:29,4317.23,4317.92,4316.91,4317.64,475
2025.12.31,21:30,4317.66,4318.00,4315.74,4315.93,255
2025.12.31,21:31,4315.97,4315.98,4314.51,4314.56,368
2025.12.31,21:32,4314.53,4314.61,4311.39,4312.08,941
2025.12.31,21:33,4312.03,4313.41,4311.41,4312.62,679
2025.12.31,21:34,4312.73,4314.17,4311.20,4313.40,624
2025.12.31,21:35,4313.59,4313.94,4312.66,4313.71,431
2025.12.31,21:36,4313.69,4313.69,4309.63,4311.07,965
2025.12.31,21:37,4311.08,4311.12,4309.02,4309.71,698
2025.12.31,21:38,4309.65,4311.29,4308.62,4310.43,623
2025.12.31,21:39,4310.44,4312.52,4309.11,4309.37,603
2025.12.31,21:40,4309.33,4312.51,4309.32,4311.68,624
2025.12.31,21:41,4311.72,4311.72,4309.32,4310.72,551
2025.12.31,21:42,4310.69,4311.44,4309.90,4310.70,627
2025.12.31,21:43,4310.68,4311.18,4309.09,4309.46,831
2025.12.31,21:44,4309.17,4311.85,4307.90,4310.76,490
2025.12.31,21:45,4310.68,4311.89,4309.78,4311.01,595
2025.12.31,21:46,4310.98,4313.98,4310.73,4313.56,476
2025.12.31,21:47,4313.58,4314.11,4311.49,4312.13,527
2025.12.31,21:48,4312.04,4312.46,4309.15,4310.06,410
2025.12.31,21:49,4310.10,4310.73,4309.40,4310.21,355
2025.12.31,21:50,4310.07,4310.77,4308.63,4309.31,435
2025.12.31,21:51,4309.15,4311.89,4308.52,4310.35,461
2025.12.31,21:52,4310.37,4311.88,4309.45,4311.88,330
2025.12.31,21:53,4311.91,4311.91,4310.21,4311.22,349
2025.12.31,21:54,4311.16,4312.11,4310.63,4311.41,339
2025.12.31,21:55,4311.47,4311.91,4311.00,4311.18,358
2025.12.31,21:56,4311.20,4311.35,4310.05,4311.10,390
2025.12.31,21:57,4311.07,4311.38,4309.76,4311.12,498
2025.12.31,21:58,4311.16,4311.62,4310.85,4311.26,336
2025.12.31,21:59,4311.24,4311.63,4310.44,4311.32,517
2025.12.31,22:00,4311.26,4311.51,4309.47,4309.99,443
2025.12.31,22:01,4309.91,4310.93,4305.24,4306.26,633
2025.12.31,22:02,4306.27,4307.08,4304.42,4306.66,564
2025.12.31,22:03,4306.68,4307.11,4305.20,4306.36,575
2025.12.31,22:04,4306.23,4306.26,4304.50,4305.74,461
2025.12.31,22:05,4305.70,4309.85,4305.48,4309.17,716
2025.12.31,22:06,4309.18,4309.18,4307.31,4307.54,367
2025.12.31,22:07,4307.43,4308.87,4306.95,4308.27,390
2025.12.31,22:08,4308.31,4308.76,4306.72,4308.41,407
2025.12.31,22:09,4308.43,4308.68,4307.44,4307.95,298
2025.12.31,22:10,4307.97,4309.20,4307.51,4308.56,449
2025.12.31,22:11,4308.64,4311.23,4308.60,4310.54,471
2025.12.31,22:12,4310.54,4313.94,4310.54,4312.74,562
2025.12.31,22:13,4313.00,4313.60,4312.15,4312.93,417
2025.12.31,22:14,4312.92,4315.76,4312.77,4314.85,438
2025.12.31,22:15,4314.83,4315.74,4313.52,4313.71,452
2025.12.31,22:16,4313.77,4314.95,4313.71,4314.67,309
2025.12.31,22:17,4314.63,4316.54,4314.28,4316.41,474
2025.12.31,22:18,4316.39,4318.25,4316.13,4318.25,352
2025.12.31,22:19,4318.26,4319.02,4317.74,4318.11,384
2025.12.31,22:20,4318.05,4318.51,4316.65,4316.76,467
2025.12.31,22:21,4316.75,4316.99,4315.00,4315.18,485
2025.12.31,22:22,4315.17,4315.18,4312.79,4313.43,437
2025.12.31,22:23,4313.46,4316.79,4313.46,4316.41,395
2025.12.31,22:24,4316.43,4317.06,4314.99,4315.06,396
2025.12.31,22:25,4314.97,4317.30,4314.49,4316.26,439
2025.12.31,22:26,4316.23,4316.93,4315.33,4316.01,547
2025.12.31,22:27,4315.99,4316.60,4315.14,4315.85,473
2025.12.31,22:28,4315.95,4316.60,4315.25,4316.19,443
2025.12.31,22:29,4316.01,4316.01,4314.09,4314.71,433
2025.12.31,22:30,4314.80,4318.40,4314.22,4318.02,536
2025.12.31,22:31,4318.03,4319.01,4317.45,4318.65,525
2025.12.31,22:32,4318.64,4323.52,4318.55,4323.14,594
2025.12.31,22:33,4323.13,4324.39,4322.09,4322.35,768
2025.12.31,22:34,4322.39,4322.81,4321.03,4321.22,485
2025.12.31,22:35,4321.11,4321.30,4318.55,4319.75,658
2025.12.31,22:36,4319.76,4320.98,4319.47,4319.57,674
2025.12.31,22:37,4319.51,4321.10,4318.78,4319.58,492
2025.12.31,22:38,4319.56,4320.40,4318.66,4319.18,550
2025.12.31,22:39,4319.16,4319.64,4317.32,4317.53,583
2025.12.31,22:40,4317.52,4319.02,4316.94,4318.60,553
2025.12.31,22:41,4318.74,4319.65,4317.55,4318.57,509
2025.12.31,22:42,4318.41,4323.51,4318.02,4322.00,587
2025.12.31,22:43,4321.86,4324.55,4320.68,4320.72,584
2025.12.31,22:44,4320.73,4321.63,4320.05,4321.13,423
2025.12.31,22:45,4321.12,4321.86,4318.78,4319.11,434
2025.12.31,22:46,4319.12,4319.12,4316.85,4317.50,472
2025.12.31,22:47,4317.25,4317.46,4315.37,4316.29,570
2025.12.31,22:48,4316.30,4316.79,4315.27,4316.12,404
2025.12.31,22:49,4316.03,4317.08,4315.76,4316.09,337
2025.12.31,22:50,4316.08,4316.33,4313.86,4314.25,493
2025.12.31,22:51,4314.27,4314.47,4311.95,4312.60,410
2025.12.31,22:52,4312.53,4313.24,4307.35,4308.21,608
2025.12.31,22:53,4308.17,4308.79,4306.76,4308.74,644
2025.12.31,22:54,4308.75,4311.00,4308.72,4310.42,657
2025.12.31,22:55,4310.43,4315.59,4309.63,4313.39,933
2025.12.31,22:56,4313.34,4314.52,4311.26,4312.07,716
2025.12.31,22:57,4312.08,4314.69,4311.83,4313.08,752
2025.12.31,22:58,4313.18,4313.63,4310.45,4312.73,1013
2025.12.31,22:59,4312.71,4313.51,4311.96,4313.18,454
2025.12.31,23:00,4313.23,4314.60,4312.72,4312.83,472
2025.12.31,23:01,4312.97,4314.67,4311.81,4312.45,451
2025.12.31,23:02,4312.44,4312.67,4311.46,4311.68,278
2025.12.31,23:03,4311.71,4313.97,4311.71,4312.80,312
2025.12.31,23:04,4312.74,4312.98,4312.55,4312.72,109
2025.12.31,23:05,4312.76,4312.76,4311.52,4311.57,192
2025.12.31,23:06,4311.60,4311.63,4310.59,4310.65,91
2025.12.31,23:07,4310.61,4312.07,4310.56,4311.58,182
2025.12.31,23:08,4311.59,4312.43,4310.88,4311.91,231
2025.12.31,23:09,4311.89,4313.31,4311.85,4312.90,266
2025.12.31,23:10,4312.91,4313.17,4312.17,4312.92,198
2025.12.31,23:11,4312.91,4314.31,4312.78,4313.99,208
2025.12.31,23:12,4313.76,4314.07,4313.22,4313.47,113
2025.12.31,23:13,4313.31,4313.74,4312.58,4312.85,126
2025.12.31,23:14,4312.73,4313.24,4312.60,4313.11,95
2025.12.31,23:15,4313.13,4313.21,4310.40,4310.76,170
2025.12.31,23:16,4310.76,4311.48,4310.76,4310.84,97
2025.12.31,23:17,4310.85,4311.07,4309.98,4310.01,160
2025.12.31,23:18,4309.96,4309.96,4308.56,4309.35,181
2025.12.31,23:19,4309.24,4309.93,4309.20,4309.84,153
2025.12.31,23:20,4309.90,4311.40,4309.49,4310.54,226
2025.12.31,23:21,4310.68,4311.06,4309.80,4310.28,204
2025.12.31,23:22,4310.33,4310.68,4309.84,4310.26,159
2025.12.31,23:23,4310.05,4310.08,4307.16,4307.33,225
2025.12.31,23:24,4307.12,4308.08,4307.10,4307.93,186
2025.12.31,23:25,4307.90,4309.09,4307.53,4308.94,141
2025.12.31,23:26,4308.99,4309.02,4308.51,4308.59,100
2025.12.31,23:27,4308.58,4309.21,4308.18,4309.19,61
2025.12.31,23:28,4309.15,4309.18,4308.88,4308.93,59
2025.12.31,23:29,4308.95,4309.97,4308.09,4309.97,237
2025.12.31,23:30,4309.95,4310.03,4309.31,4310.00,65
2025.12.31,23:31,4309.84,4310.69,4309.55,4310.60,138
2025.12.31,23:32,4310.61,4311.66,4310.55,4311.66,84
2025.12.31,23:33,4311.49,4311.54,4310.89,4311.00,94
2025.12.31,23:34,4310.99,4312.39,4310.99,4312.06,128
2025.12.31,23:35,4312.01,4312.48,4311.50,4312.19,105
2025.12.31,23:36,4312.19,4314.07,4312.10,4313.88,161
2025.12.31,23:37,4313.89,4314.15,4313.45,4313.65,113
2025.12.31,23:38,4313.64,4315.15,4313.58,4314.91,126
2025.12.31,23:39,4314.92,4315.90,4314.91,4315.90,121
2025.12.31,23:40,4315.63,4315.95,4314.77,4315.62,122
2025.12.31,23:41,4315.61,4316.29,4314.80,4315.89,210
2025.12.31,23:42,4315.90,4316.47,4314.82,4315.08,267
2025.12.31,23:43,4315.03,4315.05,4314.19,4314.54,130
2025.12.31,23:44,4314.44,4315.22,4314.44,4314.67,109
2025.12.31,23:45,4314.71,4316.29,4314.49,4315.56,178
2025.12.31,23:46,4315.57,4316.11,4315.29,4315.65,82
2025.12.31,23:47,4315.63,4315.65,4314.67,4315.02,142
2025.12.31,23:48,4315.01,4315.42,4314.39,4314.84,161
2025.12.31,23:49,4314.81,4315.02,4313.51,4314.49,160
2025.12.31,23:50,4314.45,4315.60,4314.15,4315.25,146
2025.12.31,23:51,4315.22,4315.61,4314.43,4314.74,116
2025.12.31,23:52,4314.79,4315.30,4314.44,4314.61,120
2025.12.31,23:53,4314.58,4316.81,4314.23,4316.21,318
2025.12.31,23:54,4316.27,4317.37,4315.33,4317.37,231
2025.12.31,23:55,4317.54,4318.62,4316.84,4316.93,145
2025.12.31,23:56,4316.96,4318.41,4316.96,4318.38,113
2025.12.31,23:57,4318.50,4318.54,4317.54,4318.24,66
2026.01.02,01:00,4331.51,4333.81,4326.90,4329.16,240
2026.01.02,01:01,4329.36,4332.45,4328.73,4329.78,194
2026.01.02,01:02,4329.49,4330.82,4328.57,4330.69,125
2026.01.02,01:03,4330.60,4330.60,4325.81,4326.70,114
2026.01.02,01:04,4326.44,4328.18,4324.04,4327.91,116
2026.01.02,01:05,4328.21,4330.99,4327.49,4330.10,140
2026.01.02,01:06,4330.09,4330.70,4329.78,4330.70,90
2026.01.02,01:07,4330.42,4331.08,4329.53,4329.84,71
2026.01.02,01:08,4329.79,4330.42,4329.63,4330.24,65
2026.01.02,01:09,4330.32,4333.64,4330.30,4333.16,171
2026.01.02,01:10,4333.30,4333.49,4330.46,4332.74,162
2026.01.02,01:11,4332.84,4334.67,4332.56,4334.54,157
2026.01.02,01:12,4334.39,4335.25,4328.92,4329.62,423
2026.01.02,01:13,4329.58,4331.73,4329.58,4331.02,227
2026.01.02,01:14,4331.04,4331.16,4330.25,4330.54,127
2026.01.02,01:15,4330.41,4330.70,4327.69,4330.55,319
2026.01.02,01:16,4330.59,4332.29,4330.50,4331.76,173
2026.01.02,01:17,4332.07,4333.69,4331.84,4332.66,192
2026.01.02,01:18,4332.60,4333.25,4331.67,4333.08,125
2026.01.02,01:19,4333.14,4334.27,4332.66,4334.03,173
2026.01.02,01:20,4334.07,4334.24,4333.21,4333.72,95
2026.01.02,01:21,4333.87,4335.10,4332.63,4335.10,149
2026.01.02,01:22,4335.25,4337.60,4334.67,4337.21,232
2026.01.02,01:23,4337.20,4340.10,4337.15,4339.11,362
2026.01.02,01:24,4339.04,4340.62,4338.28,4339.60,270
2026.01.02,01:25,4339.81,4342.11,4337.58,4340.26,346
2026.01.02,01:26,4340.34,4343.03,4339.83,4341.53,522
2026.01.02,01:27,4341.65,4342.28,4340.51,4341.02,189
2026.01.02,01:28,4340.90,4341.53,4339.87,4341.43,98
2026.01.02,01:29,4341.15,4341.86,4338.30,4340.45,194
2026.01.02,01:30,4340.72,4341.99,4339.82,4340.45,230
2026.01.02,01:31,4340.18,4341.40,4340.18,4340.52,186
2026.01.02,01:32,4340.46,4341.28,4339.54,4339.59,156
2026.01.02,01:33,4339.29,4340.40,4339.29,4339.71,151
2026.01.02,01:34,4339.63,4341.02,4339.20,4340.66,101
2026.01.02,01:35,4340.65,4343.60,4339.79,4343.53,418
2026.01.02,01:36,4343.26,4343.69,4340.36,4341.22,383
2026.01.02,01:37,4341.14,4342.04,4339.94,4340.48,465
2026.01.02,01:38,4340.33,4341.63,4339.02,4340.76,465
2026.01.02,01:39,4340.81,4341.08,4339.00,4339.59,312
2026.01.02,01:40,4339.60,4339.71,4338.26,4339.14,282
2026.01.02,01:41,4339.13,4340.84,4339.05,4339.42,105
2026.01.02,01:42,4339.40,4342.00,4339.39,4341.38,128
2026.01.02,01:43,4341.31,4342.54,4341.21,4342.20,85
2026.01.02,01:44,4342.19,4345.22,4342.05,4345.21,307
2026.01.02,01:45,4345.37,4345.37,4342.79,4343.37,211
2026.01.02,01:46,4343.55,4344.19,4342.23,4343.52,191
2026.01.02,01:47,4343.56,4343.81,4341.89,4343.30,150
2026.01.02,01:48,4343.42,4345.75,4343.30,4344.08,201
2026.01.02,01:49,4344.21,4344.21,4342.53,4342.73,138
2026.01.02,01:50,4342.77,4343.92,4341.98,4343.84,162
2026.01.02,01:51,4343.75,4344.14,4341.92,4343.16,217
2026.01.02,01:52,4343.17,4344.02,4341.56,4343.47,288
2026.01.02,01:53,4343.50,4344.49,4341.33,4342.80,370
2026.01.02,01:54,4343.08,4347.49,4342.41,4347.32,340
2026.01.02,01:55,4347.35,4348.79,4346.23,4348.38,312
2026.01.02,01:56,4348.37,4349.21,4346.62,4349.11,287
2026.01.02,01:57,4349.10,4351.52,4349.10,4349.31,281
2026.01.02,01:58,4349.44,4349.79,4347.30,4349.05,228
2026.01.02,01:59,4349.10,4351.03,4348.15,4348.18,389
2026.01.02,02:00,4348.17,4349.06,4345.94,4346.85,337
2026.01.02,02:01,4346.87,4346.92,4345.09,4346.23,197
2026.01.02,02:02,4346.30,4347.40,4345.23,4345.82,218
2026.01.02,02:03,4345.84,4346.81,4345.84,4346.44,80
2026.01.02,02:04,4346.36,4347.61,4345.74,4346.38,188
2026.01.02,02:05,4346.44,4346.48,4344.43,4345.01,229
2026.01.02,02:06,4345.09,4346.67,4345.07,4346.43,203
2026.01.02,02:07,4346.39,4348.01,4346.39,4347.60,183
2026.01.02,02:08,4347.61,4348.07,4346.19,4347.96,258
2026.01.02,02:09,4347.71,4350.36,4347.62,4349.89,269
2026.01.02,02:10,4349.90,4353.16,4349.35,4350.44,602
2026.01.02,02:11,4350.49,4350.49,4347.46,4348.01,332
2026.01.02,02:12,4348.32,4349.85,4347.99,4349.45,234
2026.01.02,02:13,4349.48,4349.57,4348.30,4348.66,216
2026.01.02,02:14,4348.62,4348.70,4347.74,4347.90,171
2026.01.02,02:15,4347.92,4349.13,4347.82,4348.35,235
2026.01.02,02:16,4348.34,4349.28,4347.98,4349.25,198
2026.01.02,02:17,4349.24,4349.26,4346.44,4346.67,264
2026.01.02,02:18,4346.61,4348.30,4346.30,4347.82,202
2026.01.02,02:19,4347.82,4347.82,4344.53,4344.65,228
2026.01.02,02:20,4344.63,4345.61,4343.85,4345.44,420
2026.01.02,02:21,4345.46,4347.56,4344.76,4346.78,363
2026.01.02,02:22,4346.79,4346.81,4345.43,4346.52,226
2026.01.02,02:23,4346.54,4346.57,4344.70,4345.38,200
2026.01.02,02:24,4345.39,4345.39,4342.36,4343.36,440
2026.01.02,02:25,4343.42,4343.64,4341.66,4342.28,299
2026.01.02,02:26,4342.32,4342.53,4341.07,4341.36,195
2026.01.02,02:27,4341.66,4345.71,4341.55,4345.32,361
2026.01.02,02:28,4345.32,4346.59,4345.22,4346.33,210
2026.01.02,02:29,4346.38,4347.51,4345.98,4347.10,202
2026.01.02,02:30,4347.17,4348.49,4346.97,4347.77,307
2026.01.02,02:31,4347.85,4348.14,4346.78,4347.50,232
2026.01.02,02:32,4347.51,4349.30,4347.42,4349.00,142
2026.01.02,02:33,4348.95,4348.95,4347.41,4347.57,357
2026.01.02,02:34,4347.57,4348.48,4346.93,4348.31,390
2026.01.02,02:35,4348.32,4349.29,4347.47,4348.84,383
2026.01.02,02:36,4348.91,4349.26,4347.81,4348.24,325
2026.01.02,02:37,4348.21,4349.31,4348.11,4349.13,347
2026.01.02,02:38,4349.13,4350.71,4348.71,4349.11,641
2026.01.02,02:39,4349.42,4350.45,4348.14,4348.59,351
2026.01.02,02:40,4348.66,4348.70,4347.51,4347.79,380
2026.01.02,02:41,4347.78,4347.79,4346.32,4347.59,398
2026.01.02,02:42,4347.62,4350.85,4347.62,4349.95,488
2026.01.02,02:43,4349.98,4350.06,4348.90,4349.47,359
2026.01.02,02:44,4349.45,4350.12,4348.38,4349.50,674
2026.01.02,02:45,4349.52,4353.07,4349.45,4352.55,918
2026.01.02,02:46,4352.46,4353.47,4351.72,4352.03,509
2026.01.02,02:47,4352.06,4352.07,4351.08,4351.40,281
2026.01.02,02:48,4351.50,4352.47,4351.00,4352.40,304
2026.01.02,02:49,4352.42,4352.49,4351.41,4351.89,248
2026.01.02,02:50,4351.84,4353.18,4350.64,4351.37,602
2026.01.02,02:51,4351.36,4352.78,4351.35,4351.59,408
2026.01.02,02:52,4351.55,4352.08,4351.25,4351.83,269
2026.01.02,02:53,4351.72,4351.93,4351.02,4351.79,318
2026.01.02,02:54,4351.74,4352.42,4351.64,4352.36,232
2026.01.02,02:55,4352.37,4352.46,4351.02,4351.18,178
2026.01.02,02:56,4351.13,4354.72,4350.98,4354.67,616
2026.01.02,02:57,4354.62,4356.34,4354.23,4354.79,415
2026.01.02,02:58,4354.83,4354.83,4353.15,4353.77,209
2026.01.02,02:59,4353.75,4354.55,4353.40,4354.09,218
2026.01.02,03:00,4354.07,4356.03,4353.05,4355.26,686
2026.01.02,03:01,4355.36,4355.36,4352.73,4353.14,418
2026.01.02,03:02,4353.30,4353.98,4352.87,4353.60,286
2026.01.02,03:03,4353.61,4354.00,4350.76,4350.87,689
2026.01.02,03:04,4350.89,4351.05,4347.21,4347.88,533
2026.01.02,03:05,4347.90,4350.32,4347.61,4349.76,906
2026.01.02,03:06,4349.77,4349.77,4348.50,4348.55,278
2026.01.02,03:07,4348.59,4349.51,4346.06,4346.06,748
2026.01.02,03:08,4346.10,4347.14,4345.40,4345.84,612
2026.01.02,03:09,4345.80,4348.18,4345.13,4346.21,650
2026.01.02,03:10,4346.19,4349.22,4346.05,4349.16,526
2026.01.02,03:11,4349.17,4350.35,4348.66,4350.07,440
2026.01.02,03:12,4350.06,4350.36,4349.01,4349.38,311
2026.01.02,03:13,4349.40,4351.04,4349.27,4350.65,441
2026.01.02,03:14,4350.65,4350.80,4345.82,4346.46,518
2026.01.02,03:15,4346.47,4347.01,4345.15,4345.60,463
2026.01.02,03:16,4345.61,4347.79,4345.18,4347.64,446
2026.01.02,03:17,4347.65,4348.38,4347.15,4348.23,324
2026.01.02,03:18,4348.18,4348.77,4347.73,4348.44,313
2026.01.02,03:19,4348.43,4349.74,4348.11,4349.01,628
2026.01.02,03:20,4349.11,4349.69,4347.53,4347.96,360
2026.01.02,03:21,4347.91,4348.11,4345.97,4346.33,722
2026.01.02,03:22,4346.29,4349.04,4346.29,4348.50,529
2026.01.02,03:23,4348.56,4348.70,4346.28,4347.97,585
2026.01.02,03:24,4347.93,4348.06,4346.28,4346.33,346
2026.01.02,03:25,4346.30,4346.61,4344.59,4345.36,673
2026.01.02,03:26,4345.37,4346.71,4344.84,4345.38,992
2026.01.02,03:27,4345.19,4347.14,4345.19,4346.90,787
2026.01.02,03:28,4346.89,4348.27,4346.28,4347.99,471
2026.01.02,03:29,4347.87,4349.59,4347.79,4349.14,453
2026.01.02,03:30,4349.18,4350.63,4348.89,4349.59,574
2026.01.02,03:31,4349.56,4351.33,4349.50,4349.85,641
2026.01.02,03:32,4349.90,4350.49,4348.69,4350.04,677
2026.01.02,03:33,4350.03,4351.39,4350.01,4350.96,494
2026.01.02,03:34,4350.92,4351.05,4349.18,4349.67,357
2026.01.02,03:35,4349.69,4351.41,4349.44,4350.21,569
2026.01.02,03:36,4350.27,4350.78,4348.55,4348.91,425
2026.01.02,03:37,4348.88,4349.32,4348.08,4348.59,323
2026.01.02,03:38,4348.55,4349.63,4348.36,4349.06,272
2026.01.02,03:39,4348.96,4349.66,4348.60,4348.81,514
2026.01.02,03:40,4348.78,4349.75,4347.98,4348.11,728
2026.01.02,03:41,4348.21,4349.10,4345.97,4346.58,713
2026.01.02,03:42,4346.59,4347.37,4345.98,4346.76,329
2026.01.02,03:43,4346.79,4347.26,4345.89,4346.19,292
2026.01.02,03:44,4346.24,4347.23,4345.55,4346.66,386
2026.01.02,03:45,4346.74,4348.09,4345.76,4347.97,354
2026.01.02,03:46,4347.84,4347.84,4346.49,4346.91,277
2026.01.02,03:47,4346.90,4350.13,4346.40,4349.96,423
2026.01.02,03:48,4350.16,4350.46,4349.30,4350.22,380
2026.01.02,03:49,4350.25,4352.14,4350.15,4352.07,423
2026.01.02,03:50,4352.09,4353.82,4351.81,4353.13,487
2026.01.02,03:51,4353.14,4354.31,4351.71,4351.84,569
2026.01.02,03:52,4351.72,4353.08,4351.21,4352.28,432
2026.01.02,03:53,4352.47,4352.66,4350.54,4351.63,453
2026.01.02,03:54,4351.27,4352.70,4350.19,4350.26,388
2026.01.02,03:55,4350.23,4350.33,4349.12,4349.23,295
2026.01.02,03:56,4349.22,4350.13,4348.78,4349.76,243
2026.01.02,03:57,4349.78,4350.67,4349.16,4349.16,265
2026.01.02,03:58,4349.20,4349.68,4348.26,4348.55,206
2026.01.02,03:59,4348.46,4348.94,4347.60,4347.91,302
2026.01.02,04:00,4347.81,4348.79,4347.53,4348.55,206
2026.01.02,04:01,4348.55,4349.79,4348.55,4349.39,251
2026.01.02,04:02,4349.48,4350.89,4348.28,4350.38,367
2026.01.02,04:03,4350.39,4351.97,4350.11,4351.35,263
2026.01.02,04:04,4351.37,4351.37,4349.74,4349.97,223
2026.01.02,04:05,4350.01,4350.01,4347.81,4348.97,404
2026.01.02,04:06,4348.71,4349.42,4347.88,4348.78,246
2026.01.02,04:07,4348.75,4349.43,4347.92,4348.33,208
2026.01.02,04:08,4348.36,4348.39,4346.72,4347.10,250
2026.01.02,04:09,4347.13,4347.79,4346.77,4347.74,216
2026.01.02,04:10,4347.77,4347.82,4346.68,4346.91,211
2026.01.02,04:11,4346.92,4347.52,4346.46,4347.21,282
2026.01.02,04:12,4347.23,4347.23,4346.38,4346.76,228
2026.01.02,04:13,4346.73,4346.93,4345.45,4346.23,265
2026.01.02,04:14,4346.20,4346.90,4345.69,4346.84,264
2026.01.02,04:15,4346.87,4347.38,4346.16,4346.16,235
2026.01.02,04:16,4346.26,4346.51,4345.52,4345.78,278
2026.01.02,04:17,4345.77,4345.81,4345.01,4345.46,422
2026.01.02,04:18,4345.44,4347.89,4345.44,4347.52,358
2026.01.02,04:19,4347.58,4347.78,4346.51,4347.48,444
2026.01.02,04:20,4347.47,4347.74,4345.37,4345.93,268
2026.01.02,04:21,4345.85,4346.54,4344.73,4344.91,312
2026.01.02,04:22,4344.93,4346.44,4344.93,4346.21,244
2026.01.02,04:23,4346.20,4346.77,4345.06,4346.18,432
2026.01.02,04:24,4346.06,4347.18,4346.06,4346.40,352
2026.01.02,04:25,4346.49,4346.98,4344.78,4346.82,423
2026.01.02,04:26,4346.87,4348.18,4345.82,4347.90,554
2026.01.02,04:27,4347.91,4348.40,4345.37,4345.50,638
2026.01.02,04:28,4345.64,4347.45,4344.93,4346.86,773
2026.01.02,04:29,4346.73,4348.07,4346.36,4347.69,454
2026.01.02,04:30,4347.66,4350.85,4347.19,4347.59,615
2026.01.02,04:31,4347.58,4348.22,4345.69,4345.85,368
2026.01.02,04:32,4345.89,4348.23,4345.81,4347.17,255
2026.01.02,04:33,4347.16,4348.49,4346.77,4347.26,328
2026.01.02,04:34,4347.24,4347.28,4345.44,4346.81,412
2026.01.02,04:35,4346.82,4351.64,4346.82,4351.47,1162
2026.01.02,04:36,4351.45,4352.70,4351.38,4351.53,723
2026.01.02,04:37,4351.55,4351.87,4350.77,4351.72,362
2026.01.02,04:38,4351.68,4353.31,4350.80,4353.06,461
2026.01.02,04:39,4352.99,4353.18,4351.76,4352.18,284
2026.01.02,04:40,4352.13,4352.43,4351.11,4351.44,339
2026.01.02,04:41,4351.41,4352.43,4350.92,4352.02,408
2026.01.02,04:42,4352.01,4352.01,4351.25,4351.70,222
2026.01.02,04:43,4351.62,4351.82,4350.62,4350.65,259
2026.01.02,04:44,4350.66,4352.10,4350.66,4351.40,265
2026.01.02,04:45,4351.15,4351.82,4351.12,4351.78,241
2026.01.02,04:46,4351.79,4353.08,4351.66,4352.93,198
2026.01.02,04:47,4352.95,4353.06,4352.00,4352.82,376
2026.01.02,04:48,4352.91,4355.58,4352.84,4355.29,472
2026.01.02,04:49,4355.30,4355.62,4354.27,4354.97,459
2026.01.02,04:50,4354.94,4357.95,4354.75,4357.67,620
2026.01.02,04:51,4357.61,4360.01,4357.60,4359.44,541
2026.01.02,04:52,4359.32,4359.65,4357.75,4358.63,485
2026.01.02,04:53,4358.57,4359.83,4358.33,4359.45,350
2026.01.02,04:54,4359.44,4359.93,4358.88,4359.30,325
2026.01.02,04:55,4359.33,4360.83,4357.95,4358.44,794
2026.01.02,04:56,4358.28,4361.72,4358.17,4361.60,816
2026.01.02,04:57,4361.68,4362.63,4360.85,4361.57,970
2026.01.02,04:58,4361.56,4362.03,4361.41,4361.62,875
2026.01.02,04:59,4361.80,4363.01,4361.23,4362.74,495
2026.01.02,05:00,4362.67,4364.30,4362.02,4362.48,441
2026.01.02,05:01,4362.40,4364.09,4362.06,4363.92,379
2026.01.02,05:02,4363.91,4364.32,4363.07,4363.71,276
2026.01.02,05:03,4363.70,4364.62,4363.05,4364.07,342
2026.01.02,05:04,4364.07,4364.19,4363.54,4363.88,222
2026.01.02,05:05,4363.89,4364.36,4363.82,4364.13,129
2026.01.02,05:06,4364.09,4366.27,4363.96,4365.66,394
2026.01.02,05:07,4365.61,4366.46,4365.45,4365.81,253
2026.01.02,05:08,4365.78,4366.16,4365.57,4365.95,211
2026.01.02,05:09,4365.96,4366.02,4364.30,4365.24,369
2026.01.02,05:10,4365.24,4367.58,4365.14,4366.99,366
2026.01.02,05:11,4366.99,4367.40,4366.25,4367.17,346
2026.01.02,05:12,4367.27,4368.76,4366.91,4368.60,357
2026.01.02,05:13,4368.58,4371.47,4368.38,4370.71,447
2026.01.02,05:14,4370.60,4371.72,4368.79,4368.85,556
2026.01.02,05:15,4368.82,4369.00,4366.17,4366.57,533
2026.01.02,05:16,4366.53,4367.62,4365.94,4367.27,643
2026.01.02,05:17,4367.27,4367.73,4365.57,4365.94,311
2026.01.02,05:18,4365.93,4367.12,4365.45,4366.89,361
2026.01.02,05:19,4366.89,4367.07,4365.93,4366.61,198
2026.01.02,05:20,4366.57,4368.59,4366.31,4366.48,283
2026.01.02,05:21,4366.42,4367.48,4365.55,4367.40,416
2026.01.02,05:22,4367.39,4367.52,4366.42,4367.25,181
2026.01.02,05:23,4367.23,4369.38,4366.91,4368.61,365
2026.01.02,05:24,4368.61,4370.68,4368.25,4369.52,364
2026.01.02,05:25,4369.55,4369.99,4367.68,4368.24,615
2026.01.02,05:26,4368.31,4368.84,4367.41,4367.92,402
2026.01.02,05:27,4367.91,4369.17,4367.58,4368.53,270
2026.01.02,05:28,4368.54,4369.09,4368.32,4368.49,203
2026.01.02,05:29,4368.52,4369.23,4368.40,4369.04,169
2026.01.02,05:30,4369.05,4369.94,4368.88,4369.48,195
2026.01.02,05:31,4369.47,4369.81,4368.97,4369.60,343
2026.01.02,05:32,4369.62,4369.91,4368.41,4368.55,323
2026.01.02,05:33,4368.53,4369.45,4367.85,4369.21,553
2026.01.02,05:34,4369.24,4373.13,4369.14,4371.09,896
2026.01.02,05:35,4371.04,4372.10,4369.46,4370.08,888
2026.01.02,05:36,4370.09,4371.89,4369.94,4370.86,508
2026.01.02,05:37,4370.82,4371.86,4370.28,4371.21,324
2026.01.02,05:38,4371.34,4371.56,4370.15,4371.08,338
2026.01.02,05:39,4371.10,4371.59,4370.38,4371.53,242
2026.01.02,05:40,4370.93,4372.80,4370.56,4372.59,400
2026.01.02,05:41,4372.53,4373.40,4371.48,4372.90,640
2026.01.02,05:42,4372.91,4374.74,4372.49,4373.74,452
2026.01.02,05:43,4373.80,4373.91,4372.37,4373.43,260
2026.01.02,05:44,4373.44,4373.86,4372.39,4373.70,261
2026.01.02,05:45,4373.72,4373.80,4372.55,4373.24,242
2026.01.02,05:46,4373.21,4374.19,4372.81,4372.82,329
2026.01.02,05:47,4372.84,4373.95,4372.79,4373.85,203
2026.01.02,05:48,4373.84,4375.84,4373.60,4375.14,597
2026.01.02,05:49,4375.09,4376.06,4372.93,4373.51,425
2026.01.02,05:50,4373.50,4373.63,4372.46,4373.13,303
2026.01.02,05:51,4372.88,4374.99,4372.88,4374.00,598
2026.01.02,05:52,4373.96,4374.92,4373.58,4373.96,502
2026.01.02,05:53,4373.97,4375.53,4373.22,4373.28,397
2026.01.02,05:54,4373.17,4374.60,4372.65,4373.92,598
2026.01.02,05:55,4373.91,4374.72,4372.64,4372.83,805
2026.01.02,05:56,4372.79,4373.44,4371.76,4372.45,711
2026.01.02,05:57,4372.38,4374.03,4372.00,4373.05,394
2026.01.02,05:58,4373.08,4374.97,4372.96,4373.91,364
2026.01.02,05:59,4373.83,4375.66,4373.83,4375.14,298
2026.01.02,06:00,4375.17,4375.41,4373.79,4374.04,361
2026.01.02,06:01,4373.95,4377.13,4373.94,4376.78,524
2026.01.02,06:02,4376.87,4377.13,4374.92,4376.89,314
2026.01.02,06:03,4376.95,4377.97,4376.30,4376.81,249
2026.01.02,06:04,4376.79,4377.70,4376.57,4377.41,349
2026.01.02,06:05,4377.42,4377.63,4375.98,4376.99,498
2026.01.02,06:06,4376.98,4377.95,4376.10,4377.43,474
2026.01.02,06:07,4377.34,4378.60,4377.22,4378.36,673
2026.01.02,06:08,4378.35,4378.46,4376.78,4377.23,265
2026.01.02,06:09,4377.22,4377.22,4375.59,4375.61,211
2026.01.02,06:10,4375.83,4376.35,4374.74,4375.56,361
2026.01.02,06:11,4375.57,4376.38,4375.44,4376.26,275
2026.01.02,06:12,4376.34,4377.45,4375.46,4376.44,357
2026.01.02,06:13,4376.46,4376.50,4374.50,4374.50,274
2026.01.02,06:14,4374.53,4375.33,4374.47,4374.81,395
2026.01.02,06:15,4374.76,4375.21,4373.78,4374.53,427
2026.01.02,06:16,4374.54,4375.51,4374.33,4374.85,313
2026.01.02,06:17,4374.87,4375.79,4374.79,4375.36,230
2026.01.02,06:18,4375.24,4375.68,4374.58,4374.62,467
2026.01.02,06:19,4374.65,4375.32,4374.26,4375.04,383
2026.01.02,06:20,4375.04,4375.43,4374.58,4374.72,239
2026.01.02,06:21,4374.74,4374.91,4373.50,4373.97,424
2026.01.02,06:22,4373.87,4374.34,4372.36,4373.16,504
2026.01.02,06:23,4373.14,4373.34,4371.31,4372.16,692
2026.01.02,06:24,4372.14,4373.01,4371.34,4372.80,514
2026.01.02,06:25,4372.78,4373.89,4372.50,4373.43,250
2026.01.02,06:26,4373.16,4375.69,4373.16,4375.31,333
2026.01.02,06:27,4375.32,4375.63,4374.85,4375.13,261
2026.01.02,06:28,4375.12,4375.55,4373.58,4373.63,472
2026.01.02,06:29,4373.60,4373.83,4372.35,4373.53,556
2026.01.02,06:30,4373.59,4374.20,4373.15,4373.95,239
2026.01.02,06:31,4373.96,4374.71,4372.04,4372.20,232
2026.01.02,06:32,4372.21,4373.72,4371.35,4373.55,447
2026.01.02,06:33,4373.57,4373.77,4373.10,4373.60,320
2026.01.02,06:34,4373.61,4374.09,4372.90,4373.31,446
2026.01.02,06:35,4373.26,4373.26,4371.75,4372.74,560
2026.01.02,06:36,4372.77,4373.98,4372.51,4373.39,565
2026.01.02,06:37,4373.45,4373.45,4371.97,4373.16,411
2026.01.02,06:38,4373.12,4373.35,4371.99,4372.57,305
2026.01.02,06:39,4372.50,4373.27,4372.18,4373.06,329
2026.01.02,06:40,4373.11,4373.57,4372.69,4372.97,558
2026.01.02,06:41,4372.89,4373.25,4372.55,4373.08,243
2026.01.02,06:42,4373.06,4373.18,4372.52,4373.06,192
2026.01.02,06:43,4373.09,4374.65,4372.80,4374.17,342
2026.01.02,06:44,4374.14,4375.36,4373.95,4375.31,351
2026.01.02,06:45,4375.31,4375.69,4374.34,4375.57,306
2026.01.02,06:46,4375.55,4375.73,4374.27,4374.46,319
2026.01.02,06:47,4374.45,4374.91,4373.81,4373.98,208
2026.01.02,06:48,4374.03,4374.65,4373.73,4374.65,276
2026.01.02,06:49,4374.63,4375.37,4374.29,4374.64,290
2026.01.02,06:50,4374.66,4375.51,4374.05,4374.11,222
2026.01.02,06:51,4374.17,4374.21,4373.39,4373.77,242
2026.01.02,06:52,4373.77,4374.29,4372.19,4372.98,374
2026.01.02,06:53,4372.96,4373.26,4372.32,4373.17,292
2026.01.02,06:54,4373.23,4373.25,4372.54,4372.57,234
2026.01.02,06:55,4372.63,4372.73,4371.47,4372.36,459
2026.01.02,06:56,4372.37,4372.83,4371.86,4372.55,301
2026.01.02,06:57,4372.54,4372.67,4371.32,4371.73,263
2026.01.02,06:58,4371.76,4372.72,4371.73,4372.15,247
2026.01.02,06:59,4372.14,4373.35,4371.76,4373.28,168
2026.01.02,07:00,4373.33,4373.75,4372.38,4373.11,223
2026.01.02,07:01,4373.09,4373.17,4372.14,4372.45,308
2026.01.02,07:02,4372.41,4372.76,4370.56,4372.16,326
2026.01.02,07:03,4372.11,4372.40,4371.55,4371.89,260
2026.01.02,07:04,4372.07,4372.40,4371.10,4371.68,264
2026.01.02,07:05,4371.74,4372.83,4371.39,4372.68,281
2026.01.02,07:06,4372.69,4374.63,4372.27,4374.35,317
2026.01.02,07:07,4374.40,4376.21,4374.40,4375.85,211
2026.01.02,07:08,4375.82,4377.87,4375.12,4377.50,380
2026.01.02,07:09,4377.47,4377.90,4377.34,4377.49,150
2026.01.02,07:10,4377.54,4379.27,4377.19,4379.04,366
2026.01.02,07:11,4379.19,4380.12,4378.73,4379.61,495
2026.01.02,07:12,4379.61,4379.97,4378.44,4378.44,405
2026.01.02,07:13,4378.55,4378.79,4377.41,4378.01,355
2026.01.02,07:14,4378.02,4378.32,4377.41,4377.74,288
2026.01.02,07:15,4377.62,4378.85,4376.43,4377.94,523
2026.01.02,07:16,4377.91,4378.70,4376.55,4376.86,659
2026.01.02,07:17,4376.77,4378.96,4376.73,4378.55,356
2026.01.02,07:18,4378.68,4378.85,4377.09,4377.54,410
2026.01.02,07:19,4377.54,4378.07,4376.58,4376.86,403
2026.01.02,07:20,4376.91,4377.10,4374.98,4375.63,596
2026.01.02,07:21,4375.76,4377.42,4375.51,4376.05,360
2026.01.02,07:22,4376.05,4378.36,4375.76,4378.25,346
2026.01.02,07:23,4378.11,4380.31,4378.11,4380.06,529
2026.01.02,07:24,4380.05,4380.16,4378.13,4378.30,500
2026.01.02,07:25,4378.23,4378.34,4377.33,4377.86,296
2026.01.02,07:26,4377.87,4378.73,4377.48,4378.60,435
2026.01.02,07:27,4378.65,4378.73,4377.63,4378.30,428
2026.01.02,07:28,4378.28,4378.62,4377.88,4378.26,321
2026.01.02,07:29,4378.26,4378.44,4377.79,4378.41,257
2026.01.02,07:30,4378.40,4379.03,4378.00,4378.73,335
2026.01.02,07:31,4378.74,4378.74,4377.91,4378.37,218
2026.01.02,07:32,4378.40,4379.31,4378.11,4379.10,265
2026.01.02,07:33,4379.08,4379.53,4379.00,4379.21,296
2026.01.02,07:34,4379.16,4379.40,4378.49,4379.02,207
2026.01.02,07:35,4378.97,4379.56,4378.90,4379.34,270
2026.01.02,07:36,4379.16,4379.32,4377.99,4378.90,358
2026.01.02,07:37,4378.85,4379.07,4378.18,4378.78,228
2026.01.02,07:38,4378.79,4379.56,4378.67,4379.51,295
2026.01.02,07:39,4379.49,4379.88,4378.70,4379.43,218
2026.01.02,07:40,4379.40,4379.55,4378.68,4378.75,189
2026.01.02,07:41,4378.72,4378.88,4377.79,4377.83,152
2026.01.02,07:42,4377.85,4379.39,4377.76,4378.71,343
2026.01.02,07:43,4378.73,4379.02,4378.07,4378.83,269
2026.01.02,07:44,4378.84,4379.48,4378.67,4378.68,311
2026.01.02,07:45,4378.65,4379.60,4378.65,4379.02,214
2026.01.02,07:46,4379.04,4379.47,4378.53,4379.27,314
2026.01.02,07:47,4379.31,4379.47,4378.63,4378.78,203
2026.01.02,07:48,4378.82,4379.78,4378.30,4379.60,298
2026.01.02,07:49,4379.60,4379.89,4379.16,4379.42,336
2026.01.02,07:50,4379.41,4379.89,4379.22,4379.51,272
2026.01.02,07:51,4379.54,4379.89,4378.45,4378.62,204
2026.01.02,07:52,4378.61,4379.38,4378.61,4378.87,195
2026.01.02,07:53,4378.86,4379.68,4378.85,4379.31,110
2026.01.02,07:54,4379.30,4381.69,4379.05,4381.13,349
2026.01.02,07:55,4381.11,4381.76,4380.32,4380.73,504
2026.01.02,07:56,4380.76,4381.26,4380.56,4380.94,320
2026.01.02,07:57,4380.95,4381.40,4379.99,4380.15,262
2026.01.02,07:58,4380.20,4380.43,4379.62,4379.80,284
2026.01.02,07:59,4379.82,4381.07,4379.15,4380.63,348
2026.01.02,08:00,4380.63,4381.05,4379.00,4379.38,455
2026.01.02,08:01,4379.43,4379.43,4376.63,4377.84,499
2026.01.02,08:02,4377.76,4377.90,4376.81,4377.10,233
2026.01.02,08:03,4377.12,4377.66,4376.73,4377.15,346
2026.01.02,08:04,4377.18,4377.46,4376.49,4377.31,257
2026.01.02,08:05,4377.33,4377.51,4375.78,4375.82,412
2026.01.02,08:06,4375.76,4376.17,4374.89,4375.39,421
2026.01.02,08:07,4375.37,4375.63,4375.01,4375.26,269
2026.01.02,08:08,4375.21,4375.27,4374.63,4375.27,223
2026.01.02,08:09,4375.28,4375.35,4373.83,4374.84,369
2026.01.02,08:10,4374.85,4375.17,4374.28,4375.14,297
2026.01.02,08:11,4375.12,4376.60,4374.98,4376.23,302
2026.01.02,08:12,4376.40,4377.22,4376.03,4377.22,322
2026.01.02,08:13,4377.17,4377.74,4376.34,4376.67,530
2026.01.02,08:14,4376.49,4376.73,4374.65,4374.93,685
2026.01.02,08:15,4374.94,4375.41,4374.18,4374.71,677
2026.01.02,08:16,4374.72,4375.79,4373.49,4373.65,804
2026.01.02,08:17,4373.60,4374.91,4373.43,4374.67,626
2026.01.02,08:18,4374.50,4374.89,4373.65,4374.68,1132
2026.01.02,08:19,4374.71,4378.23,4374.63,4377.50,781
2026.01.02,08:20,4377.46,4378.80,4377.39,4377.75,863
2026.01.02,08:21,4377.69,4379.39,4377.54,4378.89,574
2026.01.02,08:22,4378.90,4379.00,4376.52,4376.64,792
2026.01.02,08:23,4376.66,4377.26,4376.15,4376.83,757
2026.01.02,08:24,4376.91,4378.86,4376.91,4377.98,563
2026.01.02,08:25,4377.99,4378.14,4377.46,4377.68,549
2026.01.02,08:26,4377.60,4378.00,4377.18,4377.61,458
2026.01.02,08:27,4377.59,4378.80,4377.26,4377.65,481
2026.01.02,08:28,4377.64,4380.08,4377.28,4379.26,460
2026.01.02,08:29,4379.30,4380.04,4378.85,4379.70,305
2026.01.02,08:30,4379.67,4379.79,4377.54,4378.66,351
2026.01.02,08:31,4378.65,4378.65,4377.68,4378.06,218
2026.01.02,08:32,4378.07,4379.14,4377.60,4378.07,426
2026.01.02,08:33,4378.05,4378.27,4376.80,4377.27,429
2026.01.02,08:34,4377.29,4378.61,4376.88,4378.39,419
2026.01.02,08:35,4378.38,4378.97,4377.69,4377.83,355
2026.01.02,08:36,4377.94,4378.39,4377.60,4378.04,251
2026.01.02,08:37,4378.02,4378.30,4377.12,4377.34,360
2026.01.02,08:38,4377.31,4377.52,4376.31,4377.20,315
2026.01.02,08:39,4377.21,4377.61,4376.26,4376.36,333
2026.01.02,08:40,4376.35,4376.56,4375.21,4375.51,415
2026.01.02,08:41,4375.52,4376.69,4375.52,4376.36,475
2026.01.02,08:42,4376.61,4377.03,4376.33,4376.65,345
2026.01.02,08:43,4376.65,4376.91,4375.36,4375.74,261
2026.01.02,08:44,4375.75,4376.07,4374.38,4374.40,265
2026.01.02,08:45,4374.37,4374.88,4373.44,4374.23,933
2026.01.02,08:46,4374.31,4374.88,4374.06,4374.50,668
2026.01.02,08:47,4374.48,4374.78,4374.12,4374.22,351
2026.01.02,08:48,4374.23,4376.03,4373.80,4375.60,569
2026.01.02,08:49,4375.59,4376.32,4375.41,4375.70,375
2026.01.02,08:50,4375.69,4375.90,4374.76,4374.94,502
2026.01.02,08:51,4374.98,4376.11,4373.04,4374.48,1231
2026.01.02,08:52,4374.52,4376.30,4374.46,4375.45,1001
2026.01.02,08:53,4375.42,4375.86,4374.40,4374.65,727
2026.01.02,08:54,4374.58,4374.63,4373.95,4374.34,608
2026.01.02,08:55,4374.36,4375.24,4373.42,4375.08,575
2026.01.02,08:56,4375.01,4375.63,4374.06,4374.38,526
2026.01.02,08:57,4374.32,4374.80,4373.64,4374.05,355
2026.01.02,08:58,4374.04,4375.71,4373.55,4375.11,380
2026.01.02,08:59,4375.13,4375.64,4374.49,4374.65,232
2026.01.02,09:00,4374.59,4375.38,4373.15,4373.83,373
2026.01.02,09:01,4373.85,4375.22,4373.55,4374.17,437
2026.01.02,09:02,4374.15,4376.01,4374.01,4374.85,349
2026.01.02,09:03,4375.10,4375.82,4373.59,4373.88,481
2026.01.02,09:04,4373.84,4374.32,4373.49,4373.95,503
2026.01.02,09:05,4373.94,4374.44,4373.80,4374.06,300
2026.01.02,09:06,4373.96,4375.28,4373.42,4374.79,356
2026.01.02,09:07,4374.83,4375.76,4373.83,4375.06,381
2026.01.02,09:08,4375.07,4375.11,4374.43,4374.82,193
2026.01.02,09:09,4375.01,4375.23,4373.03,4373.34,378
2026.01.02,09:10,4373.20,4374.40,4372.02,4372.81,623
2026.01.02,09:11,4372.80,4376.55,4372.37,4375.00,883
2026.01.02,09:12,4374.99,4376.24,4374.44,4375.07,419
2026.01.02,09:13,4375.09,4375.53,4374.73,4375.31,343
2026.01.02,09:14,4375.32,4378.07,4374.87,4376.98,753
2026.01.02,09:15,4376.83,4377.04,4375.88,4376.58,944
2026.01.02,09:16,4376.56,4377.61,4374.39,4375.15,1319
2026.01.02,09:17,4375.21,4375.35,4374.38,4375.14,884
2026.01.02,09:18,4375.14,4375.18,4374.21,4374.93,1187
2026.01.02,09:19,4374.97,4375.36,4374.24,4374.82,991
2026.01.02,09:20,4374.82,4375.66,4372.70,4373.39,1055
2026.01.02,09:21,4373.41,4374.01,4372.72,4373.82,457
2026.01.02,09:22,4373.74,4374.37,4372.93,4373.96,634
2026.01.02,09:23,4374.07,4374.52,4373.38,4373.61,366
2026.01.02,09:24,4373.51,4373.53,4371.99,4372.48,591
2026.01.02,09:25,4372.46,4374.06,4372.29,4373.64,1006
2026.01.02,09:26,4373.67,4374.80,4373.64,4374.12,641
2026.01.02,09:27,4374.10,4374.21,4373.13,4373.60,677
2026.01.02,09:28,4373.59,4374.72,4373.08,4374.64,601
2026.01.02,09:29,4374.58,4375.28,4373.57,4373.67,730
2026.01.02,09:30,4373.73,4374.68,4373.55,4373.72,358
2026.01.02,09:31,4373.74,4374.55,4372.14,4374.47,613
2026.01.02,09:32,4374.46,4376.64,4373.74,4376.62,526
2026.01.02,09:33,4376.57,4378.58,4376.27,4378.21,432
2026.01.02,09:34,4378.24,4380.06,4378.23,4378.84,437
2026.01.02,09:35,4378.85,4380.32,4378.59,4379.56,767
2026.01.02,09:36,4379.55,4380.28,4378.55,4379.91,599
2026.01.02,09:37,4379.85,4380.71,4379.62,4379.63,509
2026.01.02,09:38,4379.62,4379.97,4378.95,4379.53,391
2026.01.02,09:39,4379.62,4379.78,4378.97,4379.63,426
2026.01.02,09:40,4379.54,4379.69,4377.15,4377.34,418
2026.01.02,09:41,4377.33,4377.54,4376.27,4376.41,477
2026.01.02,09:42,4376.44,4376.98,4375.72,4376.19,305
2026.01.02,09:43,4376.18,4376.54,4375.64,4376.20,344
2026.01.02,09:44,4376.21,4376.31,4375.14,4375.67,449
2026.01.02,09:45,4375.59,4376.43,4375.14,4376.28,685
2026.01.02,09:46,4376.30,4377.80,4376.08,4377.35,1743
2026.01.02,09:47,4377.35,4377.47,4376.53,4376.74,1043
2026.01.02,09:48,4376.65,4377.56,4376.43,4377.32,1199
2026.01.02,09:49,4377.32,4377.66,4376.40,4376.93,1001
2026.01.02,09:50,4376.91,4377.50,4376.52,4376.63,1596
2026.01.02,09:51,4376.74,4378.86,4375.80,4378.81,550
2026.01.02,09:52,4378.80,4379.63,4378.52,4379.29,381
2026.01.02,09:53,4379.31,4381.30,4379.08,4381.08,435
2026.01.02,09:54,4380.91,4381.15,4380.17,4380.41,297
2026.01.02,09:55,4380.42,4381.21,4380.27,4380.91,728
2026.01.02,09:56,4380.93,4382.60,4380.49,4382.08,1100
2026.01.02,09:57,4382.19,4382.65,4381.10,4382.44,654
2026.01.02,09:58,4382.45,4383.32,4381.79,4382.80,407
2026.01.02,09:59,4382.76,4383.26,4382.31,4382.74,740
2026.01.02,10:00,4382.70,4384.04,4380.24,4382.98,743
2026.01.02,10:01,4382.97,4383.53,4382.17,4383.06,457
2026.01.02,10:02,4383.04,4384.74,4383.03,4383.94,663
2026.01.02,10:03,4383.95,4384.48,4383.03,4383.41,562
2026.01.02,10:04,4383.47,4383.74,4381.99,4382.77,599
2026.01.02,10:05,4382.76,4382.79,4381.46,4382.56,472
2026.01.02,10:06,4382.55,4384.60,4382.55,4384.36,335
2026.01.02,10:07,4384.38,4385.79,4384.28,4385.46,375
2026.01.02,10:08,4385.45,4385.78,4385.05,4385.22,207
2026.01.02,10:09,4385.23,4385.88,4384.32,4385.86,290
2026.01.02,10:10,4385.87,4385.88,4385.02,4385.72,242
2026.01.02,10:11,4385.73,4386.00,4385.18,4385.44,199
2026.01.02,10:12,4385.45,4386.49,4385.27,4386.28,173
2026.01.02,10:13,4386.33,4386.34,4383.97,4385.35,387
2026.01.02,10:14,4385.36,4386.09,4384.74,4385.01,382
2026.01.02,10:15,4385.02,4385.22,4383.68,4384.73,331
2026.01.02,10:16,4384.74,4385.27,4383.63,4384.93,236
2026.01.02,10:17,4385.06,4385.07,4383.93,4383.96,177
2026.01.02,10:18,4383.83,4383.87,4382.73,4383.87,358
2026.01.02,10:19,4383.88,4383.91,4382.56,4383.02,295
2026.01.02,10:20,4383.01,4383.90,4382.44,4382.74,396
2026.01.02,10:21,4382.73,4382.73,4381.59,4382.51,440
2026.01.02,10:22,4382.67,4382.72,4381.61,4381.97,377
2026.01.02,10:23,4382.01,4383.66,4381.91,4383.16,395
2026.01.02,10:24,4383.17,4383.56,4382.32,4383.55,339
2026.01.02,10:25,4383.29,4384.91,4383.18,4384.86,453
2026.01.02,10:26,4384.78,4384.89,4383.92,4384.29,514
2026.01.02,10:27,4384.27,4385.24,4383.77,4384.85,363
2026.01.02,10:28,4384.89,4385.77,4384.83,4385.47,401
2026.01.02,10:29,4385.46,4385.54,4384.35,4385.28,398
2026.01.02,10:30,4385.13,4386.23,4385.13,4385.91,440
2026.01.02,10:31,4385.90,4386.19,4384.88,4385.07,350
2026.01.02,10:32,4385.03,4385.23,4384.11,4384.50,315
2026.01.02,10:33,4384.49,4387.39,4384.39,4386.78,635
2026.01.02,10:34,4386.77,4389.31,4386.69,4388.77,744
2026.01.02,10:35,4388.75,4389.26,4387.55,4389.10,723
2026.01.02,10:36,4389.09,4389.21,4387.46,4387.54,475
2026.01.02,10:37,4387.50,4388.89,4387.40,4387.63,318
2026.01.02,10:38,4387.64,4389.24,4387.31,4388.66,660
2026.01.02,10:39,4388.63,4389.10,4388.51,4388.58,360
2026.01.02,10:40,4388.64,4388.78,4388.04,4388.19,515
2026.01.02,10:41,4388.17,4389.53,4387.98,4388.65,501
2026.01.02,10:42,4388.68,4389.54,4388.49,4388.60,1182
2026.01.02,10:43,4388.71,4389.64,4388.52,4389.43,1091
2026.01.02,10:44,4389.44,4390.43,4388.92,4390.27,1003
2026.01.02,10:45,4390.29,4391.63,4390.23,4391.21,744
2026.01.02,10:46,4391.20,4395.50,4391.10,4394.90,1068
2026.01.02,10:47,4394.90,4397.53,4394.83,4395.03,952
2026.01.02,10:48,4395.07,4396.75,4395.03,4395.60,813
2026.01.02,10:49,4395.69,4395.76,4394.28,4394.96,774
2026.01.02,10:50,4394.94,4394.96,4392.75,4394.02,553
2026.01.02,10:51,4394.04,4395.85,4393.00,4395.24,1028
2026.01.02,10:52,4395.21,4395.29,4392.38,4392.74,647
2026.01.02,10:53,4392.72,4393.37,4391.71,4392.59,511
2026.01.02,10:54,4392.59,4392.62,4391.52,4392.50,411
2026.01.02,10:55,4392.49,4392.87,4391.65,4392.54,300
2026.01.02,10:56,4392.52,4392.58,4391.21,4391.41,627
2026.01.02,10:57,4391.43,4391.71,4390.62,4390.79,421
2026.01.02,10:58,4390.77,4390.84,4389.52,4390.01,488
2026.01.02,10:59,4390.02,4390.02,4386.81,4387.04,907
2026.01.02,11:00,4386.86,4389.33,4386.22,4387.60,1101
2026.01.02,11:01,4387.59,4388.99,4386.99,4388.78,371
2026.01.02,11:02,4388.77,4389.56,4388.31,4389.14,516
2026.01.02,11:03,4389.18,4389.58,4388.08,4389.17,682
2026.01.02,11:04,4389.18,4389.39,4388.04,4388.55,844
2026.01.02,11:05,4388.57,4390.18,4388.10,4389.08,586
2026.01.02,11:06,4389.09,4389.14,4387.77,4388.37,721
2026.01.02,11:07,4388.33,4389.72,4387.71,4389.28,1037
2026.01.02,11:08,4389.40,4390.51,4389.29,4389.91,692
2026.01.02,11:09,4389.91,4391.10,4389.84,4390.91,768
2026.01.02,11:10,4390.92,4391.20,4389.84,4389.95,722
2026.01.02,11:11,4389.93,4390.40,4388.53,4388.83,728
2026.01.02,11:12,4388.82,4389.76,4388.47,4388.82,789
2026.01.02,11:13,4388.82,4389.19,4387.38,4388.26,790
2026.01.02,11:14,4388.28,4390.21,4388.23,4390.09,788
2026.01.02,11:15,4390.08,4391.35,4389.79,4391.09,735
2026.01.02,11:16,4391.07,4391.69,4390.72,4390.87,786
2026.01.02,11:17,4390.85,4391.20,4388.18,4388.72,845
2026.01.02,11:18,4388.69,4389.21,4387.73,4388.85,779
2026.01.02,11:19,4388.75,4389.58,4388.36,4388.57,764
2026.01.02,11:20,4388.55,4388.78,4386.40,4386.47,1059
2026.01.02,11:21,4386.47,4386.64,4383.96,4384.02,1458
2026.01.02,11:22,4384.04,4384.81,4383.38,4383.64,985
2026.01.02,11:23,4383.55,4385.80,4383.39,4385.47,1312
2026.01.02,11:24,4385.52,4386.27,4385.23,4386.13,609
2026.01.02,11:25,4386.19,4386.89,4385.91,4386.10,637
2026.01.02,11:26,4386.11,4386.47,4385.21,4385.58,1042
2026.01.02,11:27,4385.56,4386.58,4385.41,4386.03,468
2026.01.02,11:28,4386.04,4388.26,4385.94,4387.89,469
2026.01.02,11:29,4387.90,4388.90,4387.81,4388.77,338
2026.01.02,11:30,4388.79,4389.73,4388.69,4388.86,445
2026.01.02,11:31,4388.87,4389.02,4388.18,4388.53,358
2026.01.02,11:32,4388.49,4388.98,4388.28,4388.37,473
2026.01.02,11:33,4388.31,4389.24,4388.18,4388.96,323
2026.01.02,11:34,4388.95,4389.05,4388.20,4388.20,194
2026.01.02,11:35,4388.13,4389.02,4387.94,4388.56,274
2026.01.02,11:36,4388.55,4389.39,4388.26,4388.89,621
2026.01.02,11:37,4388.87,4389.06,4387.51,4387.58,304
2026.01.02,11:38,4387.60,4388.36,4386.73,4387.75,582
2026.01.02,11:39,4387.76,4388.16,4386.91,4387.04,492
2026.01.02,11:40,4387.09,4388.35,4386.79,4386.99,462
2026.01.02,11:41,4386.98,4388.43,4386.93,4388.20,650
2026.01.02,11:42,4388.13,4389.39,4387.84,4388.82,885
2026.01.02,11:43,4388.87,4388.95,4387.96,4388.21,756
2026.01.02,11:44,4388.14,4389.16,4388.11,4388.72,798
2026.01.02,11:45,4388.71,4389.14,4388.43,4388.67,560
2026.01.02,11:46,4388.68,4389.54,4388.64,4388.91,833
2026.01.02,11:47,4388.90,4389.39,4388.12,4388.31,847
2026.01.02,11:48,4388.33,4389.08,4387.90,4388.91,757
2026.01.02,11:49,4388.90,4388.94,4386.45,4388.16,515
2026.01.02,11:50,4388.17,4388.17,4386.88,4387.21,517
2026.01.02,11:51,4387.22,4388.26,4387.10,4388.12,410
2026.01.02,11:52,4388.07,4388.50,4387.58,4388.09,479
2026.01.02,11:53,4387.96,4388.63,4387.87,4388.46,536
2026.01.02,11:54,4388.56,4389.32,4387.97,4389.21,660
2026.01.02,11:55,4389.18,4389.32,4388.01,4388.07,1201
2026.01.02,11:56,4388.05,4388.05,4386.11,4386.48,635
2026.01.02,11:57,4386.63,4386.80,4386.11,4386.61,1099
2026.01.02,11:58,4386.43,4386.87,4386.04,4386.32,1291
2026.01.02,11:59,4386.38,4386.60,4385.02,4385.56,316
2026.01.02,12:00,4385.57,4386.16,4384.58,4385.41,467
2026.01.02,12:01,4385.49,4387.94,4385.48,4387.24,378
2026.01.02,12:02,4387.29,4387.86,4387.12,4387.66,441
2026.01.02,12:03,4387.60,4387.68,4386.89,4386.96,391
2026.01.02,12:04,4387.05,4388.01,4386.12,4387.89,391
2026.01.02,12:05,4387.91,4388.51,4387.14,4387.23,422
2026.01.02,12:06,4387.39,4387.81,4386.14,4386.51,525
2026.01.02,12:07,4386.52,4387.24,4386.11,4386.56,879
2026.01.02,12:08,4386.55,4387.94,4386.32,4387.70,795
2026.01.02,12:09,4387.68,4388.25,4386.47,4386.77,848
2026.01.02,12:10,4386.87,4388.19,4386.16,4387.85,741
2026.01.02,12:11,4387.80,4388.21,4387.67,4387.89,248
2026.01.02,12:12,4387.88,4388.03,4387.35,4387.93,955
2026.01.02,12:13,4387.93,4388.05,4387.14,4387.54,546
2026.01.02,12:14,4387.52,4388.25,4387.49,4388.14,276
2026.01.02,12:15,4388.23,4388.34,4386.17,4386.94,481
2026.01.02,12:16,4386.93,4387.51,4386.80,4387.19,272
2026.01.02,12:17,4387.20,4387.49,4386.79,4387.09,337
2026.01.02,12:18,4387.08,4387.97,4386.67,4387.65,570
2026.01.02,12:19,4387.62,4388.28,4386.91,4387.78,691
2026.01.02,12:20,4387.65,4390.47,4387.54,4390.10,518
2026.01.02,12:21,4389.93,4390.02,4389.29,4389.68,283
2026.01.02,12:22,4389.69,4389.99,4389.49,4389.80,293
2026.01.02,12:23,4389.81,4390.04,4389.21,4389.36,235
2026.01.02,12:24,4389.35,4389.77,4388.70,4388.97,432
2026.01.02,12:25,4388.96,4389.86,4387.67,4387.67,577
2026.01.02,12:26,4387.70,4388.41,4387.49,4387.71,545
2026.01.02,12:27,4387.76,4388.03,4385.62,4385.97,503
2026.01.02,12:28,4386.00,4387.12,4385.93,4386.57,469
2026.01.02,12:29,4386.56,4386.67,4385.82,4386.41,587
2026.01.02,12:30,4386.52,4387.40,4385.02,4385.02,508
2026.01.02,12:31,4385.43,4387.44,4385.18,4386.38,827
2026.01.02,12:32,4386.37,4387.12,4385.51,4386.66,1234
2026.01.02,12:33,4386.68,4388.42,4386.33,4387.66,700
2026.01.02,12:34,4387.65,4388.83,4387.46,4388.58,799
2026.01.02,12:35,4388.64,4389.26,4388.46,4388.98,505
2026.01.02,12:36,4389.02,4390.96,4388.93,4390.71,773
2026.01.02,12:37,4390.72,4393.46,4390.68,4392.85,881
2026.01.02,12:38,4392.91,4394.56,4392.42,4394.10,977
2026.01.02,12:39,4393.81,4394.82,4393.39,4394.47,728
2026.01.02,12:40,4394.48,4394.97,4393.69,4394.67,558
2026.01.02,12:41,4394.68,4395.97,4394.56,4395.83,688
2026.01.02,12:42,4395.79,4396.46,4395.78,4396.19,759
2026.01.02,12:43,4396.20,4396.20,4393.18,4393.45,512
2026.01.02,12:44,4393.36,4394.10,4392.84,4393.66,401
2026.01.02,12:45,4393.62,4394.73,4393.61,4393.72,511
2026.01.02,12:46,4393.83,4396.36,4393.52,4396.18,498
2026.01.02,12:47,4396.16,4396.64,4394.08,4394.12,400
2026.01.02,12:48,4394.10,4395.06,4393.93,4394.97,189
2026.01.02,12:49,4394.96,4395.29,4394.51,4394.85,262
2026.01.02,12:50,4394.84,4397.12,4394.78,4396.83,516
2026.01.02,12:51,4396.82,4398.55,4396.71,4397.92,550
2026.01.02,12:52,4397.96,4398.57,4397.78,4398.19,584
2026.01.02,12:53,4398.18,4398.30,4396.15,4396.43,576
2026.01.02,12:54,4396.42,4396.98,4396.18,4396.74,444
2026.01.02,12:55,4396.83,4397.93,4396.79,4397.30,801
2026.01.02,12:56,4397.12,4398.13,4397.04,4397.76,652
2026.01.02,12:57,4397.78,4398.56,4397.52,4397.65,495
2026.01.02,12:58,4397.87,4398.07,4397.12,4397.17,405
2026.01.02,12:59,4397.18,4397.28,4396.11,4396.11,419
2026.01.02,13:00,4396.08,4397.25,4395.75,4396.26,643
2026.01.02,13:01,4396.27,4397.64,4395.14,4396.99,919
2026.01.02,13:02,4396.98,4398.04,4396.63,4397.40,953
2026.01.02,13:03,4397.39,4397.60,4396.41,4396.60,403
2026.01.02,13:04,4396.59,4397.04,4396.16,4396.90,365
2026.01.02,13:05,4396.90,4397.53,4396.76,4397.38,312
2026.01.02,13:06,4397.34,4397.44,4396.31,4396.66,418
2026.01.02,13:07,4396.67,4396.96,4396.04,4396.23,491
2026.01.02,13:08,4396.24,4396.41,4395.62,4396.33,441
2026.01.02,13:09,4396.36,4396.57,4395.22,4395.55,585
2026.01.02,13:10,4395.56,4395.85,4395.14,4395.60,601
2026.01.02,13:11,4395.52,4395.92,4394.40,4394.40,543
2026.01.02,13:12,4394.41,4394.90,4394.09,4394.09,414
2026.01.02,13:13,4394.06,4394.98,4393.84,4394.22,398
2026.01.02,13:14,4394.21,4395.34,4393.94,4395.09,270
2026.01.02,13:15,4395.10,4396.04,4394.82,4395.27,548
2026.01.02,13:16,4395.29,4395.85,4394.99,4395.85,229
2026.01.02,13:17,4395.64,4395.81,4395.13,4395.48,186
2026.01.02,13:18,4395.49,4396.74,4395.41,4396.57,400
2026.01.02,13:19,4396.53,4397.14,4396.24,4396.91,420
2026.01.02,13:20,4396.92,4397.70,4395.96,4397.38,428
2026.01.02,13:21,4397.37,4397.37,4396.20,4396.75,231
2026.01.02,13:22,4396.74,4398.00,4396.39,4397.65,250
2026.01.02,13:23,4397.66,4398.13,4397.02,4397.73,270
2026.01.02,13:24,4397.73,4398.06,4397.11,4397.93,195
2026.01.02,13:25,4398.04,4399.16,4397.68,4398.05,454
2026.01.02,13:26,4398.04,4398.31,4397.04,4397.79,414
2026.01.02,13:27,4397.79,4399.35,4397.30,4397.49,718
2026.01.02,13:28,4397.51,4397.51,4395.05,4395.11,503
2026.01.02,13:29,4395.06,4395.41,4393.95,4394.22,872
2026.01.02,13:30,4394.18,4395.03,4393.60,4393.85,482
2026.01.02,13:31,4393.84,4394.10,4391.58,4392.59,648
2026.01.02,13:32,4392.56,4392.97,4392.23,4392.29,498
2026.01.02,13:33,4392.28,4393.71,4392.12,4393.36,537
2026.01.02,13:34,4393.46,4394.44,4393.35,4393.90,357
2026.01.02,13:35,4393.92,4394.82,4393.76,4394.07,517
2026.01.02,13:36,4394.03,4394.29,4393.44,4393.56,579
2026.01.02,13:37,4393.57,4393.71,4391.62,4391.79,534
2026.01.02,13:38,4391.81,4392.65,4391.70,4392.34,840
2026.01.02,13:39,4392.46,4393.26,4392.25,4393.18,995
2026.01.02,13:40,4393.14,4393.98,4393.14,4393.78,1070
2026.01.02,13:41,4393.83,4394.25,4392.79,4392.89,691
2026.01.02,13:42,4392.91,4393.44,4392.49,4393.20,1148
2026.01.02,13:43,4393.18,4394.94,4393.08,4394.83,1142
2026.01.02,13:44,4394.87,4395.81,4394.47,4394.97,568
2026.01.02,13:45,4394.99,4395.66,4394.98,4395.25,287
2026.01.02,13:46,4395.39,4395.41,4393.80,4394.19,802
2026.01.02,13:47,4394.05,4394.27,4393.15,4393.39,980
2026.01.02,13:48,4393.52,4394.23,4393.35,4394.03,925
2026.01.02,13:49,4394.06,4394.61,4393.46,4394.25,702
2026.01.02,13:50,4394.26,4394.38,4392.91,4393.04,852
2026.01.02,13:51,4393.06,4393.48,4392.36,4393.21,481
2026.01.02,13:52,4393.20,4394.09,4393.06,4393.18,375
2026.01.02,13:53,4393.15,4393.20,4391.02,4391.25,560
2026.01.02,13:54,4391.12,4392.29,4390.67,4391.65,804
2026.01.02,13:55,4391.68,4392.41,4390.93,4391.76,963
2026.01.02,13:56,4391.74,4391.85,4390.78,4391.25,1254
2026.01.02,13:57,4391.33,4392.38,4390.70,4392.16,1524
2026.01.02,13:58,4392.24,4392.90,4392.02,4392.61,2089
2026.01.02,13:59,4392.57,4393.37,4391.63,4392.91,1051
2026.01.02,14:00,4392.92,4393.12,4391.90,4392.07,690
2026.01.02,14:01,4392.06,4392.63,4391.62,4391.77,420
2026.01.02,14:02,4391.87,4392.03,4391.08,4391.88,562
2026.01.02,14:03,4391.87,4392.34,4391.53,4392.18,665
2026.01.02,14:04,4392.16,4392.26,4391.11,4391.35,711
2026.01.02,14:05,4391.34,4393.69,4391.23,4393.59,573
2026.01.02,14:06,4393.35,4394.22,4393.09,4393.97,396
2026.01.02,14:07,4393.98,4395.75,4393.97,4395.64,466
2026.01.02,14:08,4395.63,4396.51,4394.70,4394.97,439
2026.01.02,14:09,4394.99,4396.39,4394.91,4396.05,503
2026.01.02,14:10,4396.03,4397.15,4396.01,4397.12,521
2026.01.02,14:11,4397.13,4397.42,4395.91,4396.02,397
2026.01.02,14:12,4395.79,4396.02,4394.64,4395.22,694
2026.01.02,14:13,4395.23,4395.30,4393.60,4393.92,688
2026.01.02,14:14,4393.90,4395.50,4393.31,4395.28,938
2026.01.02,14:15,4395.37,4395.37,4394.04,4394.36,959
2026.01.02,14:16,4394.29,4395.93,4394.24,4395.33,327
2026.01.02,14:17,4395.28,4396.37,4395.16,4396.08,549
2026.01.02,14:18,4396.05,4397.86,4395.95,4397.33,577
2026.01.02,14:19,4397.19,4398.07,4396.60,4397.35,763
2026.01.02,14:20,4397.33,4398.29,4397.29,4397.73,642
2026.01.02,14:21,4397.74,4397.74,4397.02,4397.29,502
2026.01.02,14:22,4397.30,4397.49,4396.44,4396.63,436
2026.01.02,14:23,4396.66,4396.70,4395.60,4395.61,815
2026.01.02,14:24,4395.59,4396.38,4395.42,4395.54,334
2026.01.02,14:25,4395.52,4395.52,4394.41,4395.08,435
2026.01.02,14:26,4395.06,4395.83,4394.44,4394.55,392
2026.01.02,14:27,4394.52,4395.35,4393.57,4393.90,459
2026.01.02,14:28,4393.89,4394.06,4392.95,4393.41,375
2026.01.02,14:29,4393.42,4393.54,4392.87,4393.26,462
2026.01.02,14:30,4393.24,4394.50,4392.88,4393.09,417
2026.01.02,14:31,4393.08,4393.35,4392.21,4393.18,410
2026.01.02,14:32,4393.38,4394.24,4392.68,4394.03,516
2026.01.02,14:33,4393.86,4394.50,4393.77,4393.94,533
2026.01.02,14:34,4393.95,4394.37,4393.30,4393.87,446
2026.01.02,14:35,4393.85,4393.99,4392.51,4392.98,493
2026.01.02,14:36,4393.00,4394.32,4391.52,4392.17,685
2026.01.02,14:37,4392.18,4393.49,4391.72,4392.23,727
2026.01.02,14:38,4392.22,4392.75,4391.81,4392.28,606
2026.01.02,14:39,4392.37,4392.48,4391.23,4392.23,567
2026.01.02,14:40,4392.26,4392.71,4390.64,4390.98,832
2026.01.02,14:41,4391.04,4391.18,4386.08,4386.08,780
2026.01.02,14:42,4386.08,4388.44,4386.02,4386.26,1727
2026.01.02,14:43,4386.24,4387.57,4385.10,4385.27,1069
2026.01.02,14:44,4385.32,4388.10,4385.12,4387.96,823
2026.01.02,14:45,4388.00,4388.27,4386.07,4386.94,712
2026.01.02,14:46,4387.11,4387.49,4385.27,4387.43,694
2026.01.02,14:47,4387.52,4387.91,4386.23,4387.22,704
2026.01.02,14:48,4387.38,4389.09,4386.38,4389.06,457
2026.01.02,14:49,4389.05,4389.05,4387.21,4387.84,1060
2026.01.02,14:50,4387.87,4388.77,4387.57,4388.40,450
2026.01.02,14:51,4388.42,4389.13,4387.08,4387.35,1278
2026.01.02,14:52,4387.25,4389.40,4387.08,4389.17,882
2026.01.02,14:53,4389.27,4389.82,4388.42,4389.32,1000
2026.01.02,14:54,4389.33,4390.17,4389.32,4389.99,548
2026.01.02,14:55,4389.98,4391.18,4389.74,4390.02,979
2026.01.02,14:56,4390.06,4391.83,4390.00,4391.71,1104
2026.01.02,14:57,4391.77,4392.50,4391.52,4392.04,689
2026.01.02,14:58,4392.05,4393.80,4391.75,4393.49,718
2026.01.02,14:59,4393.52,4394.81,4393.45,4394.35,440
2026.01.02,15:00,4394.54,4396.26,4393.22,4393.22,1058
2026.01.02,15:01,4393.18,4394.93,4392.53,4394.81,826
2026.01.02,15:02,4394.78,4395.61,4393.68,4395.03,887
2026.01.02,15:03,4395.01,4397.18,4394.36,4396.85,768
2026.01.02,15:04,4396.84,4397.77,4396.72,4397.42,614
2026.01.02,15:05,4397.43,4398.02,4396.79,4397.54,761
2026.01.02,15:06,4397.40,4397.41,4395.35,4395.48,572
2026.01.02,15:07,4395.57,4397.45,4395.53,4397.12,480
2026.01.02,15:08,4397.13,4397.62,4396.71,4397.23,421
2026.01.02,15:09,4397.24,4398.15,4397.02,4397.15,331
2026.01.02,15:10,4397.18,4397.65,4396.74,4397.34,567
2026.01.02,15:11,4397.35,4398.37,4396.90,4397.93,584
2026.01.02,15:12,4397.92,4398.64,4397.65,4398.51,642
2026.01.02,15:13,4398.48,4399.82,4398.21,4399.33,506
2026.01.02,15:14,4399.34,4401.10,4399.07,4399.74,617
2026.01.02,15:15,4399.76,4401.84,4399.62,4400.47,1269
2026.01.02,15:16,4400.46,4402.58,4400.31,4401.98,790
2026.01.02,15:17,4401.99,4402.17,4400.69,4401.18,619
2026.01.02,15:18,4401.19,4402.14,4400.88,4401.15,939
2026.01.02,15:19,4401.31,4401.31,4397.74,4398.71,712
2026.01.02,15:20,4398.72,4399.19,4390.44,4392.76,2035
2026.01.02,15:21,4392.75,4392.75,4386.62,4386.66,1352
2026.01.02,15:22,4386.63,4389.58,4386.09,4388.23,1615
2026.01.02,15:23,4388.23,4389.89,4385.36,4385.57,1578
2026.01.02,15:24,4385.60,4385.67,4379.43,4381.43,2023
2026.01.02,15:25,4381.35,4384.32,4376.07,4382.10,1700
2026.01.02,15:26,4382.13,4384.70,4379.68,4380.38,1706
2026.01.02,15:27,4380.37,4381.75,4378.41,4380.41,1177
2026.01.02,15:28,4380.38,4380.97,4377.63,4378.25,1977
2026.01.02,15:29,4378.34,4379.67,4372.70,4374.43,2140
2026.01.02,15:30,4374.39,4377.01,4371.98,4373.29,1698
2026.01.02,15:31,4373.40,4375.54,4370.39,4372.78,1455
2026.01.02,15:32,4372.79,4373.21,4370.02,4371.08,1203
2026.01.02,15:33,4371.09,4372.30,4368.52,4369.54,1317
2026.01.02,15:34,4369.38,4373.18,4368.44,4372.43,1378
2026.01.02,15:35,4372.45,4374.74,4369.87,4371.07,1158
2026.01.02,15:36,4371.10,4371.10,4367.44,4368.18,1380
2026.01.02,15:37,4368.19,4369.72,4365.88,4368.93,1136
2026.01.02,15:38,4368.89,4370.16,4367.96,4368.44,1298
2026.01.02,15:39,4368.44,4369.78,4366.36,4369.31,1159
2026.01.02,15:40,4369.27,4370.21,4368.10,4369.37,1666
2026.01.02,15:41,4369.44,4371.40,4369.24,4369.61,1573
2026.01.02,15:42,4369.82,4371.13,4368.65,4370.22,1417
2026.01.02,15:43,4370.19,4372.60,4369.70,4372.24,633
2026.01.02,15:44,4372.32,4372.88,4370.50,4372.49,790
2026.01.02,15:45,4372.42,4375.46,4371.65,4375.40,1109
2026.01.02,15:46,4375.42,4378.02,4375.07,4376.15,1097
2026.01.02,15:47,4376.13,4376.97,4374.77,4376.20,1023
2026.01.02,15:48,4376.23,4376.68,4371.80,4372.27,1071
2026.01.02,15:49,4372.15,4373.10,4370.24,4370.81,1002
2026.01.02,15:50,4370.80,4370.80,4367.60,4369.57,1041
2026.01.02,15:51,4369.59,4370.66,4367.61,4368.94,1851
2026.01.02,15:52,4368.95,4371.64,4368.32,4371.26,1095
2026.01.02,15:53,4371.37,4371.60,4368.50,4368.83,1547
2026.01.02,15:54,4368.72,4368.73,4365.52,4366.67,1170
2026.01.02,15:55,4366.63,4369.74,4366.44,4369.54,1040
2026.01.02,15:56,4369.54,4370.32,4366.97,4367.27,569
2026.01.02,15:57,4367.26,4368.08,4361.68,4362.34,910
2026.01.02,15:58,4362.22,4364.36,4361.53,4363.05,1371
2026.01.02,15:59,4363.01,4365.97,4362.05,4365.88,757
2026.01.02,16:00,4365.89,4370.41,4364.33,4369.05,1573
2026.01.02,16:01,4369.07,4369.12,4366.46,4367.48,1032
2026.01.02,16:02,4367.72,4369.01,4366.93,4368.50,772
2026.01.02,16:03,4368.62,4370.72,4367.98,4369.78,1039
2026.01.02,16:04,4369.82,4372.01,4369.03,4371.24,834
2026.01.02,16:05,4371.25,4372.67,4370.78,4371.24,876
2026.01.02,16:06,4371.25,4371.95,4369.83,4369.85,621
2026.01.02,16:07,4369.79,4370.45,4368.61,4370.16,881
2026.01.02,16:08,4370.06,4371.50,4369.76,4370.51,668
2026.01.02,16:09,4370.47,4372.32,4370.29,4370.66,561
2026.01.02,16:10,4370.64,4371.33,4369.29,4369.89,624
2026.01.02,16:11,4369.85,4370.97,4369.59,4370.15,560
2026.01.02,16:12,4370.07,4371.23,4369.56,4371.17,548
2026.01.02,16:13,4371.16,4371.52,4368.28,4370.31,623
2026.01.02,16:14,4370.36,4371.97,4369.41,4370.33,899
2026.01.02,16:15,4370.29,4371.29,4369.39,4369.86,649
2026.01.02,16:16,4369.74,4370.28,4367.00,4367.58,1134
2026.01.02,16:17,4367.54,4370.30,4367.08,4369.70,600
2026.01.02,16:18,4369.93,4370.37,4368.07,4368.62,692
2026.01.02,16:19,4368.61,4372.12,4368.42,4372.03,925
2026.01.02,16:20,4372.00,4372.27,4369.82,4370.89,1217
2026.01.02,16:21,4370.90,4372.94,4370.14,4372.70,756
2026.01.02,16:22,4372.71,4373.49,4370.20,4370.56,1012
2026.01.02,16:23,4370.66,4371.67,4369.01,4369.50,1019
2026.01.02,16:24,4369.57,4370.40,4368.19,4368.61,1247
2026.01.02,16:25,4368.53,4370.35,4368.20,4368.88,1052
2026.01.02,16:26,4368.89,4371.63,4367.60,4370.81,1067
2026.01.02,16:27,4370.82,4371.62,4370.39,4371.24,815
2026.01.02,16:28,4371.22,4371.45,4369.42,4369.46,695
2026.01.02,16:29,4369.35,4370.06,4367.84,4368.25,1081
2026.01.02,16:30,4368.28,4370.22,4362.22,4364.12,2811
2026.01.02,16:31,4364.14,4365.02,4359.82,4360.05,2526
2026.01.02,16:32,4360.02,4362.70,4357.00,4359.69,1992
2026.01.02,16:33,4359.52,4361.11,4358.00,4358.25,1895
2026.01.02,16:34,4358.21,4358.89,4354.53,4355.21,2402
2026.01.02,16:35,4355.19,4355.48,4350.39,4351.30,3610
2026.01.02,16:36,4351.39,4356.81,4349.86,4356.06,2749
2026.01.02,16:37,4356.03,4357.54,4353.62,4357.01,2727
2026.01.02,16:38,4356.98,4359.84,4354.03,4356.30,2176
2026.01.02,16:39,4356.31,4358.25,4351.01,4351.14,2166
2026.01.02,16:40,4351.18,4354.78,4350.52,4350.68,2564
2026.01.02,16:41,4350.59,4351.80,4348.09,4350.80,1582
2026.01.02,16:42,4350.87,4352.45,4347.80,4348.67,1468
2026.01.02,16:43,4348.66,4354.86,4348.15,4354.01,1698
2026.01.02,16:44,4354.08,4356.69,4353.38,4356.21,971
2026.01.02,16:45,4356.27,4357.99,4353.72,4354.75,990
2026.01.02,16:46,4354.81,4357.80,4354.04,4357.57,1301
2026.01.02,16:47,4357.27,4361.23,4357.20,4361.19,2279
2026.01.02,16:48,4361.20,4362.89,4360.52,4361.12,1597
2026.01.02,16:49,4361.03,4362.19,4359.30,4361.46,1728
2026.01.02,16:50,4361.39,4362.73,4358.40,4361.15,2203
2026.01.02,16:51,4361.34,4363.03,4358.54,4359.02,1529
2026.01.02,16:52,4359.10,4360.76,4355.95,4356.97,1314
2026.01.02,16:53,4357.00,4358.37,4354.86,4356.02,2110
2026.01.02,16:54,4356.07,4359.70,4355.09,4358.97,2070
2026.01.02,16:55,4358.81,4359.06,4356.26,4357.62,1519
2026.01.02,16:56,4357.60,4359.49,4355.29,4357.14,2445
2026.01.02,16:57,4357.08,4357.16,4353.70,4355.30,2074
2026.01.02,16:58,4355.31,4356.19,4352.18,4353.14,1952
2026.01.02,16:59,4353.15,4354.39,4352.25,4353.39,1513
2026.01.02,17:00,4353.32,4355.03,4349.93,4353.96,1610
2026.01.02,17:01,4353.97,4355.80,4352.04,4354.81,1047
2026.01.02,17:02,4355.02,4355.58,4351.62,4353.27,1815
2026.01.02,17:03,4353.28,4356.79,4349.34,4349.74,2733
2026.01.02,17:04,4349.80,4350.62,4341.37,4341.98,2166
2026.01.02,17:05,4342.08,4344.32,4341.19,4343.85,1561
2026.01.02,17:06,4343.87,4347.53,4339.35,4346.57,1977
2026.01.02,17:07,4346.58,4347.94,4345.92,4346.56,1149
2026.01.02,17:08,4346.55,4348.84,4345.02,4347.73,1191
2026.01.02,17:09,4347.76,4350.35,4346.46,4347.25,1910
2026.01.02,17:10,4347.32,4349.03,4341.02,4341.61,2132
2026.01.02,17:11,4341.59,4341.59,4335.00,4335.79,2374
2026.01.02,17:12,4335.83,4338.61,4334.38,4335.80,1853
2026.01.02,17:13,4335.88,4340.06,4333.51,4339.49,2504
2026.01.02,17:14,4339.50,4342.20,4339.03,4340.26,2054
2026.01.02,17:15,4340.26,4342.60,4337.39,4338.69,2486
2026.01.02,17:16,4338.73,4340.52,4335.28,4337.79,2250
2026.01.02,17:17,4337.82,4341.14,4334.90,4335.11,2418
2026.01.02,17:18,4335.07,4340.35,4335.06,4340.26,2029
2026.01.02,17:19,4340.28,4341.36,4338.15,4339.05,2005
2026.01.02,17:20,4339.14,4341.36,4338.72,4340.52,2018
2026.01.02,17:21,4340.55,4340.75,4336.73,4337.28,1764
2026.01.02,17:22,4337.30,4337.39,4334.40,4334.40,2004
2026.01.02,17:23,4334.31,4335.48,4330.30,4330.69,2651
2026.01.02,17:24,4330.78,4334.93,4330.19,4334.11,1729
2026.01.02,17:25,4334.12,4336.94,4333.72,4336.08,1969
2026.01.02,17:26,4336.09,4338.40,4334.97,4337.89,1900
2026.01.02,17:27,4337.93,4340.46,4337.27,4337.61,1699
2026.01.02,17:28,4337.49,4338.64,4335.59,4336.30,2555
2026.01.02,17:29,4336.34,4338.38,4335.60,4336.42,1948
2026.01.02,17:30,4336.47,4336.55,4332.05,4332.38,2601
2026.01.02,17:31,4332.36,4335.47,4331.39,4334.34,2231
2026.01.02,17:32,4334.28,4336.28,4333.71,4334.05,1605
2026.01.02,17:33,4334.14,4338.67,4333.64,4338.32,1681
2026.01.02,17:34,4338.30,4339.81,4337.53,4339.08,1483
2026.01.02,17:35,4339.00,4340.55,4336.89,4340.28,1181
2026.01.02,17:36,4340.29,4341.43,4337.83,4339.89,1103
2026.01.02,17:37,4339.91,4340.78,4338.78,4340.32,987
2026.01.02,17:38,4340.39,4340.47,4338.32,4339.07,855
2026.01.02,17:39,4338.98,4341.01,4338.81,4340.13,972
2026.01.02,17:40,4340.18,4343.79,4340.18,4342.47,1228
2026.01.02,17:41,4342.40,4345.78,4341.58,4344.80,920
2026.01.02,17:42,4344.92,4346.45,4344.10,4344.38,1005
2026.01.02,17:43,4344.36,4346.62,4344.00,4345.61,1393
2026.01.02,17:44,4345.67,4346.43,4344.16,4345.99,1866
2026.01.02,17:45,4346.09,4347.06,4342.87,4342.95,2599
2026.01.02,17:46,4342.85,4343.46,4340.87,4341.97,822
2026.01.02,17:47,4341.98,4342.73,4340.82,4342.56,875
2026.01.02,17:48,4342.57,4344.03,4341.06,4343.10,1835
2026.01.02,17:49,4342.88,4343.43,4341.72,4342.64,1532
2026.01.02,17:50,4342.70,4344.03,4341.29,4342.93,2188
2026.01.02,17:51,4342.99,4342.99,4338.62,4340.05,1655
2026.01.02,17:52,4340.11,4341.57,4338.68,4339.08,2389
2026.01.02,17:53,4339.10,4342.81,4338.52,4342.60,2043
2026.01.02,17:54,4342.65,4342.67,4338.65,4341.48,2753
2026.01.02,17:55,4341.40,4341.59,4339.49,4339.49,2388
2026.01.02,17:56,4339.35,4340.88,4336.15,4338.05,2061
2026.01.02,17:57,4337.96,4337.96,4335.24,4335.32,1919
2026.01.02,17:58,4335.44,4338.12,4334.81,4337.81,1900
2026.01.02,17:59,4337.66,4337.91,4333.48,4335.23,2615
2026.01.02,18:00,4335.29,4337.27,4332.76,4333.51,2473
2026.01.02,18:01,4333.41,4333.80,4327.22,4330.26,1945
2026.01.02,18:02,4330.29,4331.49,4327.88,4328.79,1847
2026.01.02,18:03,4328.83,4330.88,4324.64,4325.29,2301
2026.01.02,18:04,4325.23,4328.46,4324.10,4327.47,2291
2026.01.02,18:05,4327.41,4329.36,4325.01,4326.27,3805
2026.01.02,18:06,4326.28,4326.62,4322.39,4323.58,2935
2026.01.02,18:07,4323.62,4325.20,4322.62,4322.95,2336
2026.01.02,18:08,4322.89,4327.15,4322.47,4326.03,2210
2026.01.02,18:09,4326.03,4329.18,4325.42,4326.65,1936
2026.01.02,18:10,4326.63,4326.78,4322.50,4324.66,2560
2026.01.02,18:11,4324.73,4326.74,4324.30,4324.61,2562
2026.01.02,18:12,4324.65,4324.65,4321.69,4322.39,2062
2026.01.02,18:13,4322.17,4324.06,4319.71,4323.25,2711
2026.01.02,18:14,4323.27,4325.36,4322.25,4322.55,2197
2026.01.02,18:15,4322.54,4325.06,4320.99,4324.15,2126
2026.01.02,18:16,4324.17,4324.46,4319.32,4319.79,2164
2026.01.02,18:17,4319.79,4320.93,4317.66,4318.40,2009
2026.01.02,18:18,4318.40,4319.05,4316.19,4316.63,1769
2026.01.02,18:19,4316.43,4319.05,4315.30,4317.27,1684
2026.01.02,18:20,4317.29,4320.97,4317.15,4318.97,1509
2026.01.02,18:21,4319.10,4319.11,4315.92,4317.88,1301
2026.01.02,18:22,4317.95,4320.07,4317.14,4319.51,1486
2026.01.02,18:23,4319.56,4319.88,4314.87,4314.88,1399
2026.01.02,18:24,4314.56,4318.88,4314.40,4318.57,1145
2026.01.02,18:25,4318.60,4320.40,4318.08,4319.37,1146
2026.01.02,18:26,4319.35,4323.17,4318.16,4322.73,1272
2026.01.02,18:27,4322.74,4324.08,4321.43,4322.66,1410
2026.01.02,18:28,4322.66,4323.41,4320.19,4321.26,1108
2026.01.02,18:29,4321.21,4323.15,4320.72,4321.47,956
2026.01.02,18:30,4321.51,4321.53,4319.66,4320.15,817
2026.01.02,18:31,4320.10,4320.15,4315.17,4316.68,787
2026.01.02,18:32,4316.53,4320.57,4316.24,4319.17,965
2026.01.02,18:33,4319.15,4322.06,4318.51,4320.06,1070
2026.01.02,18:34,4320.05,4320.55,4315.88,4316.08,760
2026.01.02,18:35,4316.03,4318.04,4315.26,4316.67,900
2026.01.02,18:36,4316.56,4319.19,4315.74,4318.76,1307
2026.01.02,18:37,4318.72,4324.74,4318.46,4324.28,1036
2026.01.02,18:38,4324.23,4324.37,4320.35,4320.72,1090
2026.01.02,18:39,4320.89,4322.32,4320.34,4322.19,928
2026.01.02,18:40,4322.20,4323.93,4320.93,4323.60,1212
2026.01.02,18:41,4323.62,4326.56,4322.48,4325.03,1444
2026.01.02,18:42,4325.10,4325.44,4323.41,4324.07,1033
2026.01.02,18:43,4324.08,4327.69,4323.67,4327.69,1052
2026.01.02,18:44,4327.73,4328.17,4325.53,4325.76,1101
2026.01.02,18:45,4325.78,4325.79,4323.04,4323.86,1047
2026.01.02,18:46,4323.88,4325.43,4323.23,4325.13,886
2026.01.02,18:47,4325.06,4328.24,4324.98,4327.14,1083
2026.01.02,18:48,4327.21,4327.80,4325.03,4325.36,1324
2026.01.02,18:49,4325.22,4325.37,4323.56,4324.60,1216
2026.01.02,18:50,4324.57,4326.81,4324.10,4325.08,1005
2026.01.02,18:51,4325.10,4326.29,4323.46,4323.55,921
2026.01.02,18:52,4323.55,4324.82,4322.73,4324.35,1029
2026.01.02,18:53,4324.52,4325.95,4322.24,4323.74,1045
2026.01.02,18:54,4323.65,4324.11,4322.37,4323.62,1175
2026.01.02,18:55,4323.64,4324.68,4321.78,4322.76,1042
2026.01.02,18:56,4322.70,4323.93,4321.22,4323.10,1222
2026.01.02,18:57,4323.11,4325.62,4322.89,4324.40,1352
2026.01.02,18:58,4324.43,4325.58,4323.29,4324.18,1022
2026.01.02,18:59,4324.19,4326.45,4323.91,4326.41,1433
2026.01.02,19:00,4326.36,4329.81,4324.48,4329.31,1528
2026.01.02,19:01,4329.38,4331.11,4328.77,4330.81,981
2026.01.02,19:02,4330.80,4331.74,4327.98,4328.24,1279
2026.01.02,19:03,4328.21,4331.74,4328.16,4331.10,1141
2026.01.02,19:04,4330.96,4332.58,4330.39,4331.99,617
2026.01.02,19:05,4331.87,4333.51,4331.62,4331.71,770
2026.01.02,19:06,4331.83,4332.66,4329.68,4330.20,923
2026.01.02,19:07,4330.16,4330.20,4327.33,4328.14,867
2026.01.02,19:08,4328.18,4329.70,4327.49,4328.85,1226
2026.01.02,19:09,4328.66,4329.26,4327.63,4328.20,945
2026.01.02,19:10,4328.22,4330.21,4327.71,4328.88,1030
2026.01.02,19:11,4329.06,4329.61,4327.56,4328.22,1055
2026.01.02,19:12,4328.20,4330.07,4328.19,4329.89,1003
2026.01.02,19:13,4329.90,4331.52,4329.62,4329.75,1123
2026.01.02,19:14,4329.71,4330.68,4329.12,4330.08,894
2026.01.02,19:15,4330.04,4330.54,4329.19,4329.66,585
2026.01.02,19:16,4329.78,4330.46,4328.22,4330.13,705
2026.01.02,19:17,4330.00,4332.96,4330.00,4331.85,724
2026.01.02,19:18,4331.91,4332.30,4328.70,4329.29,633
2026.01.02,19:19,4329.18,4329.98,4328.75,4329.08,770
2026.01.02,19:20,4329.10,4330.13,4328.73,4329.28,802
2026.01.02,19:21,4329.22,4330.86,4328.70,4329.22,687
2026.01.02,19:22,4329.23,4330.32,4328.71,4330.22,621
2026.01.02,19:23,4330.26,4330.47,4328.51,4328.69,646
2026.01.02,19:24,4328.77,4329.74,4325.68,4325.91,670
2026.01.02,19:25,4325.92,4327.21,4323.90,4324.80,704
2026.01.02,19:26,4324.82,4326.60,4323.94,4326.51,679
2026.01.02,19:27,4326.62,4327.93,4325.45,4327.78,627
2026.01.02,19:28,4327.80,4329.08,4327.78,4328.69,602
2026.01.02,19:29,4328.68,4329.04,4327.81,4328.83,675
2026.01.02,19:30,4328.74,4331.35,4328.61,4330.67,1226
2026.01.02,19:31,4330.66,4331.32,4326.53,4327.10,1318
2026.01.02,19:32,4327.14,4328.95,4326.46,4327.86,878
2026.01.02,19:33,4327.81,4329.56,4327.45,4327.81,834
2026.01.02,19:34,4327.83,4329.21,4327.10,4328.56,985
2026.01.02,19:35,4328.30,4329.89,4328.30,4329.06,857
2026.01.02,19:36,4329.07,4329.49,4328.08,4328.91,829
2026.01.02,19:37,4328.82,4329.00,4325.73,4326.36,923
2026.01.02,19:38,4326.32,4326.76,4324.65,4325.18,1009
2026.01.02,19:39,4325.21,4326.43,4325.14,4325.53,1062
2026.01.02,19:40,4325.58,4326.71,4325.08,4325.19,1158
2026.01.02,19:41,4325.14,4326.05,4323.54,4325.55,925
2026.01.02,19:42,4325.49,4326.82,4325.37,4326.38,820
2026.01.02,19:43,4326.27,4327.37,4325.61,4325.71,746
2026.01.02,19:44,4325.70,4327.03,4325.10,4326.30,804
2026.01.02,19:45,4326.28,4327.91,4325.36,4327.34,1195
2026.01.02,19:46,4327.45,4327.88,4325.72,4325.95,1045
2026.01.02,19:47,4326.18,4328.04,4325.69,4327.89,1068
2026.01.02,19:48,4327.85,4327.97,4325.79,4326.04,993
2026.01.02,19:49,4326.11,4326.29,4324.73,4325.99,1021
2026.01.02,19:50,4326.02,4327.05,4325.34,4326.63,1003
2026.01.02,19:51,4326.68,4327.77,4325.94,4327.25,999
2026.01.02,19:52,4327.38,4327.82,4325.52,4325.80,1093
2026.01.02,19:53,4325.74,4327.06,4323.86,4324.36,819
2026.01.02,19:54,4324.42,4325.44,4323.88,4325.05,1147
2026.01.02,19:55,4324.99,4326.38,4324.68,4325.82,1377
2026.01.02,19:56,4325.96,4326.12,4323.75,4324.47,1097
2026.01.02,19:57,4324.54,4325.37,4324.20,4324.85,1519
2026.01.02,19:58,4324.87,4325.36,4323.72,4324.79,1716
2026.01.02,19:59,4324.80,4325.30,4322.58,4322.90,1357
2026.01.02,20:00,4322.92,4323.68,4321.01,4321.69,734
2026.01.02,20:01,4321.68,4322.93,4320.67,4322.56,930
2026.01.02,20:02,4322.54,4323.62,4321.96,4322.73,631
2026.01.02,20:03,4322.79,4323.27,4321.78,4321.88,570
2026.01.02,20:04,4321.77,4322.95,4321.31,4321.91,651
2026.01.02,20:05,4321.93,4323.24,4321.27,4321.58,801
2026.01.02,20:06,4321.53,4321.62,4318.38,4318.99,769
2026.01.02,20:07,4319.01,4319.49,4317.73,4318.28,587
2026.01.02,20:08,4318.20,4318.48,4316.15,4316.20,662
2026.01.02,20:09,4316.23,4317.97,4315.84,4316.44,577
2026.01.02,20:10,4316.59,4316.70,4312.67,4313.77,1128
2026.01.02,20:11,4313.79,4316.52,4313.12,4315.96,877
2026.01.02,20:12,4316.04,4316.56,4313.62,4314.16,762
2026.01.02,20:13,4314.31,4315.24,4312.52,4315.24,944
2026.01.02,20:14,4315.30,4315.61,4313.76,4314.53,652
2026.01.02,20:15,4314.45,4315.60,4310.48,4314.58,1288
2026.01.02,20:16,4314.81,4315.51,4312.99,4313.59,836
2026.01.02,20:17,4313.63,4314.92,4313.25,4313.88,574
2026.01.02,20:18,4313.93,4316.24,4313.91,4316.17,1089
2026.01.02,20:19,4316.23,4318.51,4316.09,4318.31,1003
2026.01.02,20:20,4318.33,4319.41,4317.87,4318.99,991
2026.01.02,20:21,4319.01,4320.11,4318.46,4319.14,960
2026.01.02,20:22,4319.24,4320.06,4317.10,4317.84,734
2026.01.02,20:23,4317.95,4318.71,4316.24,4316.89,966
2026.01.02,20:24,4316.88,4319.25,4315.88,4319.12,1175
2026.01.02,20:25,4319.18,4321.59,4319.15,4321.16,1050
2026.01.02,20:26,4321.19,4321.35,4318.91,4320.53,1063
2026.01.02,20:27,4320.50,4320.82,4318.76,4319.58,918
2026.01.02,20:28,4319.52,4320.83,4318.66,4320.11,1264
2026.01.02,20:29,4320.07,4320.86,4317.67,4318.58,862
2026.01.02,20:30,4318.49,4319.71,4315.70,4315.85,659
2026.01.02,20:31,4315.84,4316.72,4314.77,4315.10,496
2026.01.02,20:32,4315.03,4317.17,4314.55,4315.95,773
2026.01.02,20:33,4315.98,4317.96,4315.93,4316.17,669
2026.01.02,20:34,4316.17,4317.51,4315.50,4315.99,583
2026.01.02,20:35,4316.00,4317.14,4315.39,4316.72,515
2026.01.02,20:36,4316.67,4316.67,4312.26,4312.95,625
2026.01.02,20:37,4312.90,4314.01,4311.85,4313.98,823
2026.01.02,20:38,4314.02,4317.55,4313.67,4317.40,770
2026.01.02,20:39,4317.39,4318.63,4315.15,4315.47,880
2026.01.02,20:40,4315.57,4316.25,4314.36,4314.48,780
2026.01.02,20:41,4314.46,4314.55,4312.62,4313.52,867
2026.01.02,20:42,4313.54,4313.62,4311.10,4312.31,806
2026.01.02,20:43,4312.34,4313.06,4310.92,4311.44,745
2026.01.02,20:44,4311.64,4313.96,4309.53,4312.41,1195
2026.01.02,20:45,4312.37,4313.71,4312.02,4312.98,1114
2026.01.02,20:46,4313.06,4314.42,4312.77,4314.06,720
2026.01.02,20:47,4314.07,4315.09,4313.28,4313.92,742
2026.01.02,20:48,4313.95,4314.63,4312.34,4314.22,729
2026.01.02,20:49,4314.23,4314.78,4312.19,4313.24,773
2026.01.02,20:50,4313.22,4313.35,4311.92,4312.58,896
2026.01.02,20:51,4312.57,4313.04,4312.01,4312.82,831
2026.01.02,20:52,4312.85,4313.68,4312.14,4312.72,649
2026.01.02,20:53,4312.75,4313.69,4312.01,4312.31,774
2026.01.02,20:54,4312.27,4315.06,4311.90,4314.89,868
2026.01.02,20:55,4314.97,4315.57,4313.69,4313.98,630
2026.01.02,20:56,4314.02,4315.64,4314.02,4314.79,392
2026.01.02,20:57,4314.80,4315.18,4313.91,4314.61,556
2026.01.02,20:58,4314.60,4315.44,4313.62,4314.19,795
2026.01.02,20:59,4314.16,4315.29,4314.16,4315.02,1000
2026.01.02,21:00,4314.99,4317.78,4314.99,4317.43,764
2026.01.02,21:01,4317.38,4318.60,4317.05,4318.12,782
2026.01.02,21:02,4317.90,4318.80,4317.32,4318.59,543
2026.01.02,21:03,4318.60,4320.36,4318.37,4319.75,651
2026.01.02,21:04,4319.70,4320.18,4318.82,4319.66,296
2026.01.02,21:05,4319.62,4321.84,4319.58,4320.66,724
2026.01.02,21:06,4320.65,4321.56,4317.79,4319.23,855
2026.01.02,21:07,4319.27,4320.29,4318.87,4320.29,696
2026.01.02,21:08,4320.32,4320.62,4318.99,4319.65,359
2026.01.02,21:09,4319.69,4321.28,4319.48,4320.83,726
2026.01.02,21:10,4320.73,4321.13,4319.82,4320.77,563
2026.01.02,21:11,4320.78,4321.24,4319.83,4320.94,714
2026.01.02,21:12,4320.99,4321.70,4320.78,4321.15,572
2026.01.02,21:13,4321.16,4321.99,4320.69,4321.48,459
2026.01.02,21:14,4321.52,4322.24,4321.00,4321.38,266
2026.01.02,21:15,4321.49,4322.30,4321.21,4321.67,402
2026.01.02,21:16,4321.66,4322.36,4321.34,4321.68,656
2026.01.02,21:17,4321.70,4323.16,4321.67,4322.07,695
2026.01.02,21:18,4322.08,4322.48,4320.97,4321.57,411
2026.01.02,21:19,4321.61,4322.27,4321.12,4321.97,387
2026.01.02,21:20,4322.00,4322.00,4319.77,4320.07,474
2026.01.02,21:21,4320.14,4320.63,4319.40,4320.52,322
2026.01.02,21:22,4320.53,4320.99,4319.73,4320.65,350
2026.01.02,21:23,4320.58,4321.50,4319.27,4319.54,536
2026.01.02,21:24,4319.57,4319.59,4316.32,4316.59,656
2026.01.02,21:25,4316.69,4318.73,4316.39,4318.45,1369
2026.01.02,21:26,4318.44,4318.86,4317.20,4318.23,1370
2026.01.02,21:27,4318.20,4319.22,4317.68,4318.99,831
2026.01.02,21:28,4319.07,4319.12,4317.91,4318.30,589
2026.01.02,21:29,4318.30,4318.83,4318.14,4318.47,502
2026.01.02,21:30,4318.47,4320.06,4318.19,4318.57,896
2026.01.02,21:31,4318.56,4319.74,4318.06,4318.76,669
2026.01.02,21:32,4318.81,4320.59,4318.72,4320.45,728
2026.01.02,21:33,4320.43,4321.19,4320.08,4320.86,718
2026.01.02,21:34,4320.84,4321.49,4320.08,4320.44,409
2026.01.02,21:35,4320.73,4321.21,4320.09,4320.73,483
2026.01.02,21:36,4320.75,4321.65,4320.30,4320.96,355
2026.01.02,21:37,4321.03,4323.32,4320.08,4322.79,435
2026.01.02,21:38,4322.72,4325.92,4322.51,4325.88,955
2026.01.02,21:39,4325.89,4326.09,4323.49,4323.66,501
2026.01.02,21:40,4323.63,4326.20,4323.63,4324.63,999
2026.01.02,21:41,4324.66,4325.14,4323.38,4323.89,747
2026.01.02,21:42,4324.00,4324.20,4321.95,4322.27,848
2026.01.02,21:43,4322.30,4323.05,4322.00,4322.72,920
2026.01.02,21:44,4322.77,4323.16,4321.61,4322.68,803
2026.01.02,21:45,4322.70,4322.98,4320.10,4320.33,622
2026.01.02,21:46,4320.34,4321.25,4319.47,4321.15,586
2026.01.02,21:47,4321.13,4321.72,4320.75,4321.65,433
2026.01.02,21:48,4321.67,4321.67,4319.85,4320.35,769
2026.01.02,21:49,4320.36,4321.12,4319.89,4320.98,503
2026.01.02,21:50,4320.99,4321.21,4318.92,4319.42,1035
2026.01.02,21:51,4319.39,4319.46,4317.94,4318.30,653
2026.01.02,21:52,4318.29,4319.19,4317.43,4318.66,909
2026.01.02,21:53,4318.68,4319.55,4318.15,4318.39,536
2026.01.02,21:54,4318.40,4320.18,4318.29,4319.88,903
2026.01.02,21:55,4319.87,4320.72,4319.54,4319.95,860
2026.01.02,21:56,4319.93,4320.73,4319.60,4320.36,688
2026.01.02,21:57,4320.37,4320.75,4319.90,4320.17,505
2026.01.02,21:58,4320.18,4320.37,4317.76,4318.90,965
2026.01.02,21:59,4318.82,4319.71,4317.70,4318.08,466
2026.01.02,22:00,4318.11,4318.71,4317.01,4317.93,695
2026.01.02,22:01,4317.76,4318.66,4317.52,4318.04,646
2026.01.02,22:02,4318.06,4320.16,4317.70,4318.13,696
2026.01.02,22:03,4318.16,4319.93,4318.03,4319.66,889
2026.01.02,22:04,4319.64,4320.38,4318.62,4318.66,794
2026.01.02,22:05,4318.69,4320.20,4318.36,4319.06,795
2026.01.02,22:06,4319.02,4319.26,4317.91,4318.81,734
2026.01.02,22:07,4318.79,4319.58,4317.97,4318.26,651
2026.01.02,22:08,4318.27,4319.96,4318.27,4319.03,820
2026.01.02,22:09,4319.08,4319.53,4318.47,4319.21,832
2026.01.02,22:10,4319.23,4321.06,4319.21,4320.65,1039
2026.01.02,22:11,4320.64,4321.42,4320.21,4321.37,1045
2026.01.02,22:12,4321.34,4321.46,4320.33,4320.85,1068
2026.01.02,22:13,4320.90,4321.37,4319.99,4320.27,1149
2026.01.02,22:14,4320.28,4320.64,4319.84,4319.89,521
2026.01.02,22:15,4319.87,4320.63,4318.53,4320.29,1026
2026.01.02,22:16,4320.28,4321.24,4319.43,4320.04,791
2026.01.02,22:17,4320.10,4321.09,4319.87,4320.89,1121
2026.01.02,22:18,4321.02,4321.49,4320.38,4320.43,913
2026.01.02,22:19,4320.57,4322.27,4320.48,4322.15,973
2026.01.02,22:20,4322.13,4324.65,4322.00,4324.55,960
2026.01.02,22:21,4324.60,4325.09,4322.69,4323.43,1450
2026.01.02,22:22,4323.44,4325.28,4323.16,4325.15,848
2026.01.02,22:23,4325.14,4326.16,4324.68,4326.09,785
2026.01.02,22:24,4326.08,4326.23,4325.37,4326.07,931
2026.01.02,22:25,4326.06,4326.40,4325.21,4325.39,327
2026.01.02,22:26,4325.40,4325.92,4324.65,4325.87,251
2026.01.02,22:27,4325.89,4328.92,4325.89,4328.63,518
2026.01.02,22:28,4328.57,4329.21,4328.05,4329.09,578
2026.01.02,22:29,4328.98,4329.38,4328.00,4328.32,961
2026.01.02,22:30,4328.38,4328.52,4326.86,4327.46,655
2026.01.02,22:31,4327.45,4327.51,4325.13,4327.02,423
2026.01.02,22:32,4326.95,4327.69,4326.68,4327.41,510
2026.01.02,22:33,4327.40,4328.18,4326.94,4327.54,549
2026.01.02,22:34,4327.53,4328.05,4326.92,4327.67,368
2026.01.02,22:35,4327.55,4328.93,4327.03,4328.92,535
2026.01.02,22:36,4328.94,4328.98,4327.93,4328.65,383
2026.01.02,22:37,4328.63,4328.63,4326.15,4326.39,390
2026.01.02,22:38,4326.40,4327.28,4326.08,4326.75,314
2026.01.02,22:39,4326.72,4327.78,4326.55,4327.50,297
2026.01.02,22:40,4327.65,4329.23,4327.46,4328.49,482
2026.01.02,22:41,4328.39,4329.05,4327.85,4327.91,401
2026.01.02,22:42,4327.83,4328.37,4327.15,4327.82,373
2026.01.02,22:43,4327.93,4328.07,4326.76,4327.25,360
2026.01.02,22:44,4327.20,4327.74,4326.63,4326.74,370
2026.01.02,22:45,4326.73,4327.68,4326.72,4327.49,362
2026.01.02,22:46,4327.52,4327.92,4326.72,4327.08,488
2026.01.02,22:47,4327.11,4327.52,4326.18,4326.91,484
2026.01.02,22:48,4326.86,4328.05,4326.85,4327.83,537
2026.01.02,22:49,4327.77,4328.12,4327.02,4327.18,737
2026.01.02,22:50,4327.17,4329.70,4326.71,4329.12,730
2026.01.02,22:51,4329.14,4329.25,4327.41,4327.77,522
2026.01.02,22:52,4327.75,4328.64,4327.45,4328.50,424
2026.01.02,22:53,4328.60,4329.25,4328.23,4328.58,600
2026.01.02,22:54,4328.57,4328.74,4327.50,4328.05,782
2026.01.02,22:55,4328.03,4330.07,4327.87,4329.47,863
2026.01.02,22:56,4329.43,4330.91,4329.09,4329.76,574
2026.01.02,22:57,4329.77,4330.98,4329.30,4330.49,836
2026.01.02,22:58,4330.40,4331.41,4330.14,4330.66,911
2026.01.02,22:59,4330.69,4331.66,4329.88,4331.40,945
2026.01.02,23:00,4331.50,4331.91,4330.37,4330.89,385
2026.01.02,23:01,4330.90,4330.97,4329.53,4329.81,517
2026.01.02,23:02,4329.69,4330.12,4328.11,4329.25,470
2026.01.02,23:03,4329.24,4330.16,4328.97,4329.86,541
2026.01.02,23:04,4329.84,4330.78,4329.34,4330.60,335
2026.01.02,23:05,4330.61,4331.14,4328.41,4328.51,240
2026.01.02,23:06,4328.49,4328.82,4327.00,4327.37,213
2026.01.02,23:07,4327.36,4328.27,4327.28,4328.17,102
2026.01.02,23:08,4328.21,4329.79,4328.16,4329.37,77
2026.01.02,23:09,4329.36,4330.16,4329.16,4329.50,104
2026.01.02,23:10,4329.58,4330.87,4328.79,4330.60,116
2026.01.02,23:11,4330.54,4331.29,4329.79,4330.15,160
2026.01.02,23:12,4330.14,4330.14,4328.49,4328.94,123
2026.01.02,23:13,4328.92,4329.78,4328.90,4329.10,81
2026.01.02,23:14,4329.11,4329.33,4328.73,4328.88,81
2026.01.02,23:15,4328.79,4329.10,4328.48,4328.50,67
2026.01.02,23:16,4328.39,4328.47,4328.17,4328.44,40
2026.01.02,23:17,4328.39,4328.63,4328.10,4328.45,45
2026.01.02,23:18,4328.57,4329.10,4328.05,4328.24,62
2026.01.02,23:19,4328.25,4328.51,4327.71,4328.38,30
2026.01.02,23:20,4328.43,4328.64,4327.77,4328.56,54
2026.01.02,23:21,4328.68,4328.87,4328.58,4328.87,40
2026.01.02,23:22,4328.87,4329.45,4328.77,4328.94,83
2026.01.02,23:23,4328.93,4329.12,4328.76,4328.97,127
2026.01.02,23:24,4328.95,4329.07,4328.34,4329.07,128
2026.01.02,23:25,4329.04,4329.70,4328.90,4329.48,326
2026.01.02,23:26,4329.44,4329.63,4328.97,4329.14,228
2026.01.02,23:27,4329.06,4329.17,4328.18,4328.23,219
2026.01.02,23:28,4328.20,4328.69,4328.03,4328.31,253
2026.01.02,23:29,4328.27,4328.80,4327.92,4328.80,492
2026.01.02,23:30,4328.76,4328.76,4328.13,4328.14,75
2026.01.02,23:31,4328.16,4328.98,4328.16,4328.96,56
2026.01.02,23:32,4328.99,4329.40,4328.99,4329.12,40
2026.01.02,23:33,4329.10,4329.16,4328.93,4329.13,31
2026.01.02,23:34,4329.11,4329.72,4329.11,4329.51,53
2026.01.02,23:35,4329.54,4330.36,4329.52,4330.30,58
2026.01.02,23:36,4330.32,4330.45,4329.09,4329.11,85
2026.01.02,23:37,4329.18,4329.30,4328.76,4329.18,66
2026.01.02,23:38,4329.02,4329.08,4328.44,4328.48,97
2026.01.02,23:39,4328.47,4328.70,4328.20,4328.30,86
2026.01.02,23:40,4328.33,4328.72,4328.13,4328.18,76
2026.01.02,23:41,4327.99,4328.13,4327.26,4327.67,97
2026.01.02,23:42,4327.58,4327.83,4327.30,4327.57,97
2026.01.02,23:43,4327.68,4328.19,4327.58,4327.84,83
2026.01.02,23:44,4327.83,4328.78,4327.69,4328.55,54
2026.01.02,23:45,4328.47,4329.43,4328.38,4329.41,58
2026.01.02,23:46,4329.32,4330.93,4329.32,4330.35,80
2026.01.02,23:47,4330.47,4330.73,4330.28,4330.46,86
2026.01.02,23:48,4330.36,4331.27,4330.30,4330.41,87
2026.01.02,23:49,4330.42,4330.59,4329.88,4330.40,89
2026.01.02,23:50,4330.45,4331.58,4330.32,4331.01,143
2026.01.02,23:51,4331.05,4332.28,4331.05,4332.16,81
2026.01.02,23:52,4332.14,4332.67,4332.14,4332.37,91
2026.01.02,23:53,4332.32,4332.55,4332.14,4332.45,86
2026.01.02,23:54,4332.38,4333.25,4332.34,4332.96,108
2026.01.02,23:55,4332.90,4334.26,4332.37,4333.14,86
2026.01.02,23:56,4333.11,4333.50,4332.50,4332.85,104
2026.01.02,23:57,4332.79,4332.79,4331.38,4331.61,62
2026.01.02,23:58,4331.59,4332.48,4331.59,4332.16,127
2026.01.02,23:59,4332.02,4332.60,4331.83,4332.23,121
2026.01.05,01:00,4350.37,4357.95,4350.37,4353.89,299
2026.01.05,01:01,4353.56,4354.10,4350.84,4351.12,286
2026.01.05,01:02,4351.55,4353.93,4345.35,4346.31,278
2026.01.05,01:03,4346.41,4353.78,4346.39,4352.06,281
2026.01.05,01:04,4351.91,4356.46,4350.28,4356.46,316
2026.01.05,01:05,4356.58,4357.58,4353.78,4355.81,317
2026.01.05,01:06,4356.16,4356.17,4353.83,4354.36,344
2026.01.05,01:07,4354.37,4354.60,4349.66,4352.24,395
2026.01.05,01:08,4352.24,4354.41,4350.10,4354.41,606
2026.01.05,01:09,4354.38,4359.55,4354.35,4359.37,517
2026.01.05,01:10,4359.40,4363.10,4359.05,4362.51,454
2026.01.05,01:11,4362.55,4364.39,4360.91,4364.26,762
2026.01.05,01:12,4364.26,4368.86,4363.93,4368.85,674
2026.01.05,01:13,4368.83,4370.17,4368.37,4369.64,526
2026.01.05,01:14,4369.65,4370.74,4369.46,4370.11,378
2026.01.05,01:15,4370.07,4372.79,4368.70,4369.73,1361
2026.01.05,01:16,4369.67,4369.68,4364.42,4366.31,687
2026.01.05,01:17,4366.31,4367.91,4365.22,4366.30,564
2026.01.05,01:18,4366.29,4366.29,4363.81,4363.91,373
2026.01.05,01:19,4364.14,4365.40,4361.14,4365.08,516
2026.01.05,01:20,4365.04,4368.77,4365.01,4367.83,465
2026.01.05,01:21,4367.73,4367.81,4365.03,4366.13,376
2026.01.05,01:22,4366.09,4368.85,4364.24,4367.66,683
2026.01.05,01:23,4367.69,4369.03,4366.07,4366.26,349
2026.01.05,01:24,4366.29,4368.01,4364.35,4364.99,458
2026.01.05,01:25,4365.01,4366.51,4364.54,4364.80,520
2026.01.05,01:26,4364.68,4365.69,4363.36,4365.51,458
2026.01.05,01:27,4365.46,4367.65,4365.46,4366.95,355
2026.01.05,01:28,4366.89,4367.61,4365.55,4366.05,239
2026.01.05,01:29,4366.14,4368.00,4365.82,4366.83,288
2026.01.05,01:30,4366.59,4366.67,4363.86,4364.65,438
2026.01.05,01:31,4364.58,4365.01,4361.61,4363.56,446
2026.01.05,01:32,4363.50,4363.58,4360.49,4360.98,398
2026.01.05,01:33,4360.91,4362.07,4358.58,4358.99,612
2026.01.05,01:34,4359.00,4359.00,4354.04,4356.61,839
2026.01.05,01:35,4356.64,4357.92,4354.58,4357.62,481
2026.01.05,01:36,4357.37,4357.61,4354.44,4355.07,432
2026.01.05,01:37,4355.06,4359.39,4354.58,4359.16,331
2026.01.05,01:38,4359.15,4361.95,4359.14,4360.74,431
2026.01.05,01:39,4360.77,4361.64,4359.78,4361.53,379
2026.01.05,01:40,4361.66,4363.19,4361.44,4362.97,226
2026.01.05,01:41,4362.96,4363.34,4362.19,4362.69,190
2026.01.05,01:42,4362.70,4362.76,4361.02,4361.30,170
2026.01.05,01:43,4361.29,4362.07,4360.57,4360.88,223
2026.01.05,01:44,4360.90,4362.48,4360.88,4362.46,228
2026.01.05,01:45,4361.74,4363.57,4361.18,4363.57,303
2026.01.05,01:46,4363.50,4366.09,4363.11,4364.83,436
2026.01.05,01:47,4364.84,4366.72,4364.07,4366.31,411
2026.01.05,01:48,4366.34,4368.03,4364.98,4367.98,403
2026.01.05,01:49,4368.00,4370.97,4366.94,4370.95,543
2026.01.05,01:50,4370.87,4374.65,4370.74,4374.55,590
2026.01.05,01:51,4374.50,4374.52,4371.95,4372.61,773
2026.01.05,01:52,4372.62,4375.83,4372.33,4375.44,846
2026.01.05,01:53,4375.46,4375.62,4372.76,4373.18,972
2026.01.05,01:54,4373.05,4373.71,4371.09,4373.34,558
2026.01.05,01:55,4373.35,4373.90,4371.77,4372.84,328
2026.01.05,01:56,4372.89,4375.52,4372.80,4375.29,357
2026.01.05,01:57,4375.28,4375.96,4373.83,4375.32,390
2026.01.05,01:58,4375.33,4375.68,4373.74,4373.96,458
2026.01.05,01:59,4373.98,4374.08,4371.86,4372.38,247
2026.01.05,02:00,4372.34,4374.74,4371.43,4374.16,604
2026.01.05,02:01,4374.15,4375.19,4373.29,4373.96,436
2026.01.05,02:02,4373.97,4374.74,4372.42,4373.06,481
2026.01.05,02:03,4372.78,4373.73,4372.42,4373.49,322
2026.01.05,02:04,4373.57,4373.86,4370.60,4370.66,439
2026.01.05,02:05,4370.67,4373.78,4370.08,4373.27,442
2026.01.05,02:06,4373.21,4373.96,4372.77,4372.93,259
2026.01.05,02:07,4372.94,4372.99,4371.28,4371.85,246
2026.01.05,02:08,4371.86,4373.43,4371.86,4372.02,293
2026.01.05,02:09,4371.95,4375.40,4371.48,4375.24,243
2026.01.05,02:10,4375.22,4377.27,4374.99,4376.68,533
2026.01.05,02:11,4376.69,4378.65,4375.86,4378.35,338
2026.01.05,02:12,4378.33,4379.83,4378.33,4379.64,461
2026.01.05,02:13,4379.52,4379.94,4377.83,4378.75,468
2026.01.05,02:14,4378.81,4379.75,4377.86,4378.00,321
2026.01.05,02:15,4377.89,4379.60,4377.80,4379.52,300
2026.01.05,02:16,4379.51,4381.18,4378.48,4378.77,404
2026.01.05,02:17,4378.78,4379.97,4377.61,4379.97,348
2026.01.05,02:18,4380.05,4383.29,4379.68,4382.34,463
2026.01.05,02:19,4382.36,4383.45,4381.32,4383.45,536
2026.01.05,02:20,4383.39,4384.63,4381.98,4383.92,709
2026.01.05,02:21,4383.90,4385.83,4382.90,4385.79,422
2026.01.05,02:22,4385.78,4385.85,4384.31,4384.46,402
2026.01.05,02:23,4384.48,4385.35,4384.35,4385.12,306
2026.01.05,02:24,4385.21,4385.31,4383.54,4384.68,320
2026.01.05,02:25,4384.74,4384.82,4383.38,4384.07,391
2026.01.05,02:26,4384.10,4384.84,4383.50,4384.28,267
2026.01.05,02:27,4384.29,4385.44,4384.02,4385.16,293
2026.01.05,02:28,4385.25,4389.14,4385.21,4387.74,748
2026.01.05,02:29,4387.64,4389.54,4386.95,4387.04,557
2026.01.05,02:30,4387.24,4387.79,4386.23,4386.53,565
2026.01.05,02:31,4386.60,4391.45,4386.45,4389.97,658
2026.01.05,02:32,4389.99,4391.61,4388.71,4391.49,630
2026.01.05,02:33,4391.54,4392.21,4390.66,4390.73,462
2026.01.05,02:34,4390.70,4390.75,4387.94,4388.81,511
2026.01.05,02:35,4388.79,4389.19,4387.82,4388.77,945
2026.01.05,02:36,4388.80,4392.96,4388.52,4392.48,1291
2026.01.05,02:37,4392.64,4396.68,4392.64,4395.62,1261
2026.01.05,02:38,4395.59,4395.97,4394.12,4394.52,1070
2026.01.05,02:39,4394.39,4395.39,4393.70,4395.24,775
2026.01.05,02:40,4395.29,4395.43,4386.36,4386.43,1200
2026.01.05,02:41,4386.41,4389.25,4385.78,4388.93,835
2026.01.05,02:42,4388.96,4390.05,4388.77,4389.31,560
2026.01.05,02:43,4389.17,4390.07,4387.02,4388.16,853
2026.01.05,02:44,4388.15,4389.79,4387.54,4387.71,1048
2026.01.05,02:45,4387.74,4388.23,4385.16,4386.04,843
2026.01.05,02:46,4385.94,4388.39,4385.72,4386.56,1200
2026.01.05,02:47,4386.55,4387.35,4384.94,4385.21,1105
2026.01.05,02:48,4385.29,4388.49,4385.21,4388.47,1201
2026.01.05,02:49,4388.33,4391.83,4388.18,4391.81,1234
2026.01.05,02:50,4391.66,4392.02,4389.31,4391.14,1447
2026.01.05,02:51,4391.19,4392.59,4389.96,4390.63,1118
2026.01.05,02:52,4390.63,4391.69,4389.55,4389.83,1051
2026.01.05,02:53,4389.81,4392.75,4389.36,4392.21,1172
2026.01.05,02:54,4392.19,4392.60,4391.45,4392.00,1397
2026.01.05,02:55,4392.00,4393.45,4391.35,4393.33,1260
2026.01.05,02:56,4393.32,4393.50,4391.95,4392.39,1926
2026.01.05,02:57,4392.45,4393.31,4390.71,4391.29,1522
2026.01.05,02:58,4391.32,4391.62,4389.47,4389.68,1564
2026.01.05,02:59,4389.74,4396.00,4389.68,4394.55,1794
2026.01.05,03:00,4394.82,4400.99,4394.08,4399.12,2410
2026.01.05,03:01,4398.93,4400.98,4396.81,4398.13,1792
2026.01.05,03:02,4398.14,4410.69,4398.14,4407.43,1990
2026.01.05,03:03,4407.53,4410.53,4405.70,4409.58,1137
2026.01.05,03:04,4409.57,4417.33,4409.53,4416.99,1929
2026.01.05,03:05,4416.98,4421.27,4406.92,4407.26,2942
2026.01.05,03:06,4407.19,4409.25,4404.85,4406.80,1849
2026.01.05,03:07,4406.61,4412.90,4405.67,4411.79,2725
2026.01.05,03:08,4411.78,4413.63,4409.80,4410.12,2373
2026.01.05,03:09,4410.06,4412.75,4407.37,4410.51,2089
2026.01.05,03:10,4410.55,4416.60,4402.62,4403.29,2873
2026.01.05,03:11,4403.36,4407.30,4402.24,4405.83,2732
2026.01.05,03:12,4406.04,4408.04,4400.67,4401.45,2186
2026.01.05,03:13,4401.56,4402.33,4396.67,4400.75,2845
2026.01.05,03:14,4400.56,4403.76,4397.92,4402.71,2083
2026.01.05,03:15,4402.73,4403.97,4399.99,4402.96,1533
2026.01.05,03:16,4403.00,4404.58,4401.26,4402.73,1889
2026.01.05,03:17,4402.67,4403.01,4398.73,4399.37,2507
2026.01.05,03:18,4399.23,4403.92,4397.53,4403.28,1491
2026.01.05,03:19,4403.06,4403.23,4395.38,4395.97,1649
2026.01.05,03:20,4395.95,4401.30,4393.94,4398.14,1906
2026.01.05,03:21,4398.17,4402.10,4397.83,4399.44,1872
2026.01.05,03:22,4399.38,4399.71,4397.75,4398.93,1004
2026.01.05,03:23,4398.96,4399.59,4395.38,4395.82,1121
2026.01.05,03:24,4395.87,4398.64,4395.87,4397.66,1501
2026.01.05,03:25,4397.94,4404.26,4397.59,4403.59,1937
2026.01.05,03:26,4403.60,4405.70,4399.35,4399.53,1865
2026.01.05,03:27,4399.47,4399.76,4395.50,4397.47,1487
2026.01.05,03:28,4397.46,4399.61,4396.66,4397.22,1484
2026.01.05,03:29,4397.23,4398.11,4393.92,4396.17,1243
2026.01.05,03:30,4396.16,4399.51,4394.70,4396.41,1102
2026.01.05,03:31,4396.35,4396.41,4392.78,4393.38,1612
2026.01.05,03:32,4393.33,4396.57,4393.04,4395.63,2090
2026.01.05,03:33,4395.39,4400.82,4394.50,4400.65,1992
2026.01.05,03:34,4400.49,4400.81,4395.54,4395.59,2056
2026.01.05,03:35,4395.52,4398.61,4394.10,4397.65,2086
2026.01.05,03:36,4397.73,4399.12,4396.68,4398.43,2111
2026.01.05,03:37,4398.42,4401.63,4397.32,4400.07,2032
2026.01.05,03:38,4400.13,4403.92,4399.94,4402.51,2180
2026.01.05,03:39,4402.64,4405.28,4401.91,4404.74,2902
2026.01.05,03:40,4404.77,4405.40,4401.73,4402.39,1639
2026.01.05,03:41,4402.42,4404.09,4400.56,4401.53,1842
2026.01.05,03:42,4401.57,4401.84,4398.84,4400.49,1619
2026.01.05,03:43,4400.41,4400.66,4397.74,4400.37,828
2026.01.05,03:44,4400.42,4404.08,4399.79,4404.07,1209
2026.01.05,03:45,4403.89,4406.62,4402.25,4406.18,2385
2026.01.05,03:46,4406.18,4406.62,4402.83,4403.56,2475
2026.01.05,03:47,4403.51,4403.56,4400.67,4401.98,2121
2026.01.05,03:48,4401.95,4403.56,4399.77,4400.58,1704
2026.01.05,03:49,4400.62,4402.26,4398.96,4399.53,2086
2026.01.05,03:50,4399.51,4400.61,4393.35,4393.36,1933
2026.01.05,03:51,4393.45,4395.78,4391.51,4391.82,2666
2026.01.05,03:52,4391.91,4394.53,4391.13,4393.00,2671
2026.01.05,03:53,4392.97,4398.30,4392.91,4397.92,2045
2026.01.05,03:54,4397.99,4400.29,4397.41,4398.22,1675
2026.01.05,03:55,4398.37,4399.86,4396.95,4398.29,1716
2026.01.05,03:56,4398.28,4399.90,4397.12,4399.17,1517
2026.01.05,03:57,4399.49,4400.94,4398.19,4399.42,1303
2026.01.05,03:58,4399.46,4402.43,4398.51,4401.27,2047
2026.01.05,03:59,4401.33,4401.98,4399.94,4401.69,1461
2026.01.05,04:00,4401.54,4405.03,4401.53,4402.12,1560
2026.01.05,04:01,4402.13,4402.16,4397.74,4397.74,1080
2026.01.05,04:02,4397.73,4397.86,4395.62,4396.31,1943
2026.01.05,04:03,4396.31,4397.98,4395.49,4397.73,2007
2026.01.05,04:04,4397.75,4399.99,4396.80,4398.82,1232
2026.01.05,04:05,4398.83,4400.08,4396.02,4396.89,1402
2026.01.05,04:06,4396.96,4397.19,4392.58,4392.68,1306
2026.01.05,04:07,4392.67,4394.57,4391.78,4391.97,2171
2026.01.05,04:08,4392.07,4392.07,4388.55,4390.58,1620
2026.01.05,04:09,4390.67,4392.84,4390.13,4390.91,1195
2026.01.05,04:10,4390.93,4392.90,4389.91,4391.41,1377
2026.01.05,04:11,4391.42,4392.14,4390.48,4391.16,1057
2026.01.05,04:12,4391.19,4394.11,4390.78,4393.24,1413
2026.01.05,04:13,4393.30,4394.08,4392.45,4392.94,1165
2026.01.05,04:14,4392.97,4394.75,4392.97,4393.85,1228
2026.01.05,04:15,4393.83,4395.98,4392.46,4395.27,1304
2026.01.05,04:16,4395.68,4395.78,4394.70,4395.02,523
2026.01.05,04:17,4395.01,4398.10,4392.36,4396.38,1242
2026.01.05,04:18,4396.35,4397.26,4395.47,4395.92,839
2026.01.05,04:19,4395.91,4396.78,4393.97,4394.38,875
2026.01.05,04:20,4394.39,4396.90,4394.07,4394.81,672
2026.01.05,04:21,4394.80,4395.67,4394.19,4395.06,500
2026.01.05,04:22,4395.07,4396.04,4394.46,4395.10,427
2026.01.05,04:23,4395.11,4396.51,4394.90,4394.94,443
2026.01.05,04:24,4395.10,4397.45,4394.69,4397.06,588
2026.01.05,04:25,4397.17,4399.39,4397.08,4398.86,1003
2026.01.05,04:26,4398.84,4402.49,4398.57,4401.74,1074
2026.01.05,04:27,4401.69,4402.25,4400.27,4401.46,1153
2026.01.05,04:28,4401.42,4402.93,4401.28,4401.45,878
2026.01.05,04:29,4401.53,4403.19,4400.76,4402.12,855
2026.01.05,04:30,4402.14,4405.66,4400.90,4404.94,1565
2026.01.05,04:31,4404.99,4405.81,4404.17,4405.50,744
2026.01.05,04:32,4405.46,4406.97,4404.82,4405.18,1097
2026.01.05,04:33,4405.23,4406.06,4404.11,4404.37,900
2026.01.05,04:34,4404.23,4405.29,4401.63,4402.76,1048
2026.01.05,04:35,4402.61,4404.19,4401.46,4403.99,575
2026.01.05,04:36,4403.98,4404.76,4403.24,4404.19,617
2026.01.05,04:37,4403.91,4404.87,4402.65,4403.53,638
2026.01.05,04:38,4403.40,4404.01,4401.48,4402.70,597
2026.01.05,04:39,4402.69,4404.55,4401.91,4402.37,1175
2026.01.05,04:40,4402.26,4404.04,4401.03,4403.97,1092
2026.01.05,04:41,4404.09,4404.78,4403.21,4404.26,628
2026.01.05,04:42,4404.17,4404.90,4401.93,4403.59,915
2026.01.05,04:43,4403.64,4404.68,4400.71,4400.81,876
2026.01.05,04:44,4400.75,4402.07,4399.69,4399.82,1417
2026.01.05,04:45,4399.78,4402.06,4399.11,4399.20,374
2026.01.05,04:46,4399.19,4402.78,4398.59,4402.53,1305
2026.01.05,04:47,4402.37,4404.17,4402.37,4402.77,870
2026.01.05,04:48,4402.84,4405.15,4402.82,4403.22,606
2026.01.05,04:49,4403.27,4403.54,4401.81,4403.37,568
2026.01.05,04:50,4403.35,4404.48,4402.67,4403.27,1242
2026.01.05,04:51,4403.28,4406.18,4403.27,4405.83,605
2026.01.05,04:52,4405.92,4408.27,4405.66,4408.27,1473
2026.01.05,04:53,4408.23,4408.44,4407.13,4408.35,1361
2026.01.05,04:54,4408.33,4408.64,4406.92,4407.16,1166
2026.01.05,04:55,4407.17,4409.49,4406.98,4407.18,1693
2026.01.05,04:56,4407.15,4409.04,4407.01,4407.76,919
2026.01.05,04:57,4407.93,4408.04,4406.11,4406.70,938
2026.01.05,04:58,4406.69,4406.80,4405.34,4405.58,527
2026.01.05,04:59,4405.59,4405.81,4403.94,4405.47,638
2026.01.05,05:00,4405.42,4408.27,4405.30,4407.68,908
2026.01.05,05:01,4407.69,4408.23,4406.50,4407.80,1084
2026.01.05,05:02,4407.81,4411.35,4407.70,4411.19,1308
2026.01.05,05:03,4411.14,4411.97,4409.88,4410.84,1255
2026.01.05,05:04,4410.71,4412.43,4410.59,4411.51,1449
2026.01.05,05:05,4411.56,4414.08,4411.08,4413.54,1136
2026.01.05,05:06,4413.43,4413.60,4411.80,4412.34,1148
2026.01.05,05:07,4412.30,4412.75,4411.21,4411.68,970
2026.01.05,05:08,4411.59,4412.58,4410.38,4410.59,583
2026.01.05,05:09,4410.56,4411.18,4409.27,4410.06,550
2026.01.05,05:10,4410.08,4410.78,4408.42,4409.61,762
2026.01.05,05:11,4409.65,4410.37,4409.21,4409.90,523
2026.01.05,05:12,4409.94,4411.29,4409.83,4410.44,598
2026.01.05,05:13,4410.45,4412.83,4409.94,4412.51,1081
2026.01.05,05:14,4412.68,4413.43,4410.36,4410.55,770
2026.01.05,05:15,4410.53,4410.98,4409.37,4409.59,667
2026.01.05,05:16,4409.70,4412.45,4409.49,4411.49,916
2026.01.05,05:17,4411.50,4411.96,4410.53,4411.02,1528
2026.01.05,05:18,4411.00,4411.25,4409.44,4409.93,752
2026.01.05,05:19,4409.94,4410.39,4407.87,4407.98,1062
2026.01.05,05:20,4407.91,4410.01,4407.91,4409.16,652
2026.01.05,05:21,4409.15,4409.72,4408.23,4408.75,731
2026.01.05,05:22,4408.74,4408.90,4407.81,4408.42,598
2026.01.05,05:23,4408.40,4409.83,4407.97,4408.99,536
2026.01.05,05:24,4409.00,4410.01,4408.74,4409.81,555
2026.01.05,05:25,4409.84,4409.96,4407.45,4408.44,640
2026.01.05,05:26,4408.43,4409.37,4407.89,4408.04,628
2026.01.05,05:27,4408.02,4408.27,4406.00,4406.19,878
2026.01.05,05:28,4406.19,4407.57,4406.18,4406.47,608
2026.01.05,05:29,4406.56,4407.81,4406.13,4407.34,981
2026.01.05,05:30,4407.26,4407.43,4405.23,4406.21,1149
2026.01.05,05:31,4406.20,4406.33,4403.68,4404.01,690
2026.01.05,05:32,4404.08,4405.42,4404.04,4404.57,787
2026.01.05,05:33,4404.46,4405.06,4403.52,4405.06,924
2026.01.05,05:34,4405.01,4405.71,4403.95,4404.07,947
2026.01.05,05:35,4404.09,4404.70,4403.57,4404.33,719
2026.01.05,05:36,4404.32,4406.19,4403.82,4406.02,887
2026.01.05,05:37,4406.07,4406.24,4405.17,4405.38,702
2026.01.05,05:38,4405.32,4408.06,4405.12,4407.75,401
2026.01.05,05:39,4407.76,4409.41,4407.50,4408.70,1006
2026.01.05,05:40,4408.67,4408.99,4407.76,4408.58,1006
2026.01.05,05:41,4408.64,4409.14,4407.88,4409.01,1114
2026.01.05,05:42,4409.00,4410.42,4408.71,4410.35,1265
2026.01.05,05:43,4410.36,4410.69,4409.53,4410.07,930
2026.01.05,05:44,4410.06,4410.44,4408.95,4409.46,1173
2026.01.05,05:45,4409.49,4410.25,4408.29,4408.81,1531
2026.01.05,05:46,4408.72,4410.41,4408.48,4409.87,2259
2026.01.05,05:47,4409.88,4410.06,4408.24,4408.28,1686
2026.01.05,05:48,4408.26,4408.35,4406.02,4406.57,466
2026.01.05,05:49,4406.55,4407.66,4406.43,4406.75,771
2026.01.05,05:50,4406.86,4408.12,4406.69,4407.33,768
2026.01.05,05:51,4407.35,4409.18,4407.25,4408.53,782
2026.01.05,05:52,4408.51,4408.82,4408.03,4408.27,501
2026.01.05,05:53,4408.09,4408.40,4407.55,4407.69,610
2026.01.05,05:54,4407.68,4407.77,4406.37,4406.50,553
2026.01.05,05:55,4406.49,4407.08,4406.21,4406.22,615
2026.01.05,05:56,4406.24,4406.44,4404.67,4404.91,607
2026.01.05,05:57,4404.92,4405.28,4403.38,4403.49,1589
2026.01.05,05:58,4403.76,4404.58,4402.02,4402.35,778
2026.01.05,05:59,4402.38,4402.67,4399.52,4399.96,746
2026.01.05,06:00,4399.93,4400.26,4398.64,4399.42,490
2026.01.05,06:01,4399.44,4401.66,4399.30,4401.32,588
2026.01.05,06:02,4401.35,4402.02,4399.15,4399.72,894
2026.01.05,06:03,4399.59,4400.48,4397.47,4397.85,678
2026.01.05,06:04,4397.92,4402.99,4397.25,4402.65,560
2026.01.05,06:05,4402.69,4403.77,4402.23,4403.43,438
2026.01.05,06:06,4403.39,4404.55,4402.83,4403.44,435
2026.01.05,06:07,4403.42,4403.88,4402.54,4402.90,349
2026.01.05,06:08,4402.89,4403.26,4402.16,4403.24,618
2026.01.05,06:09,4403.19,4403.29,4400.19,4400.22,736
2026.01.05,06:10,4400.21,4401.11,4399.94,4400.80,443
2026.01.05,06:11,4400.77,4401.19,4400.08,4400.66,396
2026.01.05,06:12,4400.61,4401.16,4399.97,4400.04,270
2026.01.05,06:13,4400.01,4400.55,4399.10,4399.10,301
2026.01.05,06:14,4399.16,4400.26,4398.60,4400.06,469
2026.01.05,06:15,4400.03,4402.24,4399.92,4402.21,356
2026.01.05,06:16,4402.27,4402.82,4401.69,4402.54,238
2026.01.05,06:17,4402.55,4403.54,4402.54,4403.12,331
2026.01.05,06:18,4403.16,4403.77,4402.81,4403.19,325
2026.01.05,06:19,4403.22,4403.34,4402.75,4402.83,256
2026.01.05,06:20,4402.82,4405.02,4402.81,4404.06,367
2026.01.05,06:21,4404.33,4404.83,4404.11,4404.52,294
2026.01.05,06:22,4404.54,4404.88,4404.21,4404.65,287
2026.01.05,06:23,4404.60,4405.53,4404.59,4405.53,234
2026.01.05,06:24,4405.50,4406.32,4404.93,4404.94,246
2026.01.05,06:25,4404.97,4405.72,4404.41,4404.93,431
2026.01.05,06:26,4404.88,4405.23,4404.11,4404.37,252
2026.01.05,06:27,4404.35,4405.33,4404.05,4405.23,413
2026.01.05,06:28,4405.26,4405.34,4404.27,4404.61,281
2026.01.05,06:29,4404.60,4405.35,4404.09,4404.69,292
2026.01.05,06:30,4404.68,4404.97,4404.19,4404.68,190
2026.01.05,06:31,4404.69,4405.62,4404.43,4405.47,208
2026.01.05,06:32,4405.48,4405.82,4404.76,4405.04,308
2026.01.05,06:33,4405.01,4405.90,4404.52,4405.27,266
2026.01.05,06:34,4405.28,4405.69,4404.82,4404.98,241
2026.01.05,06:35,4404.99,4405.76,4404.81,4405.33,162
2026.01.05,06:36,4405.31,4406.63,4405.31,4406.30,271
2026.01.05,06:37,4406.32,4406.38,4404.50,4405.29,411
2026.01.05,06:38,4405.21,4406.30,4404.80,4404.97,435
2026.01.05,06:39,4404.99,4405.66,4404.13,4405.56,298
2026.01.05,06:40,4405.57,4406.10,4405.26,4405.80,224
2026.01.05,06:41,4405.82,4407.69,4405.65,4406.43,462
2026.01.05,06:42,4406.42,4406.64,4405.58,4406.38,534
2026.01.05,06:43,4406.44,4406.72,4405.70,4405.86,332
2026.01.05,06:44,4405.87,4406.60,4405.36,4405.58,466
2026.01.05,06:45,4405.63,4407.26,4405.32,4407.13,519
2026.01.05,06:46,4407.07,4407.17,4406.10,4406.24,224
2026.01.05,06:47,4406.21,4406.37,4405.82,4405.96,240
2026.01.05,06:48,4405.95,4406.82,4405.95,4406.46,258
2026.01.05,06:49,4406.44,4407.24,4406.14,4406.88,277
2026.01.05,06:50,4406.85,4408.30,4406.80,4407.52,440
2026.01.05,06:51,4407.38,4407.76,4406.24,4406.64,556
2026.01.05,06:52,4406.56,4406.81,4403.88,4403.95,462
2026.01.05,06:53,4403.93,4404.55,4403.69,4403.98,202
2026.01.05,06:54,4403.97,4404.40,4403.72,4404.05,251
2026.01.05,06:55,4403.94,4404.70,4403.47,4404.25,344
2026.01.05,06:56,4404.05,4404.20,4403.60,4403.86,377
2026.01.05,06:57,4403.88,4404.78,4403.87,4404.16,178
2026.01.05,06:58,4404.18,4405.60,4403.97,4405.60,389
2026.01.05,06:59,4405.55,4405.68,4404.18,4404.23,304
2026.01.05,07:00,4404.11,4405.24,4403.68,4404.09,521
2026.01.05,07:01,4404.14,4405.37,4403.93,4405.23,341
2026.01.05,07:02,4405.22,4406.14,4405.07,4405.76,347
2026.01.05,07:03,4405.77,4405.77,4404.54,4405.02,337
2026.01.05,07:04,4405.25,4406.07,4405.11,4405.66,270
2026.01.05,07:05,4405.64,4406.07,4405.07,4405.97,267
2026.01.05,07:06,4405.98,4406.82,4405.50,4405.84,396
2026.01.05,07:07,4405.80,4406.49,4405.45,4406.32,307
2026.01.05,07:08,4406.24,4407.33,4406.11,4406.47,562
2026.01.05,07:09,4406.49,4406.67,4405.12,4405.19,504
2026.01.05,07:10,4405.07,4405.55,4404.91,4405.07,297
2026.01.05,07:11,4405.06,4405.79,4404.93,4405.73,394
2026.01.05,07:12,4405.69,4407.60,4405.69,4407.43,249
2026.01.05,07:13,4407.34,4408.65,4407.21,4408.24,446
2026.01.05,07:14,4408.36,4408.88,4407.72,4408.01,524
2026.01.05,07:15,4408.02,4409.03,4407.77,4408.69,329
2026.01.05,07:16,4408.68,4409.58,4408.62,4408.80,219
2026.01.05,07:17,4408.79,4408.83,4407.65,4407.88,201
2026.01.05,07:18,4407.81,4408.38,4407.59,4408.34,115
2026.01.05,07:19,4408.31,4409.10,4408.12,4408.48,190
2026.01.05,07:20,4408.55,4408.76,4407.61,4407.67,141
2026.01.05,07:21,4407.65,4408.52,4406.86,4408.35,294
2026.01.05,07:22,4408.36,4408.72,4408.02,4408.21,220
2026.01.05,07:23,4408.19,4408.47,4407.69,4407.94,235
2026.01.05,07:24,4407.99,4408.48,4407.68,4408.10,288
2026.01.05,07:25,4408.07,4408.60,4407.27,4408.08,439
2026.01.05,07:26,4408.14,4410.39,4408.07,4409.80,342
2026.01.05,07:27,4409.77,4410.96,4409.71,4410.56,241
2026.01.05,07:28,4410.55,4411.09,4410.52,4410.81,160
2026.01.05,07:29,4410.84,4412.64,4410.79,4412.50,238
2026.01.05,07:30,4412.48,4414.14,4411.93,4413.34,395
2026.01.05,07:31,4413.38,4414.35,4410.82,4411.05,447
2026.01.05,07:32,4411.00,4411.57,4408.24,4410.70,568
2026.01.05,07:33,4410.70,4412.13,4409.35,4411.93,469
2026.01.05,07:34,4411.97,4412.43,4409.40,4409.52,470
2026.01.05,07:35,4409.58,4410.26,4408.43,4409.61,471
2026.01.05,07:36,4409.60,4411.25,4409.23,4410.10,485
2026.01.05,07:37,4409.97,4411.12,4409.34,4410.62,827
2026.01.05,07:38,4410.66,4411.63,4409.15,4411.27,1026
2026.01.05,07:39,4411.34,4411.34,4408.63,4409.24,883
2026.01.05,07:40,4409.22,4411.14,4408.90,4409.64,904
2026.01.05,07:41,4409.62,4411.22,4408.97,4409.38,967
2026.01.05,07:42,4409.39,4409.55,4407.41,4407.93,1244
2026.01.05,07:43,4407.68,4408.05,4405.30,4405.40,1294
2026.01.05,07:44,4405.44,4405.44,4402.02,4402.16,956
2026.01.05,07:45,4402.18,4404.12,4401.39,4402.83,1287
2026.01.05,07:46,4402.85,4405.42,4402.60,4404.28,557
2026.01.05,07:47,4404.29,4405.97,4403.95,4405.62,544
2026.01.05,07:48,4405.61,4405.69,4404.28,4405.56,512
2026.01.05,07:49,4405.56,4407.48,4405.56,4405.96,1096
2026.01.05,07:50,4405.93,4408.70,4405.83,4408.21,814
2026.01.05,07:51,4408.18,4409.83,4407.25,4409.21,882
2026.01.05,07:52,4409.22,4410.87,4408.86,4408.96,695
2026.01.05,07:53,4408.99,4410.65,4408.19,4410.23,536
2026.01.05,07:54,4410.24,4410.72,4409.61,4410.03,709
2026.01.05,07:55,4410.05,4411.21,4408.66,4408.83,1010
2026.01.05,07:56,4408.82,4409.43,4407.67,4408.51,976
2026.01.05,07:57,4408.43,4410.55,4407.71,4409.07,1038
2026.01.05,07:58,4409.11,4411.49,4408.17,4410.87,1097
2026.01.05,07:59,4410.91,4412.48,4410.77,4412.30,511
2026.01.05,08:00,4412.29,4413.35,4410.99,4412.99,668
2026.01.05,08:01,4412.98,4416.40,4412.88,4415.68,978
2026.01.05,08:02,4415.72,4415.95,4414.29,4415.55,561
2026.01.05,08:03,4415.55,4416.32,4414.39,4414.80,870
2026.01.05,08:04,4414.79,4415.32,4413.14,4413.90,455
2026.01.05,08:05,4413.60,4415.24,4412.85,4415.14,1106
2026.01.05,08:06,4415.17,4415.19,4412.74,4413.04,1300
2026.01.05,08:07,4413.17,4414.95,4412.57,4413.54,2410
2026.01.05,08:08,4413.64,4414.67,4413.40,4413.99,1900
2026.01.05,08:09,4413.99,4415.64,4413.63,4414.61,1311
2026.01.05,08:10,4414.76,4417.30,4413.15,4414.65,1365
2026.01.05,08:11,4414.68,4419.08,4414.07,4418.85,733
2026.01.05,08:12,4418.81,4419.76,4418.00,4419.38,910
2026.01.05,08:13,4419.40,4420.36,4418.50,4418.60,957
2026.01.05,08:14,4418.67,4418.71,4416.18,4418.18,1923
2026.01.05,08:15,4418.17,4418.38,4415.87,4416.14,978
2026.01.05,08:16,4416.12,4416.86,4415.52,4416.45,420
2026.01.05,08:17,4416.49,4417.57,4416.02,4417.08,1158
2026.01.05,08:18,4417.06,4417.80,4416.54,4416.91,1192
2026.01.05,08:19,4417.11,4419.73,4416.92,4419.06,786
2026.01.05,08:20,4419.05,4419.46,4418.26,4418.80,616
2026.01.05,08:21,4418.69,4420.10,4418.65,4419.57,725
2026.01.05,08:22,4419.61,4420.62,4418.53,4419.68,641
2026.01.05,08:23,4419.61,4420.44,4418.82,4420.09,662
2026.01.05,08:24,4420.08,4420.66,4419.62,4419.70,624
2026.01.05,08:25,4419.80,4426.18,4419.16,4425.24,1253
2026.01.05,08:26,4425.29,4425.89,4422.92,4423.10,874
2026.01.05,08:27,4422.87,4423.15,4420.96,4423.15,926
2026.01.05,08:28,4423.11,4426.18,4422.82,4425.46,1182
2026.01.05,08:29,4425.48,4425.74,4423.73,4424.11,441
2026.01.05,08:30,4424.12,4426.48,4422.98,4423.08,926
2026.01.05,08:31,4423.13,4423.46,4420.89,4421.68,948
2026.01.05,08:32,4421.67,4422.33,4420.07,4420.67,697
2026.01.05,08:33,4420.65,4422.80,4420.34,4421.73,679
2026.01.05,08:34,4421.86,4422.11,4420.44,4420.49,552
2026.01.05,08:35,4420.48,4424.61,4416.00,4418.79,1343
2026.01.05,08:36,4418.81,4419.31,4416.60,4417.36,875
2026.01.05,08:37,4417.61,4419.01,4416.97,4417.88,607
2026.01.05,08:38,4418.09,4421.60,4417.65,4421.22,772
2026.01.05,08:39,4421.22,4424.86,4421.02,4424.16,1853
2026.01.05,08:40,4424.29,4424.44,4421.58,4423.92,1014
2026.01.05,08:41,4423.91,4425.52,4423.46,4424.70,941
2026.01.05,08:42,4424.67,4425.44,4422.20,4422.33,524
2026.01.05,08:43,4422.50,4423.78,4422.04,4422.66,794
2026.01.05,08:44,4422.69,4422.77,4419.95,4420.09,490
2026.01.05,08:45,4420.08,4421.42,4419.65,4420.13,493
2026.01.05,08:46,4420.14,4421.49,4420.07,4421.11,441
2026.01.05,08:47,4421.31,4421.92,4420.18,4421.92,489
2026.01.05,08:48,4421.89,4422.17,4420.84,4421.76,750
2026.01.05,08:49,4421.79,4422.19,4421.04,4421.72,893
2026.01.05,08:50,4421.72,4421.91,4419.28,4419.37,755
2026.01.05,08:51,4419.35,4420.05,4418.71,4418.95,477
2026.01.05,08:52,4418.91,4420.57,4417.96,4420.04,451
2026.01.05,08:53,4419.88,4420.28,4419.66,4419.76,307
2026.01.05,08:54,4419.76,4419.92,4418.68,4419.65,315
2026.01.05,08:55,4419.64,4420.43,4419.15,4420.18,360
2026.01.05,08:56,4420.21,4420.57,4419.39,4419.79,330
2026.01.05,08:57,4419.63,4420.64,4419.31,4420.17,339
2026.01.05,08:58,4420.13,4420.60,4419.09,4419.85,389
2026.01.05,08:59,4419.88,4420.79,4419.58,4420.12,423
2026.01.05,09:00,4420.30,4420.68,4419.17,4420.28,545
2026.01.05,09:01,4420.05,4420.65,4419.32,4420.35,570
2026.01.05,09:02,4420.30,4420.49,4419.18,4420.22,349
2026.01.05,09:03,4420.35,4423.14,4420.19,4422.60,585
2026.01.05,09:04,4422.61,4423.12,4421.46,4421.80,578
2026.01.05,09:05,4421.78,4424.05,4421.33,4422.57,703
2026.01.05,09:06,4422.80,4422.91,4419.11,4419.44,902
2026.01.05,09:07,4419.48,4420.16,4416.83,4417.29,1023
2026.01.05,09:08,4417.30,4419.76,4417.21,4419.07,742
2026.01.05,09:09,4419.06,4420.10,4418.87,4419.41,357
2026.01.05,09:10,4419.37,4419.94,4418.89,4419.68,387
2026.01.05,09:11,4419.69,4419.87,4418.17,4418.26,438
2026.01.05,09:12,4418.44,4418.45,4416.95,4418.19,651
2026.01.05,09:13,4418.18,4419.58,4418.17,4419.13,363
2026.01.05,09:14,4419.16,4420.03,4418.70,4419.91,516
2026.01.05,09:15,4419.90,4420.90,4419.28,4420.58,585
2026.01.05,09:16,4420.51,4422.37,4419.92,4422.19,600
2026.01.05,09:17,4422.15,4422.70,4420.61,4421.33,348
2026.01.05,09:18,4421.41,4422.78,4421.33,4422.26,487
2026.01.05,09:19,4422.22,4423.28,4422.07,4422.64,428
2026.01.05,09:20,4422.65,4422.65,4421.22,4422.09,461
2026.01.05,09:21,4422.05,4422.29,4420.86,4421.59,476
2026.01.05,09:22,4421.57,4421.64,4420.80,4420.87,392
2026.01.05,09:23,4420.90,4422.09,4420.60,4420.76,476
2026.01.05,09:24,4420.74,4421.31,4420.22,4420.80,364
2026.01.05,09:25,4420.80,4421.48,4418.15,4419.64,309
2026.01.05,09:26,4419.63,4420.72,4418.84,4420.60,433
2026.01.05,09:27,4420.61,4421.30,4419.08,4420.71,359
2026.01.05,09:28,4420.72,4421.01,4419.65,4420.77,402
2026.01.05,09:29,4420.75,4421.62,4419.76,4420.37,321
2026.01.05,09:30,4420.39,4420.49,4418.44,4420.28,317
2026.01.05,09:31,4420.46,4421.36,4419.64,4420.23,265
2026.01.05,09:32,4420.35,4421.17,4419.80,4421.17,331
2026.01.05,09:33,4421.15,4422.36,4420.41,4420.85,688
2026.01.05,09:34,4420.78,4421.87,4419.09,4421.07,623
2026.01.05,09:35,4421.14,4422.69,4421.04,4421.35,254
2026.01.05,09:36,4421.37,4423.19,4421.29,4422.39,296
2026.01.05,09:37,4422.38,4423.06,4421.39,4421.46,395
2026.01.05,09:38,4421.44,4422.27,4420.91,4422.08,390
2026.01.05,09:39,4422.29,4423.71,4421.74,4422.05,1227
2026.01.05,09:40,4422.20,4423.57,4421.09,4422.59,689
2026.01.05,09:41,4422.61,4424.09,4422.59,4423.64,608
2026.01.05,09:42,4423.59,4425.08,4422.47,4424.39,915
2026.01.05,09:43,4424.40,4425.02,4422.62,4424.95,922
2026.01.05,09:44,4424.88,4425.09,4424.32,4424.55,695
2026.01.05,09:45,4424.56,4424.61,4423.06,4423.14,507
2026.01.05,09:46,4423.12,4423.55,4422.09,4422.52,861
2026.01.05,09:47,4422.54,4422.69,4420.20,4421.52,692
2026.01.05,09:48,4421.51,4422.87,4420.88,4422.17,713
2026.01.05,09:49,4422.11,4422.69,4421.03,4421.66,893
2026.01.05,09:50,4421.65,4421.93,4420.52,4420.99,380
2026.01.05,09:51,4420.97,4421.32,4419.80,4420.27,386
2026.01.05,09:52,4420.18,4421.93,4420.11,4420.25,417
2026.01.05,09:53,4420.20,4421.30,4420.01,4420.87,563
2026.01.05,09:54,4420.89,4421.18,4419.95,4421.02,387
2026.01.05,09:55,4421.10,4421.17,4420.24,4420.94,232
2026.01.05,09:56,4420.90,4421.89,4420.30,4421.85,356
2026.01.05,09:57,4421.89,4422.49,4421.26,4421.56,304
2026.01.05,09:58,4421.49,4422.08,4421.24,4421.49,203
2026.01.05,09:59,4421.45,4422.04,4421.15,4421.75,370
2026.01.05,10:00,4421.76,4423.79,4421.36,4423.07,353
2026.01.05,10:01,4423.08,4423.12,4419.19,4419.50,726
2026.01.05,10:02,4419.49,4421.50,4419.48,4421.26,586
2026.01.05,10:03,4421.26,4421.40,4419.69,4420.95,421
2026.01.05,10:04,4420.96,4421.73,4420.08,4421.05,479
2026.01.05,10:05,4421.06,4422.52,4421.03,4421.73,484
2026.01.05,10:06,4421.69,4421.77,4419.94,4420.03,712
2026.01.05,10:07,4420.04,4420.93,4419.61,4420.81,420
2026.01.05,10:08,4421.05,4421.55,4420.15,4421.40,528
2026.01.05,10:09,4421.41,4421.44,4419.85,4420.60,563
2026.01.05,10:10,4420.61,4421.00,4419.46,4419.92,578
2026.01.05,10:11,4419.94,4420.85,4419.43,4420.67,314
2026.01.05,10:12,4420.82,4424.35,4420.38,4424.35,405
2026.01.05,10:13,4424.38,4425.32,4423.57,4424.23,858
2026.01.05,10:14,4424.22,4424.54,4423.45,4424.38,831
2026.01.05,10:15,4424.39,4427.75,4424.37,4427.50,920
2026.01.05,10:16,4427.56,4428.56,4427.23,4428.37,853
2026.01.05,10:17,4428.51,4430.12,4428.24,4429.91,847
2026.01.05,10:18,4429.85,4430.05,4428.83,4429.41,461
2026.01.05,10:19,4429.34,4430.11,4427.64,4427.85,560
2026.01.05,10:20,4427.81,4428.51,4426.76,4428.10,757
2026.01.05,10:21,4428.13,4428.28,4425.49,4425.95,570
2026.01.05,10:22,4425.96,4427.69,4425.86,4427.39,469
2026.01.05,10:23,4427.37,4427.91,4426.80,4427.69,323
2026.01.05,10:24,4427.72,4428.19,4427.28,4428.19,399
2026.01.05,10:25,4428.30,4429.87,4427.99,4428.52,516
2026.01.05,10:26,4428.54,4429.09,4428.09,4428.89,252
2026.01.05,10:27,4428.91,4429.99,4428.91,4429.19,265
2026.01.05,10:28,4429.20,4430.12,4429.19,4429.74,318
2026.01.05,10:29,4429.68,4429.82,4426.58,4426.66,547
2026.01.05,10:30,4426.67,4426.93,4423.36,4424.92,969
2026.01.05,10:31,4424.91,4426.49,4423.34,4426.27,527
2026.01.05,10:32,4426.26,4427.20,4424.74,4426.99,465
2026.01.05,10:33,4427.01,4427.19,4425.07,4425.36,437
2026.01.05,10:34,4425.35,4425.79,4424.48,4424.90,450
2026.01.05,10:35,4424.98,4425.98,4424.49,4425.88,524
2026.01.05,10:36,4425.61,4425.98,4424.96,4425.74,714
2026.01.05,10:37,4425.75,4426.10,4425.00,4425.24,587
2026.01.05,10:38,4425.20,4425.78,4424.43,4425.47,1216
2026.01.05,10:39,4425.39,4426.23,4425.04,4425.88,799
2026.01.05,10:40,4425.82,4427.47,4425.31,4427.16,780
2026.01.05,10:41,4427.16,4427.55,4426.22,4426.60,699
2026.01.05,10:42,4426.59,4427.26,4426.53,4427.20,1046
2026.01.05,10:43,4427.18,4430.28,4426.64,4429.83,799
2026.01.05,10:44,4429.94,4430.91,4429.28,4430.05,727
2026.01.05,10:45,4430.02,4431.75,4429.86,4430.68,1006
2026.01.05,10:46,4430.73,4431.48,4430.25,4431.21,690
2026.01.05,10:47,4431.22,4431.74,4430.19,4431.35,438
2026.01.05,10:48,4431.34,4432.43,4430.18,4431.30,492
2026.01.05,10:49,4431.29,4432.56,4431.15,4432.02,357
2026.01.05,10:50,4432.03,4432.89,4431.87,4432.53,317
2026.01.05,10:51,4432.51,4434.13,4432.36,4432.66,525
2026.01.05,10:52,4432.63,4432.98,4431.08,4431.52,827
2026.01.05,10:53,4431.51,4432.35,4431.06,4431.57,566
2026.01.05,10:54,4431.58,4431.74,4430.53,4431.15,299
2026.01.05,10:55,4431.09,4431.77,4430.19,4431.40,463
2026.01.05,10:56,4431.37,4431.48,4430.85,4431.19,167
2026.01.05,10:57,4431.21,4432.51,4431.10,4431.65,254
2026.01.05,10:58,4431.66,4431.72,4430.55,4431.44,355
2026.01.05,10:59,4431.47,4431.69,4429.94,4430.07,305
2026.01.05,11:00,4429.97,4432.39,4429.29,4431.44,807
2026.01.05,11:01,4431.39,4431.75,4430.48,4431.35,737
2026.01.05,11:02,4431.33,4431.35,4429.88,4429.94,309
2026.01.05,11:03,4429.98,4430.31,4427.47,4428.68,448
2026.01.05,11:04,4428.69,4428.76,4427.45,4428.23,319
2026.01.05,11:05,4428.27,4428.39,4427.28,4427.83,263
2026.01.05,11:06,4427.85,4428.31,4427.23,4427.73,334
2026.01.05,11:07,4427.64,4428.53,4426.87,4426.95,353
2026.01.05,11:08,4426.94,4428.93,4426.44,4428.27,633
2026.01.05,11:09,4428.26,4428.78,4426.54,4426.64,849
2026.01.05,11:10,4426.66,4427.36,4426.44,4426.91,410
2026.01.05,11:11,4426.90,4427.30,4426.48,4427.03,424
2026.01.05,11:12,4427.00,4428.58,4425.84,4428.58,594
2026.01.05,11:13,4428.71,4429.79,4428.60,4429.25,580
2026.01.05,11:14,4429.31,4431.24,4429.16,4430.34,347
2026.01.05,11:15,4430.36,4430.54,4429.77,4430.18,474
2026.01.05,11:16,4430.10,4430.88,4429.94,4430.36,339
2026.01.05,11:17,4430.32,4430.77,4429.88,4430.48,384
2026.01.05,11:18,4430.49,4430.78,4430.11,4430.59,285
2026.01.05,11:19,4430.60,4431.95,4430.55,4431.68,337
2026.01.05,11:20,4431.64,4432.84,4430.92,4431.88,631
2026.01.05,11:21,4431.89,4434.42,4431.88,4434.35,372
2026.01.05,11:22,4434.35,4434.64,4432.67,4433.24,455
2026.01.05,11:23,4433.31,4433.67,4432.95,4433.40,249
2026.01.05,11:24,4433.39,4434.03,4432.80,4433.65,483
2026.01.05,11:25,4433.66,4434.48,4432.32,4432.50,791
2026.01.05,11:26,4432.45,4433.69,4432.39,4433.59,536
2026.01.05,11:27,4433.59,4433.70,4432.58,4433.57,474
2026.01.05,11:28,4433.56,4433.92,4433.06,4433.15,464
2026.01.05,11:29,4433.24,4433.69,4432.56,4432.64,367
2026.01.05,11:30,4432.56,4432.91,4431.36,4432.18,420
2026.01.05,11:31,4432.22,4433.45,4432.18,4432.25,310
2026.01.05,11:32,4432.23,4433.24,4431.68,4433.06,580
2026.01.05,11:33,4433.17,4433.38,4432.61,4432.90,379
2026.01.05,11:34,4432.89,4433.39,4432.69,4432.99,385
2026.01.05,11:35,4432.98,4433.26,4431.96,4432.68,756
2026.01.05,11:36,4432.72,4432.84,4431.71,4432.45,417
2026.01.05,11:37,4432.43,4432.52,4430.99,4431.33,535
2026.01.05,11:38,4431.39,4432.10,4431.13,4431.29,869
2026.01.05,11:39,4431.34,4432.69,4431.13,4432.54,937
2026.01.05,11:40,4432.52,4433.98,4432.37,4433.61,676
2026.01.05,11:41,4433.57,4434.19,4433.04,4433.45,501
2026.01.05,11:42,4433.36,4435.00,4432.70,4434.69,773
2026.01.05,11:43,4434.71,4437.93,4434.62,4436.88,436
2026.01.05,11:44,4436.93,4438.21,4436.82,4437.47,644
2026.01.05,11:45,4437.48,4438.19,4435.12,4436.23,643
2026.01.05,11:46,4436.28,4436.66,4434.64,4435.36,513
2026.01.05,11:47,4435.38,4435.69,4434.18,4435.59,828
2026.01.05,11:48,4435.60,4436.54,4434.68,4435.23,980
2026.01.05,11:49,4435.67,4436.12,4434.51,4434.75,1543
2026.01.05,11:50,4434.74,4435.60,4434.46,4435.25,367
2026.01.05,11:51,4435.15,4436.10,4434.70,4435.91,564
2026.01.05,11:52,4435.92,4437.41,4435.59,4436.65,821
2026.01.05,11:53,4436.63,4436.68,4435.25,4436.46,633
2026.01.05,11:54,4436.42,4436.42,4434.54,4435.15,593
2026.01.05,11:55,4435.12,4435.88,4434.20,4435.04,900
2026.01.05,11:56,4435.01,4435.13,4434.17,4434.62,517
2026.01.05,11:57,4434.60,4436.57,4433.83,4436.33,624
2026.01.05,11:58,4436.32,4436.99,4435.61,4435.73,545
2026.01.05,11:59,4435.51,4435.56,4434.58,4434.82,237
2026.01.05,12:00,4434.92,4435.53,4434.21,4434.23,394
2026.01.05,12:01,4434.26,4434.69,4433.77,4433.95,310
2026.01.05,12:02,4434.15,4434.47,4431.73,4431.81,571
2026.01.05,12:03,4431.80,4432.36,4431.23,4431.65,456
2026.01.05,12:04,4431.67,4432.58,4431.07,4432.03,608
2026.01.05,12:05,4432.01,4432.31,4431.47,4431.75,399
2026.01.05,12:06,4431.76,4432.42,4430.71,4432.38,487
2026.01.05,12:07,4432.36,4432.78,4430.72,4432.36,470
2026.01.05,12:08,4432.35,4432.80,4431.28,4432.72,397
2026.01.05,12:09,4432.76,4433.50,4432.24,4432.76,302
2026.01.05,12:10,4432.77,4433.48,4431.65,4433.43,392
2026.01.05,12:11,4433.47,4433.54,4431.76,4431.85,345
2026.01.05,12:12,4431.86,4433.08,4431.67,4432.93,373
2026.01.05,12:13,4432.93,4433.62,4432.93,4433.15,293
2026.01.05,12:14,4433.16,4433.59,4432.94,4433.12,151
2026.01.05,12:15,4433.08,4433.43,4432.23,4432.38,223
2026.01.05,12:16,4432.26,4432.90,4432.11,4432.24,232
2026.01.05,12:17,4432.22,4433.11,4431.85,4432.67,197
2026.01.05,12:18,4432.74,4432.75,4431.36,4431.39,260
2026.01.05,12:19,4431.36,4432.23,4431.31,4431.65,156
2026.01.05,12:20,4431.67,4432.61,4431.67,4432.21,231
2026.01.05,12:21,4432.20,4432.96,4432.20,4432.93,265
2026.01.05,12:22,4432.94,4433.26,4432.59,4432.86,211
2026.01.05,12:23,4432.91,4434.18,4432.88,4433.43,279
2026.01.05,12:24,4433.40,4434.01,4432.79,4433.80,227
2026.01.05,12:25,4433.85,4434.67,4433.61,4433.81,212
2026.01.05,12:26,4433.85,4435.32,4433.76,4435.26,390
2026.01.05,12:27,4435.27,4436.66,4433.88,4434.17,539
2026.01.05,12:28,4434.21,4435.42,4433.15,4434.54,612
2026.01.05,12:29,4434.57,4434.67,4432.46,4433.17,465
2026.01.05,12:30,4433.20,4435.54,4432.47,4434.73,715
2026.01.05,12:31,4434.79,4435.72,4434.36,4435.47,279
2026.01.05,12:32,4435.50,4436.43,4435.43,4436.33,381
2026.01.05,12:33,4436.47,4437.14,4436.00,4436.18,313
2026.01.05,12:34,4436.17,4437.20,4435.75,4436.47,491
2026.01.05,12:35,4436.48,4437.53,4436.48,4436.82,336
2026.01.05,12:36,4436.84,4436.84,4435.24,4436.40,356
2026.01.05,12:37,4436.39,4436.57,4435.53,4436.50,355
2026.01.05,12:38,4436.49,4438.66,4436.49,4437.32,494
2026.01.05,12:39,4437.36,4438.09,4435.93,4436.03,462
2026.01.05,12:40,4436.00,4436.35,4435.28,4435.45,350
2026.01.05,12:41,4435.41,4436.02,4435.20,4435.63,191
2026.01.05,12:42,4435.57,4435.87,4435.05,4435.55,314
2026.01.05,12:43,4435.55,4435.86,4434.92,4435.05,340
2026.01.05,12:44,4435.04,4436.32,4434.64,4434.93,431
2026.01.05,12:45,4434.95,4435.34,4434.37,4434.53,572
2026.01.05,12:46,4434.54,4436.78,4434.16,4435.81,606
2026.01.05,12:47,4435.80,4436.69,4435.37,4436.66,366
2026.01.05,12:48,4436.55,4436.93,4435.86,4436.60,221
2026.01.05,12:49,4436.69,4437.05,4436.48,4436.61,177
2026.01.05,12:50,4436.62,4437.19,4436.41,4436.99,188
2026.01.05,12:51,4436.98,4438.42,4436.55,4438.09,603
2026.01.05,12:52,4438.00,4439.32,4437.77,4437.88,906
2026.01.05,12:53,4437.98,4438.97,4437.89,4438.62,365
2026.01.05,12:54,4438.58,4439.92,4438.04,4438.33,727
2026.01.05,12:55,4438.34,4438.34,4437.22,4437.72,568
2026.01.05,12:56,4437.70,4438.09,4437.22,4437.42,667
2026.01.05,12:57,4437.40,4437.46,4436.06,4436.50,931
2026.01.05,12:58,4436.45,4436.55,4435.29,4435.94,755
2026.01.05,12:59,4435.98,4436.63,4435.16,4436.11,957
2026.01.05,13:00,4436.12,4437.51,4434.94,4436.15,769
2026.01.05,13:01,4436.12,4436.67,4433.36,4433.67,582
2026.01.05,13:02,4433.64,4434.07,4432.37,4432.81,635
2026.01.05,13:03,4432.82,4433.97,4432.64,4433.42,582
2026.01.05,13:04,4433.39,4433.53,4431.38,4431.79,757
2026.01.05,13:05,4431.80,4431.91,4430.07,4430.61,1054
2026.01.05,13:06,4430.75,4432.94,4430.24,4432.82,760
2026.01.05,13:07,4432.88,4433.47,4432.16,4432.32,437
2026.01.05,13:08,4432.31,4433.02,4431.58,4432.47,603
2026.01.05,13:09,4432.48,4432.79,4431.38,4431.47,413
2026.01.05,13:10,4431.46,4432.20,4430.83,4432.01,530
2026.01.05,13:11,4432.13,4432.57,4430.68,4431.69,498
2026.01.05,13:12,4431.72,4432.43,4430.85,4430.98,386
2026.01.05,13:13,4430.97,4433.57,4430.97,4432.97,414
2026.01.05,13:14,4433.00,4433.71,4432.57,4433.23,338
2026.01.05,13:15,4433.22,4433.65,4430.28,4430.57,589
2026.01.05,13:16,4430.56,4431.16,4428.43,4429.45,518
2026.01.05,13:17,4429.49,4430.03,4428.77,4429.49,733
2026.01.05,13:18,4429.74,4429.83,4427.50,4427.68,907
2026.01.05,13:19,4427.70,4428.20,4427.02,4427.42,707
2026.01.05,13:20,4427.39,4430.25,4426.95,4429.84,931
2026.01.05,13:21,4429.86,4430.59,4429.51,4429.63,750
2026.01.05,13:22,4429.65,4430.71,4428.83,4430.61,666
2026.01.05,13:23,4430.47,4430.66,4428.72,4428.90,476
2026.01.05,13:24,4428.92,4429.28,4426.62,4427.84,529
2026.01.05,13:25,4427.84,4428.10,4423.06,4423.06,806
2026.01.05,13:26,4423.13,4423.61,4415.20,4416.55,1660
2026.01.05,13:27,4416.66,4417.20,4409.29,4412.66,1267
2026.01.05,13:28,4412.71,4418.27,4411.34,4417.98,997
2026.01.05,13:29,4417.72,4418.64,4415.82,4417.14,572
2026.01.05,13:30,4417.17,4418.73,4415.69,4415.72,609
2026.01.05,13:31,4415.83,4417.09,4415.27,4416.93,717
2026.01.05,13:32,4416.90,4419.74,4416.90,4419.54,543
2026.01.05,13:33,4419.56,4421.25,4419.18,4420.81,681
2026.01.05,13:34,4420.76,4421.58,4419.43,4419.88,600
2026.01.05,13:35,4419.89,4420.42,4418.30,4420.42,790
2026.01.05,13:36,4420.41,4421.61,4420.41,4421.35,514
2026.01.05,13:37,4421.37,4422.35,4421.36,4421.99,531
2026.01.05,13:38,4422.05,4422.22,4421.10,4421.38,766
2026.01.05,13:39,4421.47,4422.73,4420.94,4421.36,619
2026.01.05,13:40,4421.68,4422.86,4421.55,4422.19,427
2026.01.05,13:41,4422.28,4423.19,4420.87,4421.68,683
2026.01.05,13:42,4421.73,4423.45,4421.29,4423.22,609
2026.01.05,13:43,4423.28,4424.48,4423.00,4423.56,791
2026.01.05,13:44,4423.55,4424.27,4423.49,4424.04,705
2026.01.05,13:45,4424.01,4424.17,4423.07,4423.72,403
2026.01.05,13:46,4423.73,4424.25,4423.33,4423.38,368
2026.01.05,13:47,4423.37,4423.81,4422.14,4423.24,607
2026.01.05,13:48,4423.25,4423.63,4422.69,4423.47,530
2026.01.05,13:49,4423.45,4425.79,4423.07,4425.70,849
2026.01.05,13:50,4425.68,4426.02,4425.10,4425.36,533
2026.01.05,13:51,4425.35,4425.39,4422.40,4422.45,617
2026.01.05,13:52,4422.43,4423.08,4421.69,4421.94,873
2026.01.05,13:53,4421.94,4422.36,4421.33,4422.02,583
2026.01.05,13:54,4422.04,4422.18,4420.66,4420.82,1323
2026.01.05,13:55,4420.82,4421.38,4419.60,4420.89,1059
2026.01.05,13:56,4420.89,4421.36,4418.33,4418.50,710
2026.01.05,13:57,4418.61,4419.47,4417.90,4419.14,1011
2026.01.05,13:58,4419.14,4420.15,4418.58,4419.78,932
2026.01.05,13:59,4419.77,4420.79,4419.19,4419.26,904
2026.01.05,14:00,4419.31,4421.06,4418.24,4420.59,1041
2026.01.05,14:01,4420.58,4421.39,4420.12,4420.50,597
2026.01.05,14:02,4420.54,4421.29,4418.97,4419.52,433
2026.01.05,14:03,4419.54,4420.47,4418.25,4420.09,1031
2026.01.05,14:04,4420.10,4421.25,4419.17,4419.27,584
2026.01.05,14:05,4419.28,4419.89,4417.99,4418.02,1200
2026.01.05,14:06,4417.95,4418.65,4416.55,4417.53,886
2026.01.05,14:07,4417.80,4419.05,4417.28,4417.94,1054
2026.01.05,14:08,4417.95,4418.91,4417.15,4418.05,777
2026.01.05,14:09,4418.06,4419.22,4416.98,4418.70,980
2026.01.05,14:10,4418.72,4419.53,4418.28,4418.78,562
2026.01.05,14:11,4418.82,4419.79,4418.52,4419.43,529
2026.01.05,14:12,4419.46,4420.51,4418.05,4418.22,434
2026.01.05,14:13,4418.22,4418.60,4417.53,4418.10,542
2026.01.05,14:14,4417.97,4418.74,4417.10,4417.77,687
2026.01.05,14:15,4417.81,4418.37,4416.38,4417.36,742
2026.01.05,14:16,4417.29,4417.98,4416.52,4417.74,908
2026.01.05,14:17,4417.72,4418.10,4416.57,4416.74,1607
2026.01.05,14:18,4416.69,4418.25,4416.69,4417.45,1331
2026.01.05,14:19,4417.45,4418.44,4416.85,4418.07,1050
2026.01.05,14:20,4417.96,4418.36,4416.24,4417.21,768
2026.01.05,14:21,4417.20,4417.44,4413.11,4415.89,942
2026.01.05,14:22,4415.84,4416.64,4414.86,4416.16,921
2026.01.05,14:23,4416.19,4416.79,4413.88,4414.40,832
2026.01.05,14:24,4414.38,4415.43,4414.05,4414.31,709
2026.01.05,14:25,4414.27,4415.36,4413.98,4414.76,669
2026.01.05,14:26,4414.73,4415.99,4414.44,4415.94,706
2026.01.05,14:27,4415.91,4416.95,4414.97,4415.45,624
2026.01.05,14:28,4415.45,4416.33,4415.17,4415.67,933
2026.01.05,14:29,4415.65,4416.68,4415.53,4415.68,915
2026.01.05,14:30,4415.67,4416.84,4415.39,4415.68,484
2026.01.05,14:31,4415.74,4416.98,4415.35,4416.84,519
2026.01.05,14:32,4416.92,4417.42,4414.82,4415.03,569
2026.01.05,14:33,4415.06,4415.06,4413.96,4414.71,640
2026.01.05,14:34,4414.67,4416.02,4414.67,4415.45,636
2026.01.05,14:35,4415.42,4415.72,4413.80,4413.95,395
2026.01.05,14:36,4414.02,4414.28,4413.35,4413.74,517
2026.01.05,14:37,4413.70,4415.51,4413.70,4415.51,447
2026.01.05,14:38,4415.53,4416.06,4414.75,4414.83,619
2026.01.05,14:39,4414.84,4415.42,4414.25,4415.14,517
2026.01.05,14:40,4415.16,4415.47,4412.85,4413.40,666
2026.01.05,14:41,4413.41,4413.41,4411.76,4412.30,1032
2026.01.05,14:42,4412.32,4413.58,4407.10,4407.35,1017
2026.01.05,14:43,4407.48,4408.08,4406.55,4407.25,802
2026.01.05,14:44,4407.22,4410.10,4406.08,4409.73,891
2026.01.05,14:45,4409.64,4411.37,4408.82,4410.36,555
2026.01.05,14:46,4410.41,4412.36,4410.23,4411.65,690
2026.01.05,14:47,4411.62,4412.16,4410.26,4410.30,696
2026.01.05,14:48,4410.27,4410.72,4407.15,4407.86,842
2026.01.05,14:49,4407.78,4408.68,4406.49,4407.42,713
2026.01.05,14:50,4407.44,4407.46,4405.10,4406.49,741
2026.01.05,14:51,4406.51,4408.47,4406.33,4408.35,801
2026.01.05,14:52,4408.31,4410.44,4408.24,4409.71,867
2026.01.05,14:53,4409.73,4410.47,4409.07,4410.21,663
2026.01.05,14:54,4410.25,4411.84,4410.19,4410.51,956
2026.01.05,14:55,4410.53,4411.12,4409.48,4409.54,1077
2026.01.05,14:56,4409.52,4410.51,4408.74,4408.98,1033
2026.01.05,14:57,4408.96,4410.02,4408.24,4409.38,926
2026.01.05,14:58,4409.34,4409.43,4408.18,4409.09,700
2026.01.05,14:59,4409.11,4409.72,4408.09,4409.57,1264
2026.01.05,15:00,4409.67,4411.26,4407.23,4410.17,1721
2026.01.05,15:01,4410.13,4414.24,4409.47,4413.82,1333
2026.01.05,15:02,4413.85,4415.00,4412.46,4413.77,1296
2026.01.05,15:03,4413.67,4415.53,4412.30,4415.49,1168
2026.01.05,15:04,4415.53,4416.14,4414.07,4415.40,815
2026.01.05,15:05,4415.30,4418.21,4414.87,4416.78,1200
2026.01.05,15:06,4416.93,4418.95,4415.48,4418.63,1165
2026.01.05,15:07,4418.75,4418.86,4415.89,4416.23,843
2026.01.05,15:08,4416.21,4416.43,4409.89,4412.39,1034
2026.01.05,15:09,4412.44,4412.74,4406.97,4408.86,903
2026.01.05,15:10,4408.80,4412.35,4407.96,4410.06,726
2026.01.05,15:11,4410.02,4410.69,4407.14,4409.40,811
2026.01.05,15:12,4409.41,4411.10,4409.18,4410.78,659
2026.01.05,15:13,4410.75,4412.09,4409.21,4410.12,983
2026.01.05,15:14,4410.16,4411.15,4407.94,4409.18,986
2026.01.05,15:15,4409.16,4410.42,4408.12,4409.94,1123
2026.01.05,15:16,4409.94,4411.32,4407.52,4409.66,1244
2026.01.05,15:17,4409.67,4410.38,4408.66,4409.82,996
2026.01.05,15:18,4409.80,4411.58,4408.94,4411.52,1200
2026.01.05,15:19,4411.55,4412.56,4410.28,4411.46,969
2026.01.05,15:20,4411.65,4413.22,4409.46,4410.26,1614
2026.01.05,15:21,4410.17,4411.21,4407.34,4407.58,1544
2026.01.05,15:22,4407.57,4409.26,4402.20,4402.65,1297
2026.01.05,15:23,4402.55,4407.66,4402.21,4406.88,1382
2026.01.05,15:24,4406.84,4407.60,4405.34,4405.75,1156
2026.01.05,15:25,4405.84,4407.67,4403.56,4403.62,1463
2026.01.05,15:26,4403.52,4406.37,4403.49,4405.97,1084
2026.01.05,15:27,4405.92,4406.71,4403.54,4404.41,1185
2026.01.05,15:28,4404.40,4404.76,4402.28,4403.19,951
2026.01.05,15:29,4403.16,4403.98,4396.65,4399.56,1846
2026.01.05,15:30,4399.66,4403.01,4395.70,4398.60,2109
2026.01.05,15:31,4398.78,4404.31,4396.91,4403.95,1142
2026.01.05,15:32,4403.93,4405.09,4402.95,4403.75,882
2026.01.05,15:33,4403.72,4407.76,4403.10,4406.91,1431
2026.01.05,15:34,4406.92,4408.50,4405.80,4408.44,1168
2026.01.05,15:35,4408.46,4410.13,4406.73,4409.38,1376
2026.01.05,15:36,4409.45,4412.37,4409.30,4410.70,1603
2026.01.05,15:37,4410.71,4411.52,4409.12,4409.18,971
2026.01.05,15:38,4409.20,4409.95,4407.66,4408.41,1073
2026.01.05,15:39,4408.41,4410.94,4407.38,4410.81,860
2026.01.05,15:40,4410.90,4414.22,4410.80,4414.22,1057
2026.01.05,15:41,4414.20,4414.62,4412.47,4412.68,964
2026.01.05,15:42,4412.70,4413.41,4410.73,4413.21,957
2026.01.05,15:43,4413.20,4414.02,4412.03,4412.28,981
2026.01.05,15:44,4412.29,4413.49,4411.19,4411.99,1096
2026.01.05,15:45,4411.97,4414.16,4411.41,4413.23,1206
2026.01.05,15:46,4413.30,4415.04,4412.47,4413.85,1136
2026.01.05,15:47,4413.89,4414.68,4412.92,4414.03,800
2026.01.05,15:48,4414.06,4414.89,4412.83,4414.49,848
2026.01.05,15:49,4414.48,4415.41,4413.82,4413.86,1242
2026.01.05,15:50,4414.03,4415.25,4413.22,4414.61,1045
2026.01.05,15:51,4414.70,4414.70,4413.23,4413.46,602
2026.01.05,15:52,4413.45,4414.12,4412.71,4413.83,1100
2026.01.05,15:53,4413.82,4414.96,4413.78,4414.36,638
2026.01.05,15:54,4414.37,4414.58,4412.11,4413.02,1126
2026.01.05,15:55,4413.00,4413.31,4411.45,4412.99,1213
2026.01.05,15:56,4412.98,4414.00,4412.14,4413.48,519
2026.01.05,15:57,4413.55,4414.72,4413.38,4414.45,564
2026.01.05,15:58,4414.43,4416.69,4414.43,4416.62,758
2026.01.05,15:59,4416.61,4417.32,4416.31,4416.73,663
2026.01.05,16:00,4416.74,4419.57,4416.74,4418.97,1412
2026.01.05,16:01,4419.03,4420.91,4418.62,4420.58,1043
2026.01.05,16:02,4420.59,4423.29,4420.22,4421.62,1254
2026.01.05,16:03,4421.63,4423.24,4421.31,4421.53,1017
2026.01.05,16:04,4421.68,4422.92,4420.99,4422.17,1249
2026.01.05,16:05,4422.18,4424.35,4421.26,4421.49,1238
2026.01.05,16:06,4421.57,4423.68,4420.46,4422.66,1285
2026.01.05,16:07,4422.84,4424.59,4421.79,4423.20,1632
2026.01.05,16:08,4423.17,4424.30,4422.08,4422.50,1487
2026.01.05,16:09,4422.52,4423.61,4422.34,4423.25,975
2026.01.05,16:10,4423.22,4427.58,4423.21,4427.22,1640
2026.01.05,16:11,4427.25,4428.30,4425.92,4426.91,943
2026.01.05,16:12,4426.90,4427.62,4425.74,4427.42,1280
2026.01.05,16:13,4427.52,4428.38,4426.24,4426.37,1332
2026.01.05,16:14,4426.36,4427.78,4425.49,4426.23,950
2026.01.05,16:15,4426.28,4427.70,4424.66,4424.98,1011
2026.01.05,16:16,4424.97,4425.34,4423.25,4424.32,1331
2026.01.05,16:17,4424.30,4425.75,4423.60,4425.59,1421
2026.01.05,16:18,4425.57,4426.02,4423.62,4424.17,1134
2026.01.05,16:19,4424.15,4427.54,4423.35,4426.95,1445
2026.01.05,16:20,4426.96,4427.81,4425.27,4426.63,1144
2026.01.05,16:21,4426.62,4429.87,4424.40,4424.49,1470
2026.01.05,16:22,4424.59,4425.48,4422.55,4422.56,915
2026.01.05,16:23,4422.54,4424.17,4421.65,4423.74,915
2026.01.05,16:24,4423.69,4423.85,4421.19,4421.99,728
2026.01.05,16:25,4421.98,4421.98,4420.17,4420.82,977
2026.01.05,16:26,4420.82,4423.50,4420.61,4421.42,1249
2026.01.05,16:27,4421.43,4422.74,4420.90,4421.90,896
2026.01.05,16:28,4421.94,4422.44,4420.72,4421.17,1076
2026.01.05,16:29,4421.16,4422.43,4420.13,4420.99,1053
2026.01.05,16:30,4420.95,4423.35,4417.82,4421.90,1873
2026.01.05,16:31,4421.93,4425.78,4418.30,4419.35,1506
2026.01.05,16:32,4419.29,4423.44,4418.49,4423.23,1765
2026.01.05,16:33,4423.25,4425.94,4423.03,4424.32,1540
2026.01.05,16:34,4424.40,4427.36,4424.25,4425.47,1331
2026.01.05,16:35,4425.51,4426.26,4418.56,4418.64,2004
2026.01.05,16:36,4418.71,4421.49,4417.77,4420.33,2357
2026.01.05,16:37,4420.45,4423.44,4418.74,4419.84,2112
2026.01.05,16:38,4419.85,4422.53,4419.11,4421.78,1854
2026.01.05,16:39,4421.79,4427.69,4421.74,4427.26,1377
2026.01.05,16:40,4427.20,4427.93,4422.81,4422.88,1541
2026.01.05,16:41,4422.91,4425.40,4421.91,4424.12,1633
2026.01.05,16:42,4424.19,4426.35,4423.26,4423.76,1454
2026.01.05,16:43,4423.83,4426.85,4423.83,4425.96,1428
2026.01.05,16:44,4425.97,4430.04,4425.97,4429.58,1369
2026.01.05,16:45,4429.60,4431.31,4428.10,4429.85,1653
2026.01.05,16:46,4429.82,4433.67,4429.82,4433.20,1581
2026.01.05,16:47,4433.14,4435.10,4431.82,4434.88,1479
2026.01.05,16:48,4434.93,4436.90,4434.56,4435.82,1299
2026.01.05,16:49,4435.78,4438.59,4435.78,4436.91,1196
2026.01.05,16:50,4437.03,4437.09,4433.15,4434.36,1835
2026.01.05,16:51,4434.43,4436.48,4432.81,4434.49,1551
2026.01.05,16:52,4434.52,4437.09,4434.12,4436.45,1284
2026.01.05,16:53,4436.46,4438.10,4435.48,4437.15,1362
2026.01.05,16:54,4437.21,4439.85,4436.60,4439.55,1411
2026.01.05,16:55,4439.50,4442.83,4439.50,4439.88,932
2026.01.05,16:56,4439.95,4440.77,4437.41,4439.08,893
2026.01.05,16:57,4439.12,4440.97,4435.60,4436.46,819
2026.01.05,16:58,4436.45,4437.47,4434.76,4435.74,666
2026.01.05,16:59,4435.75,4437.84,4435.75,4436.44,443
2026.01.05,17:00,4436.77,4444.57,4436.66,4443.17,859
2026.01.05,17:01,4443.19,4445.54,4442.21,4443.90,787
2026.01.05,17:02,4443.85,4446.66,4442.48,4446.43,1016
2026.01.05,17:03,4446.35,4451.68,4446.16,4450.13,1463
2026.01.05,17:04,4450.11,4453.61,4449.71,4451.83,1575
2026.01.05,17:05,4451.88,4454.39,4450.51,4453.76,1599
2026.01.05,17:06,4453.76,4454.87,4449.72,4453.14,1517
2026.01.05,17:07,4453.18,4455.77,4451.06,4455.42,2380
2026.01.05,17:08,4455.39,4455.76,4451.72,4453.25,2076
2026.01.05,17:09,4453.37,4454.90,4451.08,4454.28,1550
2026.01.05,17:10,4454.43,4454.70,4449.35,4450.12,1843
2026.01.05,17:11,4450.07,4451.17,4448.24,4449.08,1792
2026.01.05,17:12,4449.01,4449.26,4445.30,4445.66,1679
2026.01.05,17:13,4445.58,4447.81,4443.95,4447.11,1959
2026.01.05,17:14,4446.84,4449.71,4446.34,4449.16,1300
2026.01.05,17:15,4449.07,4450.99,4446.94,4447.33,2040
2026.01.05,17:16,4447.25,4450.95,4447.19,4450.77,1048
2026.01.05,17:17,4450.80,4451.24,4449.00,4450.58,1123
2026.01.05,17:18,4450.66,4451.13,4448.27,4450.37,1140
2026.01.05,17:19,4450.31,4451.72,4449.04,4451.19,1321
2026.01.05,17:20,4451.23,4451.26,4448.07,4449.32,1194
2026.01.05,17:21,4449.33,4451.62,4448.29,4451.36,1501
2026.01.05,17:22,4451.39,4452.43,4449.67,4450.03,1286
2026.01.05,17:23,4450.05,4451.56,4448.70,4450.34,1133
2026.01.05,17:24,4450.35,4451.73,4448.04,4448.56,929
2026.01.05,17:25,4448.61,4448.61,4443.73,4444.04,1268
2026.01.05,17:26,4443.98,4448.28,4443.92,4448.24,1136
2026.01.05,17:27,4448.29,4449.88,4446.38,4446.79,978
2026.01.05,17:28,4446.97,4447.51,4444.52,4444.52,978
2026.01.05,17:29,4444.52,4445.44,4442.44,4444.56,1094
2026.01.05,17:30,4444.59,4445.29,4440.76,4444.22,1517
2026.01.05,17:31,4444.14,4445.13,4443.10,4444.85,1078
2026.01.05,17:32,4444.90,4445.52,4442.70,4443.87,958
2026.01.05,17:33,4443.90,4444.22,4440.97,4441.10,883
2026.01.05,17:34,4441.13,4443.33,4440.64,4442.96,909
2026.01.05,17:35,4442.98,4444.49,4442.23,4443.27,1162
2026.01.05,17:36,4443.28,4443.88,4438.10,4439.40,1057
2026.01.05,17:37,4439.41,4440.85,4437.86,4438.50,977
2026.01.05,17:38,4438.54,4440.70,4435.33,4436.41,1466
2026.01.05,17:39,4436.40,4440.15,4436.39,4439.92,1046
2026.01.05,17:40,4439.94,4440.24,4436.81,4439.19,1179
2026.01.05,17:41,4439.21,4440.66,4438.26,4439.12,863
2026.01.05,17:42,4439.01,4441.89,4438.44,4441.76,960
2026.01.05,17:43,4441.74,4444.54,4439.94,4443.91,1251
2026.01.05,17:44,4443.98,4447.87,4443.69,4447.30,1826
2026.01.05,17:45,4447.29,4448.76,4443.82,4445.55,1247
2026.01.05,17:46,4445.59,4448.83,4444.23,4448.13,973
2026.01.05,17:47,4448.22,4449.77,4446.57,4446.91,1304
2026.01.05,17:48,4446.97,4447.12,4444.85,4445.03,876
2026.01.05,17:49,4445.04,4445.06,4442.31,4443.40,780
2026.01.05,17:50,4443.42,4444.09,4441.14,4441.96,1006
2026.01.05,17:51,4441.98,4443.21,4440.50,4443.03,988
2026.01.05,17:52,4443.05,4443.68,4441.43,4443.49,756
2026.01.05,17:53,4443.43,4443.95,4442.65,4443.07,516
2026.01.05,17:54,4443.10,4445.30,4442.89,4444.87,736
2026.01.05,17:55,4444.86,4448.11,4444.27,4447.95,778
2026.01.05,17:56,4447.96,4449.29,4447.77,4448.93,912
2026.01.05,17:57,4448.87,4449.06,4447.60,4448.93,482
2026.01.05,17:58,4448.91,4450.00,4447.80,4449.48,678
2026.01.05,17:59,4449.41,4449.65,4448.07,4448.53,596
2026.01.05,18:00,4448.46,4450.40,4447.97,4449.76,786
2026.01.05,18:01,4449.75,4451.30,4448.25,4448.91,1052
2026.01.05,18:02,4448.96,4449.53,4448.17,4449.24,770
2026.01.05,18:03,4449.31,4450.08,4446.17,4446.65,824
2026.01.05,18:04,4446.63,4448.88,4445.21,4448.37,821
2026.01.05,18:05,4448.35,4448.87,4446.06,4446.09,608
2026.01.05,18:06,4446.11,4446.11,4441.51,4441.91,858
2026.01.05,18:07,4441.90,4443.73,4440.01,4440.02,1028
2026.01.05,18:08,4439.99,4442.09,4438.54,4441.12,856
2026.01.05,18:09,4441.10,4442.96,4439.76,4441.70,792
2026.01.05,18:10,4441.65,4442.04,4439.32,4441.75,805
2026.01.05,18:11,4441.76,4443.31,4439.92,4440.41,902
2026.01.05,18:12,4440.48,4442.32,4439.61,4442.17,778
2026.01.05,18:13,4442.14,4445.83,4442.14,4445.83,801
2026.01.05,18:14,4445.85,4446.73,4445.38,4446.34,485
2026.01.05,18:15,4446.36,4448.77,4445.74,4447.92,806
2026.01.05,18:16,4447.93,4448.74,4447.08,4448.02,830
2026.01.05,18:17,4448.10,4448.43,4445.20,4445.87,920
2026.01.05,18:18,4445.84,4446.28,4444.86,4445.36,635
2026.01.05,18:19,4445.35,4446.74,4444.72,4446.36,521
2026.01.05,18:20,4446.40,4447.11,4445.72,4446.26,633
2026.01.05,18:21,4446.25,4446.59,4443.41,4445.15,593
2026.01.05,18:22,4445.31,4446.16,4444.58,4446.00,409
2026.01.05,18:23,4445.98,4446.44,4444.35,4444.58,417
2026.01.05,18:24,4444.60,4444.82,4443.36,4443.71,559
2026.01.05,18:25,4443.68,4444.19,4442.24,4443.23,555
2026.01.05,18:26,4443.13,4443.56,4441.77,4443.01,508
2026.01.05,18:27,4442.97,4443.89,4442.26,4443.55,643
2026.01.05,18:28,4443.54,4443.88,4440.79,4441.64,718
2026.01.05,18:29,4441.65,4441.67,4440.23,4440.79,675
2026.01.05,18:30,4440.55,4444.59,4439.95,4444.19,856
2026.01.05,18:31,4444.26,4445.95,4443.63,4444.24,617
2026.01.05,18:32,4444.25,4444.31,4441.98,4443.76,601
2026.01.05,18:33,4443.60,4445.83,4443.07,4445.22,535
2026.01.05,18:34,4445.30,4445.91,4444.25,4445.19,525
2026.01.05,18:35,4445.27,4445.95,4444.39,4444.71,377
2026.01.05,18:36,4444.74,4445.03,4443.45,4444.22,392
2026.01.05,18:37,4444.19,4444.58,4443.26,4444.12,441
2026.01.05,18:38,4444.13,4445.89,4443.99,4445.07,557
2026.01.05,18:39,4444.97,4445.41,4444.22,4444.24,362
2026.01.05,18:40,4444.28,4445.69,4444.06,4445.54,451
2026.01.05,18:41,4445.53,4445.84,4444.29,4445.23,268
2026.01.05,18:42,4445.19,4445.60,4444.25,4445.17,369
2026.01.05,18:43,4444.98,4445.43,4444.51,4444.88,429
2026.01.05,18:44,4444.87,4445.58,4444.69,4445.14,241
2026.01.05,18:45,4445.16,4445.49,4444.59,4445.22,413
2026.01.05,18:46,4445.45,4445.88,4445.07,4445.54,509
2026.01.05,18:47,4445.55,4445.58,4444.20,4444.20,319
2026.01.05,18:48,4444.16,4445.84,4444.05,4445.61,419
2026.01.05,18:49,4445.73,4451.10,4445.61,4450.86,936
2026.01.05,18:50,4450.91,4452.84,4450.81,4452.84,845
2026.01.05,18:51,4452.78,4454.22,4452.48,4453.64,814
2026.01.05,18:52,4453.71,4453.90,4452.53,4453.13,710
2026.01.05,18:53,4453.12,4454.21,4452.03,4453.78,959
2026.01.05,18:54,4453.82,4454.56,4452.27,4452.54,636
2026.01.05,18:55,4452.61,4452.61,4450.00,4451.24,932
2026.01.05,18:56,4451.17,4451.78,4447.69,4448.04,1519
2026.01.05,18:57,4448.02,4448.89,4446.04,4446.30,930
2026.01.05,18:58,4446.39,4447.57,4445.29,4445.40,1070
2026.01.05,18:59,4445.44,4445.61,4440.79,4441.86,1320
2026.01.05,19:00,4441.85,4442.49,4438.94,4440.92,1344
2026.01.05,19:01,4441.04,4441.90,4435.22,4437.81,1591
2026.01.05,19:02,4437.67,4440.89,4436.25,4439.23,1353
2026.01.05,19:03,4439.08,4439.52,4434.85,4435.82,1832
2026.01.05,19:04,4435.83,4437.19,4433.16,4433.39,2258
2026.01.05,19:05,4433.36,4437.87,4432.23,4437.27,1942
2026.01.05,19:06,4437.30,4439.94,4436.97,4439.13,1352
2026.01.05,19:07,4438.99,4439.87,4435.83,4436.20,1183
2026.01.05,19:08,4436.22,4439.29,4436.22,4438.31,1286
2026.01.05,19:09,4438.29,4439.78,4437.59,4439.52,884
2026.01.05,19:10,4439.58,4440.40,4436.62,4436.65,1302
2026.01.05,19:11,4436.76,4439.89,4435.98,4439.45,1107
2026.01.05,19:12,4439.54,4442.33,4439.49,4441.53,690
2026.01.05,19:13,4441.64,4442.46,4439.39,4439.78,910
2026.01.05,19:14,4439.84,4442.48,4439.40,4442.39,825
2026.01.05,19:15,4442.40,4444.10,4442.22,4442.97,800
2026.01.05,19:16,4442.91,4445.72,4442.91,4445.36,1113
2026.01.05,19:17,4445.30,4446.48,4444.62,4445.51,870
2026.01.05,19:18,4445.48,4446.38,4444.67,4444.85,782
2026.01.05,19:19,4444.88,4446.30,4444.78,4445.15,491
2026.01.05,19:20,4445.21,4445.56,4443.37,4444.45,591
2026.01.05,19:21,4444.34,4445.72,4443.97,4444.71,496
2026.01.05,19:22,4444.73,4446.09,4444.21,4445.72,794
2026.01.05,19:23,4445.76,4447.40,4445.45,4445.99,827
2026.01.05,19:24,4445.99,4447.03,4445.74,4446.65,380
2026.01.05,19:25,4446.66,4448.95,4446.66,4448.24,547
2026.01.05,19:26,4448.08,4448.96,4446.07,4446.76,545
2026.01.05,19:27,4446.65,4447.15,4445.72,4445.85,441
2026.01.05,19:28,4445.86,4446.10,4445.11,4445.21,576
2026.01.05,19:29,4445.19,4447.00,4444.98,4445.83,432
2026.01.05,19:30,4445.93,4446.86,4444.71,4445.41,700
2026.01.05,19:31,4445.34,4445.72,4444.60,4445.56,821
2026.01.05,19:32,4445.61,4445.79,4444.11,4444.52,541
2026.01.05,19:33,4444.55,4444.60,4442.93,4443.69,704
2026.01.05,19:34,4443.68,4444.67,4443.32,4444.01,305
2026.01.05,19:35,4444.02,4444.66,4442.32,4444.50,735
2026.01.05,19:36,4444.55,4446.63,4444.01,4446.55,431
2026.01.05,19:37,4446.63,4447.50,4445.97,4447.06,299
2026.01.05,19:38,4447.09,4447.14,4444.79,4445.13,444
2026.01.05,19:39,4445.07,4445.49,4444.52,4444.73,423
2026.01.05,19:40,4444.70,4444.92,4443.24,4443.41,374
2026.01.05,19:41,4443.42,4444.33,4441.87,4443.21,895
2026.01.05,19:42,4443.23,4443.47,4440.87,4441.20,603
2026.01.05,19:43,4441.00,4441.79,4439.78,4440.02,549
2026.01.05,19:44,4440.06,4440.30,4437.56,4439.47,883
2026.01.05,19:45,4439.64,4442.28,4439.05,4441.02,1339
2026.01.05,19:46,4441.07,4442.51,4440.78,4441.02,1214
2026.01.05,19:47,4440.91,4441.80,4439.61,4441.59,512
2026.01.05,19:48,4441.55,4444.46,4440.81,4443.45,747
2026.01.05,19:49,4443.42,4444.40,4443.19,4444.23,602
2026.01.05,19:50,4444.41,4444.80,4442.48,4442.75,713
2026.01.05,19:51,4442.50,4443.30,4442.14,4442.19,565
2026.01.05,19:52,4442.17,4444.42,4441.73,4444.07,902
2026.01.05,19:53,4444.07,4445.68,4444.07,4445.03,545
2026.01.05,19:54,4445.19,4445.60,4443.63,4444.65,968
2026.01.05,19:55,4444.66,4445.39,4444.13,4445.03,1261
2026.01.05,19:56,4444.97,4445.57,4444.71,4445.30,934
2026.01.05,19:57,4445.29,4445.77,4444.70,4445.28,950
2026.01.05,19:58,4445.33,4445.70,4443.90,4444.58,1036
2026.01.05,19:59,4444.60,4444.80,4442.80,4443.48,1001
2026.01.05,20:00,4443.37,4444.41,4442.10,4442.19,1488
2026.01.05,20:01,4442.21,4443.53,4441.72,4442.87,853
2026.01.05,20:02,4442.91,4443.78,4442.08,4442.57,584
2026.01.05,20:03,4442.64,4443.71,4441.89,4442.25,1293
2026.01.05,20:04,4442.27,4444.55,4442.20,4443.29,1756
2026.01.05,20:05,4443.28,4444.71,4442.74,4444.48,1306
2026.01.05,20:06,4444.54,4446.50,4444.31,4446.26,1146
2026.01.05,20:07,4446.20,4446.63,4445.32,4445.65,999
2026.01.05,20:08,4445.67,4445.82,4444.61,4445.47,636
2026.01.05,20:09,4445.44,4446.71,4445.07,4445.38,544
2026.01.05,20:10,4445.37,4446.90,4445.06,4446.26,435
2026.01.05,20:11,4446.25,4447.29,4446.24,4446.65,397
2026.01.05,20:12,4446.63,4447.90,4446.32,4447.54,391
2026.01.05,20:13,4447.76,4448.59,4446.20,4446.39,364
2026.01.05,20:14,4446.43,4447.40,4446.24,4447.16,460
2026.01.05,20:15,4447.24,4448.22,4446.20,4447.90,400
2026.01.05,20:16,4447.89,4448.47,4447.50,4447.88,326
2026.01.05,20:17,4447.76,4447.93,4447.00,4447.50,224
2026.01.05,20:18,4447.47,4447.78,4445.56,4445.78,314
2026.01.05,20:19,4445.82,4445.85,4443.87,4445.26,611
2026.01.05,20:20,4445.10,4445.12,4443.46,4443.61,405
2026.01.05,20:21,4443.47,4443.59,4442.44,4442.93,454
2026.01.05,20:22,4442.83,4443.12,4441.62,4442.58,375
2026.01.05,20:23,4442.60,4444.63,4442.12,4444.33,516
2026.01.05,20:24,4444.46,4446.78,4443.37,4446.24,850
2026.01.05,20:25,4446.34,4446.36,4443.28,4443.40,766
2026.01.05,20:26,4443.39,4443.58,4441.02,4441.13,553
2026.01.05,20:27,4441.11,4442.05,4441.03,4441.41,476
2026.01.05,20:28,4441.48,4442.12,4440.47,4440.71,490
2026.01.05,20:29,4440.73,4442.19,4439.65,4441.25,1656
2026.01.05,20:30,4441.25,4444.30,4440.90,4443.21,588
2026.01.05,20:31,4443.26,4444.07,4442.28,4442.52,476
2026.01.05,20:32,4442.49,4443.02,4441.77,4442.80,393
2026.01.05,20:33,4442.55,4443.33,4442.49,4443.12,282
2026.01.05,20:34,4443.18,4443.40,4442.21,4442.53,279
2026.01.05,20:35,4442.49,4443.46,4442.42,4442.62,333
2026.01.05,20:36,4442.64,4442.81,4441.43,4442.51,426
2026.01.05,20:37,4442.55,4444.91,4442.35,4444.66,268
2026.01.05,20:38,4444.78,4445.00,4443.63,4444.43,264
2026.01.05,20:39,4444.44,4445.49,4444.36,4444.49,307
2026.01.05,20:40,4444.33,4444.34,4443.38,4443.59,378
2026.01.05,20:41,4443.53,4445.88,4443.50,4445.41,457
2026.01.05,20:42,4445.39,4445.61,4444.36,4444.68,361
2026.01.05,20:43,4444.79,4445.13,4443.06,4443.06,335
2026.01.05,20:44,4443.07,4443.71,4442.99,4443.58,291
2026.01.05,20:45,4443.59,4443.64,4442.67,4443.35,207
2026.01.05,20:46,4443.34,4444.16,4443.16,4443.36,353
2026.01.05,20:47,4443.41,4443.82,4443.11,4443.46,178
2026.01.05,20:48,4443.49,4444.74,4443.49,4444.49,243
2026.01.05,20:49,4444.54,4445.91,4444.44,4445.56,357
2026.01.05,20:50,4445.48,4445.51,4443.35,4444.98,499
2026.01.05,20:51,4444.99,4445.15,4443.83,4444.41,269
2026.01.05,20:52,4444.36,4445.86,4444.14,4445.07,345
2026.01.05,20:53,4445.01,4446.77,4444.81,4446.69,474
2026.01.05,20:54,4446.47,4447.37,4446.29,4446.69,458
2026.01.05,20:55,4446.82,4447.31,4445.42,4445.66,548
2026.01.05,20:56,4445.78,4447.48,4445.63,4447.13,542
2026.01.05,20:57,4447.09,4447.30,4446.21,4446.34,542
2026.01.05,20:58,4446.27,4447.71,4446.16,4447.65,235
2026.01.05,20:59,4447.77,4447.89,4447.18,4447.89,263
2026.01.05,21:00,4448.16,4449.43,4447.89,4448.31,524
2026.01.05,21:01,4448.26,4448.97,4447.89,4448.33,445
2026.01.05,21:02,4448.42,4448.52,4446.24,4447.26,421
2026.01.05,21:03,4447.13,4447.69,4446.28,4446.52,1085
2026.01.05,21:04,4446.44,4448.47,4446.35,4448.11,727
2026.01.05,21:05,4448.24,4448.24,4446.12,4446.18,570
2026.01.05,21:06,4446.19,4446.19,4439.00,4439.13,1363
2026.01.05,21:07,4439.09,4441.53,4438.88,4440.25,1052
2026.01.05,21:08,4440.23,4440.57,4434.81,4435.08,799
2026.01.05,21:09,4435.17,4437.72,4435.14,4437.28,1052
2026.01.05,21:10,4437.18,4437.65,4434.71,4436.07,896
2026.01.05,21:11,4436.06,4440.11,4436.04,4439.35,870
2026.01.05,21:12,4439.39,4440.50,4439.16,4439.83,611
2026.01.05,21:13,4439.85,4440.56,4437.90,4440.02,843
2026.01.05,21:14,4440.05,4440.35,4437.47,4439.98,692
2026.01.05,21:15,4440.00,4441.14,4439.08,4439.39,1032
2026.01.05,21:16,4439.46,4440.59,4438.58,4440.37,668
2026.01.05,21:17,4440.38,4440.61,4437.99,4438.24,412
2026.01.05,21:18,4438.22,4439.27,4437.65,4437.66,471
2026.01.05,21:19,4437.67,4440.24,4437.44,4439.90,509
2026.01.05,21:20,4439.89,4441.66,4439.87,4441.64,453
2026.01.05,21:21,4441.65,4441.77,4439.23,4440.20,561
2026.01.05,21:22,4440.23,4441.15,4439.97,4441.15,324
2026.01.05,21:23,4441.18,4441.85,4440.55,4441.74,543
2026.01.05,21:24,4441.73,4441.74,4440.53,4441.06,470
2026.01.05,21:25,4441.07,4441.29,4439.93,4440.46,368
2026.01.05,21:26,4440.47,4441.96,4440.32,4441.66,612
2026.01.05,21:27,4441.67,4443.03,4440.55,4441.27,602
2026.01.05,21:28,4441.06,4442.46,4441.02,4441.85,562
2026.01.05,21:29,4441.87,4442.52,4440.76,4441.62,498
2026.01.05,21:30,4441.52,4442.85,4441.08,4442.56,297
2026.01.05,21:31,4442.52,4443.62,4442.35,4443.51,284
2026.01.05,21:32,4443.48,4444.80,4443.46,4444.60,290
2026.01.05,21:33,4444.67,4445.14,4444.03,4444.39,544
2026.01.05,21:34,4444.40,4445.96,4444.25,4445.09,336
2026.01.05,21:35,4444.97,4445.54,4444.82,4445.19,211
2026.01.05,21:36,4445.36,4445.59,4444.47,4445.14,239
2026.01.05,21:37,4445.16,4445.44,4445.03,4445.33,144
2026.01.05,21:38,4445.31,4445.31,4443.86,4445.12,423
2026.01.05,21:39,4445.07,4445.37,4444.31,4444.85,467
2026.01.05,21:40,4444.83,4445.47,4444.28,4444.62,329
2026.01.05,21:41,4444.54,4445.14,4443.93,4444.12,393
2026.01.05,21:42,4444.22,4444.55,4443.03,4443.20,345
2026.01.05,21:43,4443.22,4444.19,4442.70,4443.24,404
2026.01.05,21:44,4443.30,4443.82,4442.40,4442.67,355
2026.01.05,21:45,4442.63,4444.09,4442.61,4444.09,246
2026.01.05,21:46,4444.08,4444.11,4442.20,4442.28,344
2026.01.05,21:47,4442.27,4442.87,4441.51,4442.34,334
2026.01.05,21:48,4442.31,4443.10,4442.10,4442.56,259
2026.01.05,21:49,4442.55,4443.57,4442.18,4443.45,185
2026.01.05,21:50,4443.47,4443.57,4442.38,4442.76,202
2026.01.05,21:51,4442.74,4442.82,4440.83,4441.17,470
2026.01.05,21:52,4441.15,4441.75,4440.98,4441.43,405
2026.01.05,21:53,4441.45,4441.82,4440.53,4440.95,293
2026.01.05,21:54,4441.04,4442.11,4440.96,4441.86,418
2026.01.05,21:55,4441.87,4442.81,4440.58,4440.66,496
2026.01.05,21:56,4440.51,4440.65,4438.53,4438.94,476
2026.01.05,21:57,4438.91,4441.66,4438.61,4441.66,455
2026.01.05,21:58,4441.65,4441.70,4440.24,4440.38,490
2026.01.05,21:59,4440.49,4440.51,4439.56,4439.76,543
2026.01.05,22:00,4439.78,4441.40,4439.01,4440.75,472
2026.01.05,22:01,4440.78,4443.29,4440.72,4442.51,769
2026.01.05,22:02,4442.48,4443.20,4441.69,4443.15,785
2026.01.05,22:03,4443.20,4443.78,4442.76,4443.08,458
2026.01.05,22:04,4443.10,4443.83,4442.85,4442.97,356
2026.01.05,22:05,4442.99,4443.55,4442.44,4442.69,733
2026.01.05,22:06,4442.70,4442.70,4441.67,4442.38,668
2026.01.05,22:07,4442.39,4442.69,4441.35,4441.43,853
2026.01.05,22:08,4441.50,4441.61,4439.84,4440.46,598
2026.01.05,22:09,4440.44,4441.46,4439.97,4441.14,530
2026.01.05,22:10,4441.24,4442.02,4440.18,4441.74,427
2026.01.05,22:11,4441.73,4444.03,4441.68,4443.82,615
2026.01.05,22:12,4443.81,4445.46,4443.54,4445.19,738
2026.01.05,22:13,4445.02,4445.28,4443.79,4444.52,753
2026.01.05,22:14,4444.62,4445.14,4443.51,4443.88,952
2026.01.05,22:15,4443.90,4445.10,4443.89,4444.20,1081
2026.01.05,22:16,4444.25,4444.36,4442.68,4443.93,647
2026.01.05,22:17,4443.85,4444.58,4443.49,4444.41,531
2026.01.05,22:18,4444.36,4445.16,4444.31,4444.94,346
2026.01.05,22:19,4444.99,4445.44,4444.80,4444.92,346
2026.01.05,22:20,4444.90,4445.88,4443.97,4445.68,547
2026.01.05,22:21,4445.75,4447.01,4445.37,4445.75,582
2026.01.05,22:22,4445.83,4445.97,4444.68,4444.92,590
2026.01.05,22:23,4444.83,4445.31,4444.58,4444.87,320
2026.01.05,22:24,4444.88,4445.04,4443.59,4444.70,561
2026.01.05,22:25,4444.76,4444.85,4443.82,4443.98,561
2026.01.05,22:26,4443.94,4444.62,4443.61,4444.24,445
2026.01.05,22:27,4444.30,4445.61,4444.11,4445.42,641
2026.01.05,22:28,4445.40,4446.11,4444.67,4445.55,541
2026.01.05,22:29,4445.54,4446.01,4444.72,4445.50,1080
2026.01.05,22:30,4445.53,4445.53,4444.30,4444.46,508
2026.01.05,22:31,4444.48,4445.37,4444.19,4444.89,583
2026.01.05,22:32,4444.84,4445.53,4443.17,4443.46,933
2026.01.05,22:33,4443.44,4443.70,4441.91,4443.05,669
2026.01.05,22:34,4443.06,4443.59,4441.30,4441.58,885
2026.01.05,22:35,4441.67,4443.47,4441.35,4442.56,1037
2026.01.05,22:36,4442.40,4442.40,4440.35,4441.02,639
2026.01.05,22:37,4441.03,4441.56,4440.22,4441.51,710
2026.01.05,22:38,4441.33,4441.72,4440.32,4440.95,1006
2026.01.05,22:39,4440.96,4441.12,4438.72,4440.99,773
2026.01.05,22:40,4440.92,4441.58,4438.40,4438.45,623
2026.01.05,22:41,4438.34,4440.01,4438.10,4439.11,513
2026.01.05,22:42,4439.14,4440.71,4438.60,4439.96,639
2026.01.05,22:43,4440.21,4440.77,4439.61,4439.97,508
2026.01.05,22:44,4439.98,4440.22,4437.92,4437.95,507
2026.01.05,22:45,4438.06,4441.18,4437.80,4441.07,393
2026.01.05,22:46,4441.34,4441.81,4440.82,4441.68,396
2026.01.05,22:47,4441.66,4442.73,4441.64,4442.66,358
2026.01.05,22:48,4442.68,4442.92,4441.24,4441.33,367
2026.01.05,22:49,4441.35,4441.46,4440.20,4440.56,390
2026.01.05,22:50,4440.53,4442.26,4439.58,4442.19,468
2026.01.05,22:51,4442.18,4442.84,4441.16,4441.71,635
2026.01.05,22:52,4441.68,4442.95,4441.61,4442.79,717
2026.01.05,22:53,4442.75,4442.80,4440.63,4440.63,571
2026.01.05,22:54,4440.64,4442.30,4439.76,4441.97,588
2026.01.05,22:55,4441.92,4442.64,4441.22,4441.67,428
2026.01.05,22:56,4441.66,4443.35,4441.40,4442.70,504
2026.01.05,22:57,4442.71,4444.38,4442.33,4443.93,770
2026.01.05,22:58,4443.98,4445.56,4443.54,4444.98,1224
2026.01.05,22:59,4444.96,4446.09,4444.22,4444.85,1414
2026.01.05,23:00,4444.83,4447.37,4444.69,4446.30,616
2026.01.05,23:01,4446.32,4446.52,4445.09,4445.48,482
2026.01.05,23:02,4445.49,4446.45,4445.14,4446.02,423
2026.01.05,23:03,4445.97,4447.37,4445.91,4447.24,428
2026.01.05,23:04,4447.25,4447.70,4446.24,4446.39,770
2026.01.05,23:05,4446.44,4446.66,4445.66,4445.90,498
2026.01.05,23:06,4445.89,4445.92,4445.33,4445.81,222
2026.01.05,23:07,4445.80,4445.94,4445.07,4445.86,211
2026.01.05,23:08,4445.82,4445.93,4444.97,4445.28,133
2026.01.05,23:09,4445.40,4447.43,4445.12,4447.43,341
2026.01.05,23:10,4447.45,4448.16,4446.96,4447.12,321
2026.01.05,23:11,4447.05,4447.66,4446.77,4447.11,268
2026.01.05,23:12,4447.09,4447.57,4446.49,4447.33,191
2026.01.05,23:13,4447.37,4447.95,4447.22,4447.77,136
2026.01.05,23:14,4447.73,4447.73,4446.96,4447.04,215
2026.01.05,23:15,4447.03,4447.19,4446.42,4446.80,258
2026.01.05,23:16,4446.75,4446.86,4446.43,4446.77,64
2026.01.05,23:17,4446.75,4447.05,4446.22,4446.55,125
2026.01.05,23:18,4446.56,4447.03,4444.70,4444.70,305
2026.01.05,23:19,4444.71,4445.02,4443.27,4443.75,230
2026.01.05,23:20,4443.76,4444.20,4443.35,4443.73,295
2026.01.05,23:21,4443.71,4444.04,4443.43,4443.97,201
2026.01.05,23:22,4443.84,4444.79,4443.78,4444.73,108
2026.01.05,23:23,4444.62,4444.62,4444.19,4444.22,86
2026.01.05,23:24,4444.24,4444.34,4443.90,4444.28,70
2026.01.05,23:25,4444.27,4444.80,4443.87,4444.72,132
2026.01.05,23:26,4444.73,4445.08,4444.53,4444.63,102
2026.01.05,23:27,4444.57,4445.43,4444.56,4445.18,107
2026.01.05,23:28,4445.17,4445.45,4445.00,4445.39,60
2026.01.05,23:29,4445.34,4445.53,4445.00,4445.53,93
2026.01.05,23:30,4445.51,4445.89,4445.39,4445.69,54
2026.01.05,23:31,4445.67,4447.21,4445.49,4447.09,243
2026.01.05,23:32,4446.98,4447.06,4446.55,4446.85,99
2026.01.05,23:33,4446.88,4448.17,4446.67,4448.02,149
2026.01.05,23:34,4448.05,4448.44,4447.46,4447.81,188
2026.01.05,23:35,4447.83,4447.83,4446.83,4447.34,100
2026.01.05,23:36,4447.30,4447.31,4446.62,4446.87,92
2026.01.05,23:37,4446.66,4446.86,4446.48,4446.74,55
2026.01.05,23:38,4446.72,4447.11,4446.36,4447.11,57
2026.01.05,23:39,4447.10,4447.50,4446.11,4446.12,97
2026.01.05,23:40,4446.16,4446.94,4446.07,4446.44,64
2026.01.05,23:41,4446.38,4446.97,4445.68,4446.97,118
2026.01.05,23:42,4446.92,4447.10,4446.41,4446.80,81
2026.01.05,23:43,4446.69,4446.99,4446.58,4446.98,76
2026.01.05,23:44,4446.91,4446.94,4445.94,4446.08,81
2026.01.05,23:45,4446.10,4446.80,4445.56,4446.54,151
2026.01.05,23:46,4446.55,4447.45,4445.54,4445.54,121
2026.01.05,23:47,4445.53,4446.03,4445.44,4445.93,91
2026.01.05,23:48,4445.86,4446.85,4445.83,4446.81,62
2026.01.05,23:49,4446.85,4448.58,4446.69,4448.36,189
2026.01.05,23:50,4448.43,4448.51,4447.90,4448.08,87
2026.01.05,23:51,4448.10,4448.47,4447.71,4447.98,82
2026.01.05,23:52,4448.08,4448.80,4447.98,4448.28,79
2026.01.05,23:53,4448.27,4448.56,4447.94,4448.40,68
2026.01.05,23:54,4448.46,4448.60,4448.10,4448.51,101
2026.01.05,23:55,4448.45,4448.57,4448.09,4448.33,84
2026.01.05,23:56,4448.36,4449.21,4448.19,4448.66,76
2026.01.05,23:57,4448.62,4448.94,4448.48,4448.88,63
2026.01.05,23:58,4448.80,4449.20,4448.80,4448.89,48
2026.01.05,23:59,4448.90,4449.22,4446.88,4447.60,63
2026.01.06,01:00,4448.78,4449.91,4448.62,4449.55,56
2026.01.06,01:01,4449.48,4453.35,4449.48,4452.93,208
2026.01.06,01:02,4453.01,4454.18,4450.62,4451.23,167
2026.01.06,01:03,4451.43,4453.25,4451.06,4452.96,141
2026.01.06,01:04,4453.04,4455.20,4453.04,4454.49,162
2026.01.06,01:05,4454.48,4454.83,4453.81,4454.65,101
2026.01.06,01:06,4454.66,4454.66,4452.85,4453.96,139
2026.01.06,01:07,4453.94,4454.83,4453.10,4453.95,137
2026.01.06,01:08,4454.01,4454.66,4453.30,4454.13,143
2026.01.06,01:09,4454.14,4458.42,4454.14,4457.80,289
2026.01.06,01:10,4457.72,4460.46,4456.42,4456.46,766
2026.01.06,01:11,4456.41,4456.55,4453.74,4456.32,648
2026.01.06,01:12,4456.44,4456.44,4453.67,4454.07,349
2026.01.06,01:13,4454.06,4455.16,4453.31,4453.68,268
2026.01.06,01:14,4453.63,4454.00,4451.29,4451.54,305
2026.01.06,01:15,4451.53,4451.55,4449.73,4451.01,324
2026.01.06,01:16,4450.87,4451.07,4450.30,4450.60,190
2026.01.06,01:17,4450.64,4450.64,4448.67,4450.32,440
2026.01.06,01:18,4450.23,4453.31,4450.14,4453.18,456
2026.01.06,01:19,4453.23,4453.42,4451.23,4451.71,374
2026.01.06,01:20,4451.69,4452.95,4451.42,4452.56,346
2026.01.06,01:21,4452.57,4453.11,4451.92,4452.47,246
2026.01.06,01:22,4452.48,4453.08,4452.27,4452.30,193
2026.01.06,01:23,4452.32,4452.79,4451.99,4452.20,165
2026.01.06,01:24,4452.16,4452.16,4450.42,4450.42,237
2026.01.06,01:25,4450.49,4451.08,4449.78,4450.17,315
2026.01.06,01:26,4449.87,4450.52,4449.43,4449.68,225
2026.01.06,01:27,4449.58,4450.27,4449.50,4450.27,140
2026.01.06,01:28,4450.28,4450.28,4448.88,4449.08,162
2026.01.06,01:29,4449.07,4449.69,4448.48,4448.81,248
2026.01.06,01:30,4448.77,4450.27,4448.55,4449.69,404
2026.01.06,01:31,4449.67,4450.17,4444.35,4444.35,408
2026.01.06,01:32,4444.30,4445.75,4438.56,4441.64,1003
2026.01.06,01:33,4441.65,4441.68,4439.96,4440.13,475
2026.01.06,01:34,4440.14,4442.31,4440.14,4441.15,474
2026.01.06,01:35,4441.17,4443.40,4441.17,4442.99,500
2026.01.06,01:36,4443.00,4445.11,4443.00,4444.85,346
2026.01.06,01:37,4444.87,4446.34,4444.47,4446.16,265
2026.01.06,01:38,4446.20,4446.20,4443.00,4443.51,350
2026.01.06,01:39,4443.60,4444.44,4441.99,4443.83,377
2026.01.06,01:40,4443.86,4444.46,4442.33,4444.09,337
2026.01.06,01:41,4444.14,4444.69,4443.05,4444.04,334
2026.01.06,01:42,4444.06,4444.50,4443.10,4443.20,254
2026.01.06,01:43,4443.19,4443.51,4441.86,4442.05,249
2026.01.06,01:44,4442.31,4443.26,4441.41,4442.85,271
2026.01.06,01:45,4442.87,4444.07,4441.46,4442.53,451
2026.01.06,01:46,4442.49,4443.71,4441.04,4441.16,296
2026.01.06,01:47,4441.07,4441.16,4439.90,4440.74,286
2026.01.06,01:48,4440.88,4441.58,4440.46,4441.42,185
2026.01.06,01:49,4441.42,4441.73,4441.14,4441.18,118
2026.01.06,01:50,4441.09,4441.09,4440.48,4440.82,98
2026.01.06,01:51,4440.82,4440.82,4438.98,4439.01,288
2026.01.06,01:52,4439.06,4440.32,4438.99,4439.26,264
2026.01.06,01:53,4439.30,4440.42,4438.96,4439.62,285
2026.01.06,01:54,4439.76,4439.88,4439.09,4439.47,241
2026.01.06,01:55,4439.48,4441.03,4438.96,4439.48,256
2026.01.06,01:56,4439.57,4440.25,4436.21,4440.25,492
2026.01.06,01:57,4440.30,4441.75,4439.66,4441.43,370
2026.01.06,01:58,4441.24,4441.66,4440.48,4440.96,363
2026.01.06,01:59,4440.95,4441.25,4440.11,4440.43,332
2026.01.06,02:00,4440.39,4441.10,4436.86,4438.36,924
2026.01.06,02:01,4438.37,4438.93,4436.50,4437.44,781
2026.01.06,02:02,4437.43,4439.10,4436.61,4437.85,482
2026.01.06,02:03,4438.06,4438.69,4437.19,4438.59,368
2026.01.06,02:04,4438.54,4440.42,4437.88,4440.28,367
2026.01.06,02:05,4440.26,4440.43,4436.86,4437.20,363
2026.01.06,02:06,4437.19,4439.08,4437.14,4438.31,277
2026.01.06,02:07,4438.30,4439.95,4438.14,4438.87,270
2026.01.06,02:08,4438.85,4441.37,4438.33,4440.62,457
2026.01.06,02:09,4440.65,4441.87,4438.87,4438.87,485
2026.01.06,02:10,4438.76,4439.15,4437.87,4438.14,261
2026.01.06,02:11,4438.19,4439.69,4437.86,4439.21,323
2026.01.06,02:12,4439.27,4439.61,4438.15,4438.76,299
2026.01.06,02:13,4438.69,4439.94,4438.47,4439.94,167
2026.01.06,02:14,4440.18,4441.03,4440.05,4440.51,251
2026.01.06,02:15,4440.56,4442.22,4440.28,4441.99,355
2026.01.06,02:16,4441.93,4442.16,4439.55,4440.63,337
2026.01.06,02:17,4440.64,4442.35,4439.52,4441.97,298
2026.01.06,02:18,4442.00,4442.73,4441.55,4442.48,234
2026.01.06,02:19,4442.46,4442.69,4441.51,4441.72,249
2026.01.06,02:20,4441.70,4441.99,4439.78,4440.35,445
2026.01.06,02:21,4440.35,4442.05,4440.01,4441.90,243
2026.01.06,02:22,4442.00,4442.15,4441.05,4441.49,156
2026.01.06,02:23,4441.52,4441.52,4439.91,4440.02,212
2026.01.06,02:24,4440.03,4441.44,4439.90,4441.08,244
2026.01.06,02:25,4441.10,4441.18,4439.57,4439.88,194
2026.01.06,02:26,4440.14,4441.13,4439.97,4441.02,180
2026.01.06,02:27,4441.12,4441.15,4440.11,4440.60,222
2026.01.06,02:28,4440.61,4441.09,4440.26,4440.28,151
2026.01.06,02:29,4440.29,4441.44,4440.20,4440.62,141
2026.01.06,02:30,4441.11,4443.62,4440.94,4443.31,369
2026.01.06,02:31,4443.27,4444.89,4442.43,4442.56,599
2026.01.06,02:32,4442.60,4443.41,4437.98,4438.05,691
2026.01.06,02:33,4438.02,4439.24,4437.59,4438.14,855
2026.01.06,02:34,4438.06,4438.65,4436.31,4436.57,773
2026.01.06,02:35,4436.61,4437.24,4433.38,4435.99,882
2026.01.06,02:36,4436.07,4437.53,4435.49,4436.15,618
2026.01.06,02:37,4436.18,4437.00,4435.56,4436.18,329
2026.01.06,02:38,4436.20,4436.44,4434.96,4435.07,523
2026.01.06,02:39,4435.07,4435.71,4434.09,4434.32,788
2026.01.06,02:40,4434.38,4435.11,4430.33,4433.29,1186
2026.01.06,02:41,4433.24,4434.93,4432.95,4433.32,1278
2026.01.06,02:42,4433.29,4435.23,4432.48,4435.20,911
2026.01.06,02:43,4435.19,4436.79,4434.87,4435.95,1006
2026.01.06,02:44,4435.96,4436.80,4435.06,4436.45,940
2026.01.06,02:45,4436.47,4437.76,4436.38,4437.10,744
2026.01.06,02:46,4437.02,4437.81,4436.93,4437.58,450
2026.01.06,02:47,4437.57,4437.94,4436.86,4437.60,541
2026.01.06,02:48,4437.61,4438.16,4437.30,4437.57,740
2026.01.06,02:49,4437.58,4437.62,4436.07,4436.44,891
2026.01.06,02:50,4436.39,4437.13,4435.69,4436.11,795
2026.01.06,02:51,4436.12,4436.35,4435.19,4435.25,600
2026.01.06,02:52,4435.24,4435.99,4434.91,4435.35,1047
2026.01.06,02:53,4435.37,4435.65,4434.53,4434.83,858
2026.01.06,02:54,4435.10,4435.53,4434.25,4435.53,780
2026.01.06,02:55,4435.62,4436.66,4435.47,4436.53,1088
2026.01.06,02:56,4436.57,4438.11,4436.44,4437.73,1279
2026.01.06,02:57,4437.74,4437.78,4436.27,4436.75,1335
2026.01.06,02:58,4436.76,4437.08,4436.05,4436.89,2110
2026.01.06,02:59,4436.85,4436.91,4435.19,4436.36,1325
2026.01.06,03:00,4436.25,4440.16,4435.59,4436.67,2884
2026.01.06,03:01,4436.76,4438.28,4434.77,4437.86,2693
2026.01.06,03:02,4437.85,4438.16,4430.98,4431.03,1647
2026.01.06,03:03,4431.05,4434.49,4427.40,4433.90,1915
2026.01.06,03:04,4433.93,4435.12,4433.34,4433.81,2285
2026.01.06,03:05,4433.71,4435.41,4431.73,4433.88,1430
2026.01.06,03:06,4433.92,4436.88,4432.29,4435.95,1245
2026.01.06,03:07,4435.98,4438.04,4435.09,4437.75,1175
2026.01.06,03:08,4437.67,4438.95,4436.76,4436.79,631
2026.01.06,03:09,4436.77,4439.43,4435.99,4435.99,1190
2026.01.06,03:10,4436.10,4441.90,4435.98,4440.04,1488
2026.01.06,03:11,4440.01,4441.23,4438.27,4439.62,1054
2026.01.06,03:12,4439.58,4441.19,4438.93,4440.30,773
2026.01.06,03:13,4440.23,4441.74,4438.31,4439.35,880
2026.01.06,03:14,4439.35,4442.26,4439.35,4441.81,1135
2026.01.06,03:15,4441.79,4444.22,4440.72,4443.19,2461
2026.01.06,03:16,4443.11,4443.29,4441.39,4442.15,1377
2026.01.06,03:17,4442.31,4443.55,4440.15,4440.99,1652
2026.01.06,03:18,4441.03,4441.98,4439.33,4440.23,1564
2026.01.06,03:19,4440.24,4441.33,4439.50,4440.80,685
2026.01.06,03:20,4440.73,4442.64,4439.94,4442.48,1192
2026.01.06,03:21,4442.43,4442.61,4439.04,4439.44,1304
2026.01.06,03:22,4439.40,4439.96,4437.78,4438.73,1027
2026.01.06,03:23,4438.72,4439.67,4436.77,4436.88,1263
2026.01.06,03:24,4436.90,4437.47,4435.24,4435.70,1147
2026.01.06,03:25,4435.67,4436.20,4434.00,4435.42,1063
2026.01.06,03:26,4435.53,4436.30,4433.87,4435.25,1408
2026.01.06,03:27,4435.25,4436.22,4434.04,4435.45,1517
2026.01.06,03:28,4435.36,4437.04,4433.67,4436.59,1683
2026.01.06,03:29,4436.55,4436.78,4434.12,4434.82,1348
2026.01.06,03:30,4434.82,4436.43,4433.16,4435.42,1985
2026.01.06,03:31,4435.42,4435.74,4433.26,4434.43,1070
2026.01.06,03:32,4434.48,4435.86,4432.98,4433.56,1162
2026.01.06,03:33,4433.52,4434.20,4432.31,4433.59,574
2026.01.06,03:34,4433.56,4436.59,4432.49,4435.98,723
2026.01.06,03:35,4436.00,4436.80,4433.77,4436.48,731
2026.01.06,03:36,4436.52,4437.90,4435.63,4437.75,1488
2026.01.06,03:37,4437.77,4440.10,4437.58,4439.83,1864
2026.01.06,03:38,4439.69,4440.16,4438.35,4439.27,1456
2026.01.06,03:39,4439.24,4440.48,4438.82,4439.68,985
2026.01.06,03:40,4439.74,4441.17,4439.08,4440.02,772
2026.01.06,03:41,4440.01,4443.19,4439.80,4442.74,1267
2026.01.06,03:42,4442.82,4443.23,4441.01,4441.40,974
2026.01.06,03:43,4441.47,4441.47,4440.24,4440.61,812
2026.01.06,03:44,4440.71,4441.03,4438.91,4439.29,881
2026.01.06,03:45,4439.30,4441.12,4438.16,4440.51,988
2026.01.06,03:46,4440.34,4441.37,4439.81,4439.96,987
2026.01.06,03:47,4439.93,4441.28,4439.73,4441.01,830
2026.01.06,03:48,4441.09,4442.50,4440.74,4441.68,987
2026.01.06,03:49,4441.59,4441.90,4439.95,4440.41,743
2026.01.06,03:50,4440.44,4442.22,4439.50,4441.63,971
2026.01.06,03:51,4441.64,4443.66,4440.94,4443.37,973
2026.01.06,03:52,4443.31,4444.16,4442.56,4443.89,1110
2026.01.06,03:53,4443.88,4446.68,4443.76,4445.89,2340
2026.01.06,03:54,4445.90,4448.25,4445.86,4447.60,1848
2026.01.06,03:55,4447.61,4448.76,4447.24,4448.76,1109
2026.01.06,03:56,4448.81,4450.89,4447.39,4450.50,1384
2026.01.06,03:57,4450.57,4451.39,4449.55,4451.01,1767
2026.01.06,03:58,4451.04,4452.27,4450.90,4451.75,1721
2026.01.06,03:59,4451.86,4452.15,4450.02,4450.40,1123
2026.01.06,04:00,4450.31,4452.12,4448.74,4449.73,1275
2026.01.06,04:01,4449.88,4452.96,4449.39,4452.84,2007
2026.01.06,04:02,4452.79,4455.27,4452.60,4453.48,1530
2026.01.06,04:03,4453.53,4454.89,4451.96,4454.87,1446
2026.01.06,04:04,4454.79,4454.86,4452.06,4452.98,1531
2026.01.06,04:05,4452.90,4453.71,4451.24,4452.07,1638
2026.01.06,04:06,4452.06,4454.02,4451.22,4453.07,1853
2026.01.06,04:07,4453.07,4454.27,4452.06,4454.22,1753
2026.01.06,04:08,4454.24,4455.44,4453.89,4454.95,1796
2026.01.06,04:09,4455.07,4457.63,4454.99,4457.08,2394
2026.01.06,04:10,4457.07,4459.29,4456.79,4458.73,1781
2026.01.06,04:11,4458.75,4459.58,4457.17,4457.99,2231
2026.01.06,04:12,4457.98,4459.41,4456.51,4458.36,2084
2026.01.06,04:13,4458.37,4460.71,4457.77,4459.14,1548
2026.01.06,04:14,4459.17,4460.00,4459.10,4459.53,1236
2026.01.06,04:15,4459.45,4459.61,4457.57,4458.08,1133
2026.01.06,04:16,4458.09,4458.53,4457.34,4457.74,935
2026.01.06,04:17,4457.65,4458.72,4456.42,4458.51,868
2026.01.06,04:18,4458.53,4458.53,4456.93,4457.52,796
2026.01.06,04:19,4457.62,4458.30,4456.45,4458.01,846
2026.01.06,04:20,4457.94,4459.19,4456.98,4457.64,631
2026.01.06,04:21,4457.61,4460.09,4457.31,4459.20,702
2026.01.06,04:22,4459.19,4460.07,4458.74,4459.27,964
2026.01.06,04:23,4459.32,4459.85,4458.95,4459.44,1037
2026.01.06,04:24,4459.45,4460.05,4458.71,4459.90,814
2026.01.06,04:25,4459.76,4460.00,4459.06,4459.40,450
2026.01.06,04:26,4459.43,4459.48,4457.69,4457.76,665
2026.01.06,04:27,4457.74,4460.58,4457.68,4460.58,824
2026.01.06,04:28,4460.69,4460.82,4459.69,4460.33,584
2026.01.06,04:29,4460.35,4460.61,4459.62,4460.60,472
2026.01.06,04:30,4460.47,4461.24,4459.48,4460.14,1061
2026.01.06,04:31,4460.16,4460.22,4459.34,4459.97,969
2026.01.06,04:32,4459.86,4460.33,4457.77,4458.67,1296
2026.01.06,04:33,4458.69,4458.99,4456.77,4457.07,1578
2026.01.06,04:34,4457.01,4459.57,4457.01,4458.69,1816
2026.01.06,04:35,4458.75,4460.03,4457.81,4458.07,850
2026.01.06,04:36,4458.12,4460.02,4457.21,4458.61,1431
2026.01.06,04:37,4458.62,4458.71,4456.26,4456.54,889
2026.01.06,04:38,4456.55,4456.67,4455.16,4455.71,1235
2026.01.06,04:39,4455.70,4456.01,4452.39,4452.44,1415
2026.01.06,04:40,4452.42,4452.57,4449.94,4450.62,2117
2026.01.06,04:41,4450.64,4450.69,4448.61,4449.98,1922
2026.01.06,04:42,4449.99,4453.44,4449.37,4453.40,1174
2026.01.06,04:43,4453.43,4453.76,4452.58,4452.60,817
2026.01.06,04:44,4452.76,4453.65,4452.14,4453.53,747
2026.01.06,04:45,4453.54,4455.88,4453.15,4455.58,1231
2026.01.06,04:46,4455.61,4456.17,4454.51,4455.65,626
2026.01.06,04:47,4455.52,4456.47,4454.39,4456.37,767
2026.01.06,04:48,4456.40,4457.36,4454.95,4457.10,740
2026.01.06,04:49,4457.05,4457.67,4455.91,4455.99,659
2026.01.06,04:50,4455.99,4456.21,4454.30,4454.47,725
2026.01.06,04:51,4454.44,4454.56,4453.27,4453.69,679
2026.01.06,04:52,4453.71,4454.63,4452.89,4453.16,785
2026.01.06,04:53,4453.21,4454.44,4452.68,4454.21,528
2026.01.06,04:54,4454.18,4455.16,4453.48,4454.51,451
2026.01.06,04:55,4454.54,4454.60,4452.49,4453.44,551
2026.01.06,04:56,4453.43,4455.56,4453.40,4455.38,853
2026.01.06,04:57,4455.32,4455.32,4451.76,4453.90,887
2026.01.06,04:58,4453.95,4454.84,4453.82,4454.40,513
2026.01.06,04:59,4454.39,4455.48,4454.35,4454.83,770
2026.01.06,05:00,4454.82,4456.61,4454.82,4456.12,743
2026.01.06,05:01,4456.13,4457.14,4454.62,4454.81,661
2026.01.06,05:02,4454.76,4455.81,4453.98,4455.06,571
2026.01.06,05:03,4455.05,4456.86,4455.05,4456.21,582
2026.01.06,05:04,4456.16,4456.71,4455.40,4456.49,791
2026.01.06,05:05,4456.66,4456.87,4455.55,4456.52,810
2026.01.06,05:06,4456.57,4456.61,4454.88,4455.69,747
2026.01.06,05:07,4455.70,4457.28,4454.78,4456.69,602
2026.01.06,05:08,4456.72,4457.45,4456.49,4456.87,694
2026.01.06,05:09,4456.90,4458.69,4456.69,4458.53,752
2026.01.06,05:10,4458.61,4459.71,4458.43,4459.37,604
2026.01.06,05:11,4459.35,4459.71,4458.60,4459.60,754
2026.01.06,05:12,4459.61,4465.75,4459.31,4465.03,1058
2026.01.06,05:13,4464.96,4465.20,4463.00,4463.32,892
2026.01.06,05:14,4463.33,4464.38,4462.36,4462.54,1775
2026.01.06,05:15,4462.60,4464.83,4462.49,4464.01,1406
2026.01.06,05:16,4464.10,4464.90,4461.94,4464.40,1234
2026.01.06,05:17,4464.38,4465.33,4464.35,4465.05,838
2026.01.06,05:18,4465.05,4467.38,4464.47,4464.79,737
2026.01.06,05:19,4464.77,4466.50,4464.77,4465.18,578
2026.01.06,05:20,4465.16,4465.19,4463.64,4463.87,711
2026.01.06,05:21,4463.86,4463.94,4462.23,4462.39,847
2026.01.06,05:22,4462.41,4465.12,4462.40,4464.73,1438
2026.01.06,05:23,4464.73,4465.94,4464.34,4465.59,841
2026.01.06,05:24,4465.58,4468.09,4465.42,4467.63,1478
2026.01.06,05:25,4467.61,4467.82,4465.76,4465.81,905
2026.01.06,05:26,4465.79,4466.80,4464.94,4465.53,770
2026.01.06,05:27,4465.50,4465.78,4464.76,4464.99,755
2026.01.06,05:28,4465.00,4465.80,4464.26,4464.48,909
2026.01.06,05:29,4464.47,4465.33,4463.53,4463.66,1670
2026.01.06,05:30,4463.63,4464.41,4463.21,4464.24,762
2026.01.06,05:31,4464.20,4464.92,4463.65,4463.91,705
2026.01.06,05:32,4463.88,4464.81,4463.57,4464.71,1043
2026.01.06,05:33,4464.70,4465.25,4464.12,4464.24,1353
2026.01.06,05:34,4464.23,4465.36,4463.96,4464.60,662
2026.01.06,05:35,4464.59,4465.40,4464.53,4464.79,167
2026.01.06,05:36,4464.82,4465.29,4464.48,4464.69,135
2026.01.06,05:37,4464.68,4464.92,4464.58,4464.80,108
2026.01.06,05:38,4464.91,4465.27,4464.91,4465.03,151
2026.01.06,05:39,4465.04,4467.64,4464.90,4467.08,521
2026.01.06,05:40,4467.07,4467.51,4466.07,4466.31,454
2026.01.06,05:41,4466.31,4467.38,4465.82,4465.94,358
2026.01.06,05:42,4465.99,4466.15,4464.74,4465.18,580
2026.01.06,05:43,4465.19,4465.92,4464.73,4465.83,427
2026.01.06,05:44,4465.83,4466.32,4465.46,4466.18,235
2026.01.06,05:45,4466.20,4467.03,4465.58,4466.50,231
2026.01.06,05:46,4466.47,4467.91,4466.00,4466.38,1025
2026.01.06,05:47,4466.37,4466.79,4465.32,4466.53,623
2026.01.06,05:48,4466.51,4466.67,4465.93,4466.52,249
2026.01.06,05:49,4466.53,4466.58,4465.69,4465.93,270
2026.01.06,05:50,4465.78,4466.06,4464.54,4465.43,407
2026.01.06,05:51,4465.45,4466.57,4465.31,4466.02,259
2026.01.06,05:52,4466.10,4466.81,4465.71,4466.40,311
2026.01.06,05:53,4466.48,4467.22,4466.33,4467.03,263
2026.01.06,05:54,4467.09,4467.22,4466.51,4466.68,258
2026.01.06,05:55,4466.67,4468.08,4466.32,4467.60,305
2026.01.06,05:56,4467.68,4468.10,4467.06,4467.36,382
2026.01.06,05:57,4467.36,4467.71,4466.68,4467.04,327
2026.01.06,05:58,4466.98,4467.33,4466.56,4467.29,260
2026.01.06,05:59,4467.36,4467.71,4466.91,4467.70,177
2026.01.06,06:00,4467.69,4467.71,4465.48,4466.02,352
2026.01.06,06:01,4466.09,4467.00,4465.98,4466.10,229
2026.01.06,06:02,4466.11,4466.13,4465.14,4465.53,285
2026.01.06,06:03,4465.54,4466.72,4465.13,4466.53,361
2026.01.06,06:04,4466.56,4466.87,4465.79,4466.37,239
2026.01.06,06:05,4466.40,4466.48,4465.63,4466.02,221
2026.01.06,06:06,4466.03,4466.21,4465.03,4465.10,214
2026.01.06,06:07,4465.11,4465.91,4464.63,4465.64,229
2026.01.06,06:08,4465.59,4466.08,4465.18,4466.01,188
2026.01.06,06:09,4465.99,4466.02,4465.02,4465.44,155
2026.01.06,06:10,4465.45,4466.60,4465.30,4466.41,336
2026.01.06,06:11,4466.39,4466.87,4465.93,4466.44,290
2026.01.06,06:12,4466.48,4468.48,4466.46,4467.53,515
2026.01.06,06:13,4467.54,4467.55,4465.78,4466.23,489
2026.01.06,06:14,4466.24,4466.99,4465.54,4465.78,413
2026.01.06,06:15,4465.77,4465.96,4463.18,4463.61,615
2026.01.06,06:16,4463.46,4466.90,4463.46,4466.59,645
2026.01.06,06:17,4466.60,4467.37,4466.47,4466.49,498
2026.01.06,06:18,4466.46,4466.58,4464.76,4465.00,485
2026.01.06,06:19,4464.96,4466.10,4464.92,4465.60,842
2026.01.06,06:20,4465.67,4466.10,4465.40,4465.85,684
2026.01.06,06:21,4465.85,4466.41,4465.69,4466.29,353
2026.01.06,06:22,4466.23,4466.77,4465.57,4465.93,403
2026.01.06,06:23,4465.95,4466.22,4465.28,4465.55,533
2026.01.06,06:24,4465.58,4465.83,4464.98,4464.98,380
2026.01.06,06:25,4464.95,4465.52,4463.87,4464.07,689
2026.01.06,06:26,4464.02,4464.51,4463.52,4464.28,558
2026.01.06,06:27,4464.27,4464.60,4463.70,4464.10,214
2026.01.06,06:28,4464.07,4464.68,4463.33,4464.25,708
2026.01.06,06:29,4464.24,4464.92,4464.08,4464.77,850
2026.01.06,06:30,4464.75,4466.22,4464.68,4466.03,378
2026.01.06,06:31,4465.92,4465.94,4465.33,4465.61,279
2026.01.06,06:32,4465.62,4465.82,4464.82,4464.90,213
2026.01.06,06:33,4465.13,4465.98,4465.08,4465.82,477
2026.01.06,06:34,4465.82,4466.34,4465.51,4465.77,456
2026.01.06,06:35,4465.79,4465.92,4465.31,4465.60,306
2026.01.06,06:36,4465.53,4465.59,4465.05,4465.26,300
2026.01.06,06:37,4465.18,4465.61,4464.98,4465.48,369
2026.01.06,06:38,4465.47,4465.65,4464.85,4465.13,427
2026.01.06,06:39,4465.06,4466.06,4465.02,4466.06,346
2026.01.06,06:40,4466.05,4466.42,4464.04,4465.01,501
2026.01.06,06:41,4464.73,4465.31,4463.04,4463.53,747
2026.01.06,06:42,4463.57,4464.90,4463.29,4463.94,874
2026.01.06,06:43,4463.92,4464.04,4461.57,4462.51,1085
2026.01.06,06:44,4462.49,4463.10,4462.18,4462.60,585
2026.01.06,06:45,4462.61,4463.77,4462.52,4463.16,494
2026.01.06,06:46,4463.18,4463.63,4462.21,4463.37,511
2026.01.06,06:47,4463.24,4463.94,4463.23,4463.56,582
2026.01.06,06:48,4463.57,4466.28,4463.07,4465.71,453
2026.01.06,06:49,4465.70,4466.02,4465.30,4465.85,427
2026.01.06,06:50,4465.98,4466.28,4465.68,4465.74,278
2026.01.06,06:51,4465.73,4466.65,4465.63,4465.93,350
2026.01.06,06:52,4466.22,4466.83,4465.97,4466.25,237
2026.01.06,06:53,4466.18,4467.40,4466.12,4466.77,401
2026.01.06,06:54,4466.82,4467.44,4466.77,4467.12,290
2026.01.06,06:55,4467.12,4468.72,4467.10,4467.65,805
2026.01.06,06:56,4467.65,4467.75,4466.96,4467.00,727
2026.01.06,06:57,4466.90,4467.33,4466.39,4467.25,651
2026.01.06,06:58,4467.28,4467.55,4466.78,4467.44,341
2026.01.06,06:59,4467.41,4467.78,4467.24,4467.30,520
2026.01.06,07:00,4467.26,4467.74,4466.89,4467.50,474
2026.01.06,07:01,4467.51,4468.06,4467.15,4467.51,582
2026.01.06,07:02,4467.48,4467.85,4467.12,4467.62,1006
2026.01.06,07:03,4467.64,4467.73,4466.84,4467.29,747
2026.01.06,07:04,4467.38,4469.28,4467.22,4468.88,785
2026.01.06,07:05,4468.87,4469.68,4468.59,4469.58,1038
2026.01.06,07:06,4469.56,4469.71,4468.97,4469.10,283
2026.01.06,07:07,4469.04,4469.46,4468.24,4469.22,515
2026.01.06,07:08,4469.24,4469.31,4467.32,4467.86,575
2026.01.06,07:09,4467.85,4467.91,4467.40,4467.70,388
2026.01.06,07:10,4467.64,4468.98,4467.15,4468.46,722
2026.01.06,07:11,4468.71,4469.23,4467.75,4467.89,757
2026.01.06,07:12,4467.90,4468.58,4467.55,4468.05,337
2026.01.06,07:13,4468.06,4468.40,4467.59,4467.65,289
2026.01.06,07:14,4467.68,4468.26,4467.26,4467.38,341
2026.01.06,07:15,4467.38,4468.12,4466.71,4467.81,554
2026.01.06,07:16,4467.88,4468.97,4467.68,4468.66,692
2026.01.06,07:17,4468.68,4470.05,4467.90,4469.62,548
2026.01.06,07:18,4469.61,4469.68,4468.86,4469.05,326
2026.01.06,07:19,4468.94,4469.19,4468.49,4468.71,375
2026.01.06,07:20,4468.62,4469.60,4468.62,4469.43,343
2026.01.06,07:21,4469.46,4469.48,4468.70,4468.90,265
2026.01.06,07:22,4468.84,4469.48,4468.69,4468.85,333
2026.01.06,07:23,4468.87,4468.95,4467.96,4468.30,392
2026.01.06,07:24,4468.26,4468.46,4467.77,4468.11,408
2026.01.06,07:25,4468.13,4468.47,4467.62,4467.74,684
2026.01.06,07:26,4467.75,4468.85,4467.41,4468.56,355
2026.01.06,07:27,4468.60,4469.38,4468.39,4469.13,824
2026.01.06,07:28,4469.12,4470.27,4468.76,4469.44,1389
2026.01.06,07:29,4469.49,4470.74,4469.32,4469.71,843
2026.01.06,07:30,4469.68,4473.13,4469.27,4472.49,2099
2026.01.06,07:31,4472.51,4474.23,4471.79,4473.66,1269
2026.01.06,07:32,4473.65,4473.72,4471.76,4472.59,1596
2026.01.06,07:33,4472.27,4473.14,4471.47,4472.23,640
2026.01.06,07:34,4472.29,4472.29,4469.98,4471.39,994
2026.01.06,07:35,4471.39,4471.87,4470.37,4471.60,845
2026.01.06,07:36,4471.56,4471.99,4470.86,4471.27,705
2026.01.06,07:37,4471.26,4471.43,4469.78,4470.47,1160
2026.01.06,07:38,4470.49,4470.52,4468.53,4468.92,1463
2026.01.06,07:39,4469.11,4469.27,4463.27,4463.88,790
2026.01.06,07:40,4463.87,4464.06,4461.80,4463.35,2252
2026.01.06,07:41,4463.34,4464.92,4462.14,4463.20,2005
2026.01.06,07:42,4463.19,4466.03,4462.60,4465.49,1847
2026.01.06,07:43,4465.51,4465.75,4462.64,4463.04,1495
2026.01.06,07:44,4463.07,4463.67,4461.93,4463.04,1403
2026.01.06,07:45,4463.11,4464.82,4463.02,4464.66,1593
2026.01.06,07:46,4464.66,4464.85,4461.85,4462.04,993
2026.01.06,07:47,4462.03,4462.21,4457.82,4458.72,1505
2026.01.06,07:48,4458.47,4460.85,4458.21,4459.15,1416
2026.01.06,07:49,4459.32,4460.48,4457.69,4459.82,1362
2026.01.06,07:50,4459.93,4460.23,4456.44,4456.94,1072
2026.01.06,07:51,4456.95,4457.56,4454.78,4457.06,1290
2026.01.06,07:52,4457.02,4457.75,4456.18,4457.74,1386
2026.01.06,07:53,4457.73,4458.33,4455.41,4456.45,1398
2026.01.06,07:54,4456.44,4456.82,4455.30,4455.90,1536
2026.01.06,07:55,4455.89,4456.44,4454.84,4455.01,1120
2026.01.06,07:56,4454.96,4455.37,4450.74,4451.61,2350
2026.01.06,07:57,4451.62,4452.89,4449.30,4450.69,2235
2026.01.06,07:58,4450.68,4453.27,4449.76,4452.76,1489
2026.01.06,07:59,4452.77,4452.99,4451.01,4452.05,1113
2026.01.06,08:00,4452.35,4453.25,4451.37,4452.60,1347
2026.01.06,08:01,4452.51,4453.88,4451.54,4453.23,1224
2026.01.06,08:02,4453.26,4454.58,4453.15,4454.00,1228
2026.01.06,08:03,4454.03,4455.28,4452.73,4454.48,949
2026.01.06,08:04,4454.44,4456.78,4454.21,4454.98,1116
2026.01.06,08:05,4455.01,4456.90,4455.01,4456.02,1099
2026.01.06,08:06,4455.94,4456.56,4451.75,4455.04,1668
2026.01.06,08:07,4455.16,4455.53,4453.48,4453.70,1529
2026.01.06,08:08,4453.71,4454.69,4451.83,4454.69,1372
2026.01.06,08:09,4454.69,4456.05,4454.05,4455.57,1157
2026.01.06,08:10,4455.58,4457.99,4455.17,4457.88,1261
2026.01.06,08:11,4457.87,4458.26,4456.41,4457.09,1394
2026.01.06,08:12,4457.08,4457.75,4455.59,4456.08,554
2026.01.06,08:13,4456.05,4458.04,4456.03,4457.77,609
2026.01.06,08:14,4457.77,4458.01,4456.47,4456.73,376
2026.01.06,08:15,4456.71,4457.22,4455.61,4455.86,582
2026.01.06,08:16,4455.89,4457.18,4455.21,4456.38,574
2026.01.06,08:17,4456.39,4457.45,4455.78,4456.55,734
2026.01.06,08:18,4456.56,4457.26,4455.88,4457.10,904
2026.01.06,08:19,4457.16,4458.80,4456.89,4457.80,1324
2026.01.06,08:20,4457.78,4457.81,4456.08,4457.22,959
2026.01.06,08:21,4457.24,4458.27,4457.16,4458.23,946
2026.01.06,08:22,4458.16,4458.38,4457.11,4458.21,1092
2026.01.06,08:23,4458.22,4458.97,4456.79,4457.92,958
2026.01.06,08:24,4457.93,4458.19,4456.98,4458.04,810
2026.01.06,08:25,4458.05,4460.52,4458.04,4459.82,1771
2026.01.06,08:26,4459.83,4460.05,4458.54,4459.19,2324
2026.01.06,08:27,4459.22,4459.50,4458.10,4458.77,1646
2026.01.06,08:28,4458.76,4459.52,4457.48,4459.34,1222
2026.01.06,08:29,4459.32,4461.05,4458.71,4460.83,1163
2026.01.06,08:30,4460.86,4462.03,4460.39,4461.05,808
2026.01.06,08:31,4461.09,4461.27,4458.78,4459.15,1079
2026.01.06,08:32,4459.42,4460.89,4458.96,4460.76,679
2026.01.06,08:33,4460.78,4463.41,4459.99,4463.14,1265
2026.01.06,08:34,4463.38,4464.96,4462.85,4464.39,1368
2026.01.06,08:35,4464.37,4464.46,4462.51,4463.53,861
2026.01.06,08:36,4463.51,4464.60,4462.99,4463.37,564
2026.01.06,08:37,4463.62,4465.51,4463.37,4465.26,457
2026.01.06,08:38,4465.25,4465.61,4463.98,4465.46,375
2026.01.06,08:39,4465.48,4465.52,4464.01,4464.19,842
2026.01.06,08:40,4464.06,4464.78,4462.20,4463.31,936
2026.01.06,08:41,4463.35,4463.41,4461.44,4461.83,1141
2026.01.06,08:42,4461.80,4464.08,4461.62,4463.40,1520
2026.01.06,08:43,4463.42,4464.89,4463.02,4464.03,1394
2026.01.06,08:44,4464.04,4464.96,4463.43,4463.70,994
2026.01.06,08:45,4463.69,4463.81,4461.09,4461.28,1356
2026.01.06,08:46,4461.34,4463.46,4460.97,4462.99,876
2026.01.06,08:47,4463.00,4463.43,4462.09,4463.22,830
2026.01.06,08:48,4463.24,4463.39,4461.92,4462.27,409
2026.01.06,08:49,4462.33,4463.17,4461.72,4463.09,1109
2026.01.06,08:50,4463.11,4463.61,4462.33,4462.71,1052
2026.01.06,08:51,4462.79,4463.30,4461.62,4462.89,1198
2026.01.06,08:52,4462.91,4464.43,4462.32,4464.31,1812
2026.01.06,08:53,4464.27,4464.68,4463.24,4463.68,1748
2026.01.06,08:54,4463.69,4464.98,4463.34,4464.50,1004
2026.01.06,08:55,4464.49,4465.98,4463.97,4465.90,433
2026.01.06,08:56,4465.92,4466.51,4465.23,4466.27,591
2026.01.06,08:57,4466.29,4466.90,4465.97,4466.23,455
2026.01.06,08:58,4466.23,4466.23,4464.62,4465.16,847
2026.01.06,08:59,4465.17,4466.12,4464.18,4465.70,886
2026.01.06,09:00,4465.54,4467.45,4465.13,4466.76,646
2026.01.06,09:01,4466.79,4468.37,4466.35,4467.02,684
2026.01.06,09:02,4466.89,4467.50,4465.64,4466.15,892
2026.01.06,09:03,4466.11,4466.18,4464.35,4465.62,923
2026.01.06,09:04,4465.60,4466.01,4465.05,4465.35,685
2026.01.06,09:05,4465.36,4465.67,4464.09,4464.74,1373
2026.01.06,09:06,4464.60,4468.03,4464.50,4467.54,936
2026.01.06,09:07,4467.52,4467.82,4466.77,4467.53,484
2026.01.06,09:08,4467.54,4470.61,4467.31,4469.07,794
2026.01.06,09:09,4469.05,4470.35,4468.71,4469.08,864
2026.01.06,09:10,4469.22,4470.08,4469.03,4469.22,731
2026.01.06,09:11,4469.24,4470.26,4469.24,4469.59,935
2026.01.06,09:12,4469.60,4470.31,4469.12,4470.20,564
2026.01.06,09:13,4470.18,4470.18,4468.61,4468.87,1405
2026.01.06,09:14,4468.86,4469.59,4467.45,4468.34,818
2026.01.06,09:15,4468.39,4469.38,4467.96,4468.54,753
2026.01.06,09:16,4468.51,4468.93,4467.98,4468.25,800
2026.01.06,09:17,4468.14,4469.50,4468.04,4469.42,707
2026.01.06,09:18,4469.40,4469.58,4468.13,4468.57,527
2026.01.06,09:19,4468.53,4468.53,4467.22,4467.37,442
2026.01.06,09:20,4467.31,4467.80,4466.18,4466.56,573
2026.01.06,09:21,4466.57,4466.66,4464.66,4464.84,1306
2026.01.06,09:22,4464.88,4465.02,4462.58,4463.35,713
2026.01.06,09:23,4463.34,4463.59,4461.74,4462.63,355
2026.01.06,09:24,4462.62,4463.41,4461.95,4463.26,467
2026.01.06,09:25,4463.28,4463.81,4462.60,4462.60,203
2026.01.06,09:26,4462.56,4462.67,4461.41,4462.51,588
2026.01.06,09:27,4462.50,4464.47,4462.21,4464.37,504
2026.01.06,09:28,4464.31,4465.07,4464.21,4464.49,346
2026.01.06,09:29,4464.50,4464.59,4463.45,4464.49,287
2026.01.06,09:30,4464.57,4465.01,4464.32,4464.90,257
2026.01.06,09:31,4464.83,4466.07,4464.74,4465.95,287
2026.01.06,09:32,4465.98,4467.08,4465.17,4467.02,369
2026.01.06,09:33,4466.98,4467.12,4466.38,4466.72,324
2026.01.06,09:34,4466.73,4466.85,4465.39,4465.41,270
2026.01.06,09:35,4465.39,4465.46,4463.49,4463.63,602
2026.01.06,09:36,4463.62,4464.43,4463.32,4464.12,483
2026.01.06,09:37,4464.11,4465.32,4464.02,4464.94,697
2026.01.06,09:38,4464.90,4465.17,4464.11,4464.59,1086
2026.01.06,09:39,4464.60,4466.09,4464.54,4465.33,496
2026.01.06,09:40,4465.30,4465.63,4464.78,4464.86,339
2026.01.06,09:41,4464.87,4465.40,4464.74,4465.18,358
2026.01.06,09:42,4465.14,4465.77,4464.87,4465.76,441
2026.01.06,09:43,4465.73,4465.73,4464.37,4465.35,661
2026.01.06,09:44,4465.31,4465.95,4464.20,4464.68,648
2026.01.06,09:45,4464.67,4465.82,4464.07,4464.69,765
2026.01.06,09:46,4464.75,4465.86,4463.50,4463.93,582
2026.01.06,09:47,4463.89,4465.07,4463.69,4464.99,484
2026.01.06,09:48,4464.96,4465.79,4464.42,4464.85,570
2026.01.06,09:49,4464.86,4465.73,4464.82,4465.48,356
2026.01.06,09:50,4465.50,4466.45,4463.95,4464.03,625
2026.01.06,09:51,4464.01,4464.25,4462.86,4463.36,539
2026.01.06,09:52,4463.35,4463.35,4460.17,4462.23,1681
2026.01.06,09:53,4462.23,4462.29,4460.02,4460.75,1066
2026.01.06,09:54,4460.69,4462.18,4460.34,4460.94,579
2026.01.06,09:55,4461.09,4461.09,4458.74,4458.84,1199
2026.01.06,09:56,4458.72,4459.20,4457.24,4458.60,2085
2026.01.06,09:57,4458.63,4459.55,4457.76,4458.01,1230
2026.01.06,09:58,4457.96,4460.61,4457.87,4459.72,983
2026.01.06,09:59,4459.64,4460.44,4458.89,4459.40,928
2026.01.06,10:00,4459.38,4459.43,4457.29,4458.37,1430
2026.01.06,10:01,4458.36,4459.64,4457.88,4459.12,1018
2026.01.06,10:02,4459.22,4460.07,4457.51,4458.39,1296
2026.01.06,10:03,4458.40,4459.90,4457.47,4459.65,1252
2026.01.06,10:04,4459.66,4461.07,4458.77,4461.03,1818
2026.01.06,10:05,4461.02,4462.26,4460.39,4462.10,1167
2026.01.06,10:06,4462.09,4463.53,4461.47,4461.90,1045
2026.01.06,10:07,4461.88,4463.02,4461.01,4461.91,964
2026.01.06,10:08,4461.92,4463.45,4461.53,4463.09,562
2026.01.06,10:09,4463.10,4463.32,4462.25,4462.99,510
2026.01.06,10:10,4462.91,4463.19,4462.29,4462.82,383
2026.01.06,10:11,4462.83,4462.88,4460.43,4460.51,329
2026.01.06,10:12,4460.50,4462.24,4460.06,4460.80,500
2026.01.06,10:13,4460.76,4461.84,4460.74,4461.83,219
2026.01.06,10:14,4461.84,4461.99,4461.15,4461.84,333
2026.01.06,10:15,4461.85,4462.56,4461.55,4461.80,285
2026.01.06,10:16,4461.78,4463.86,4461.47,4463.13,424
2026.01.06,10:17,4463.07,4463.75,4462.81,4463.41,339
2026.01.06,10:18,4463.39,4464.88,4463.34,4464.65,327
2026.01.06,10:19,4464.67,4465.85,4464.66,4465.80,278
2026.01.06,10:20,4465.83,4466.57,4465.45,4465.70,284
2026.01.06,10:21,4465.67,4466.19,4465.41,4465.93,245
2026.01.06,10:22,4465.94,4466.99,4465.60,4466.66,363
2026.01.06,10:23,4466.67,4468.08,4466.62,4468.07,329
2026.01.06,10:24,4468.19,4470.16,4468.19,4469.10,332
2026.01.06,10:25,4469.07,4472.01,4469.07,4471.01,473
2026.01.06,10:26,4471.11,4472.72,4470.39,4472.57,435
2026.01.06,10:27,4472.56,4476.12,4472.55,4473.61,1251
2026.01.06,10:28,4473.58,4474.98,4471.77,4472.73,920
2026.01.06,10:29,4472.72,4473.68,4470.96,4471.06,1163
2026.01.06,10:30,4471.05,4472.75,4468.91,4469.36,1497
2026.01.06,10:31,4469.32,4469.79,4467.73,4468.14,1004
2026.01.06,10:32,4468.10,4468.67,4465.88,4466.55,1392
2026.01.06,10:33,4466.54,4467.19,4465.92,4466.87,1276
2026.01.06,10:34,4466.89,4467.81,4465.76,4467.27,985
2026.01.06,10:35,4467.27,4469.25,4467.02,4467.38,830
2026.01.06,10:36,4467.38,4468.28,4467.09,4467.28,666
2026.01.06,10:37,4467.27,4468.37,4466.67,4467.45,1011
2026.01.06,10:38,4467.41,4468.44,4466.75,4468.32,602
2026.01.06,10:39,4468.09,4468.41,4466.60,4466.69,1034
2026.01.06,10:40,4466.71,4467.73,4466.22,4466.53,700
2026.01.06,10:41,4466.52,4466.55,4464.44,4465.53,1213
2026.01.06,10:42,4465.52,4467.08,4465.38,4466.43,1027
2026.01.06,10:43,4466.51,4467.34,4465.03,4465.03,590
2026.01.06,10:44,4465.06,4466.45,4464.94,4465.70,867
2026.01.06,10:45,4465.69,4466.22,4464.90,4465.81,1295
2026.01.06,10:46,4465.79,4466.80,4465.12,4466.28,956
2026.01.06,10:47,4466.19,4468.40,4466.19,4466.97,1149
2026.01.06,10:48,4466.98,4467.30,4465.64,4465.90,619
2026.01.06,10:49,4465.97,4466.44,4465.12,4466.29,954
2026.01.06,10:50,4466.32,4468.20,4465.95,4467.50,1035
2026.01.06,10:51,4467.44,4467.57,4466.46,4466.95,531
2026.01.06,10:52,4467.10,4467.43,4466.41,4466.66,534
2026.01.06,10:53,4466.64,4466.89,4465.01,4466.41,483
2026.01.06,10:54,4466.40,4467.10,4465.74,4466.93,548
2026.01.06,10:55,4466.92,4467.63,4466.58,4467.37,629
2026.01.06,10:56,4467.36,4467.51,4466.23,4467.01,616
2026.01.06,10:57,4466.93,4468.04,4466.91,4467.89,922
2026.01.06,10:58,4467.81,4469.49,4467.66,4468.86,705
2026.01.06,10:59,4468.87,4469.02,4468.26,4468.47,1038
2026.01.06,11:00,4468.43,4468.55,4466.82,4466.84,734
2026.01.06,11:01,4466.83,4467.49,4465.03,4465.24,756
2026.01.06,11:02,4465.22,4465.57,4463.84,4464.28,649
2026.01.06,11:03,4464.30,4465.50,4463.12,4463.94,774
2026.01.06,11:04,4463.95,4465.01,4463.50,4463.85,867
2026.01.06,11:05,4463.89,4464.29,4462.01,4462.27,629
2026.01.06,11:06,4462.28,4463.00,4461.78,4462.45,665
2026.01.06,11:07,4462.43,4463.65,4461.66,4463.31,824
2026.01.06,11:08,4463.26,4463.53,4461.70,4462.67,1020
2026.01.06,11:09,4462.68,4462.97,4460.45,4461.72,1306
2026.01.06,11:10,4461.81,4462.22,4459.13,4459.31,1052
2026.01.06,11:11,4459.33,4459.50,4453.21,4455.72,1350
2026.01.06,11:12,4455.81,4456.80,4454.96,4456.18,844
2026.01.06,11:13,4456.16,4457.37,4454.53,4455.35,555
2026.01.06,11:14,4455.55,4458.61,4455.25,4457.93,602
2026.01.06,11:15,4457.94,4457.98,4452.00,4452.24,1988
2026.01.06,11:16,4452.23,4455.60,4451.96,4455.29,1379
2026.01.06,11:17,4455.32,4456.84,4455.19,4456.82,1045
2026.01.06,11:18,4456.93,4457.86,4455.22,4455.74,1086
2026.01.06,11:19,4455.76,4456.21,4453.85,4454.23,965
2026.01.06,11:20,4454.25,4454.44,4452.46,4452.97,1689
2026.01.06,11:21,4452.94,4455.86,4452.88,4455.36,1115
2026.01.06,11:22,4455.40,4455.98,4454.41,4455.15,710
2026.01.06,11:23,4455.26,4456.02,4454.50,4455.83,982
2026.01.06,11:24,4455.82,4457.14,4455.56,4457.11,1002
2026.01.06,11:25,4457.06,4457.13,4456.15,4457.09,729
2026.01.06,11:26,4457.10,4457.14,4455.41,4455.54,625
2026.01.06,11:27,4455.57,4455.68,4454.12,4455.42,571
2026.01.06,11:28,4455.41,4456.11,4455.01,4456.05,419
2026.01.06,11:29,4456.02,4456.87,4455.72,4456.64,670
2026.01.06,11:30,4456.55,4457.04,4455.46,4456.02,628
2026.01.06,11:31,4456.00,4456.19,4455.23,4455.72,383
2026.01.06,11:32,4455.68,4456.36,4455.15,4456.14,457
2026.01.06,11:33,4456.15,4456.58,4455.55,4456.47,409
2026.01.06,11:34,4456.05,4456.82,4455.66,4456.67,483
2026.01.06,11:35,4456.76,4457.01,4455.83,4456.77,435
2026.01.06,11:36,4456.74,4456.80,4455.71,4456.19,368
2026.01.06,11:37,4456.16,4456.29,4455.24,4455.87,667
2026.01.06,11:38,4455.99,4456.10,4455.05,4455.79,500
2026.01.06,11:39,4455.78,4456.51,4455.25,4456.04,1154
2026.01.06,11:40,4456.05,4456.19,4455.33,4456.06,534
2026.01.06,11:41,4456.02,4456.26,4454.61,4454.77,486
2026.01.06,11:42,4454.78,4455.36,4454.29,4454.48,463
2026.01.06,11:43,4454.52,4455.12,4454.02,4454.61,340
2026.01.06,11:44,4454.60,4456.11,4453.69,4455.87,489
2026.01.06,11:45,4455.83,4456.21,4453.44,4453.73,956
2026.01.06,11:46,4453.66,4453.76,4451.48,4451.84,1416
2026.01.06,11:47,4451.87,4451.87,4447.04,4447.92,1110
2026.01.06,11:48,4448.00,4448.43,4445.32,4447.11,2063
2026.01.06,11:49,4446.94,4448.51,4446.59,4447.65,1051
2026.01.06,11:50,4447.68,4447.69,4445.83,4447.02,875
2026.01.06,11:51,4447.00,4447.51,4444.60,4446.76,949
2026.01.06,11:52,4446.71,4448.48,4445.85,4447.75,932
2026.01.06,11:53,4447.77,4448.31,4446.49,4447.56,787
2026.01.06,11:54,4447.49,4450.33,4447.39,4449.37,854
2026.01.06,11:55,4449.39,4451.03,4449.39,4450.73,1085
2026.01.06,11:56,4450.69,4452.03,4446.47,4448.29,1606
2026.01.06,11:57,4448.43,4450.30,4447.14,4449.65,1575
2026.01.06,11:58,4449.59,4450.05,4447.58,4447.74,486
2026.01.06,11:59,4447.74,4448.40,4446.08,4446.29,613
2026.01.06,12:00,4446.38,4448.78,4444.40,4448.50,1066
2026.01.06,12:01,4448.54,4448.61,4446.43,4446.52,550
2026.01.06,12:02,4446.42,4446.43,4444.49,4444.53,879
2026.01.06,12:03,4444.44,4444.90,4442.43,4443.38,1053
2026.01.06,12:04,4443.41,4445.53,4442.99,4445.29,439
2026.01.06,12:05,4445.35,4446.51,4445.16,4445.86,398
2026.01.06,12:06,4445.85,4447.67,4445.76,4446.84,543
2026.01.06,12:07,4446.91,4448.35,4446.64,4448.18,530
2026.01.06,12:08,4448.08,4449.03,4447.75,4448.09,470
2026.01.06,12:09,4448.17,4449.70,4447.73,4449.70,927
2026.01.06,12:10,4449.71,4451.73,4448.92,4451.61,777
2026.01.06,12:11,4451.60,4452.27,4450.91,4451.70,707
2026.01.06,12:12,4451.75,4452.07,4449.69,4449.85,986
2026.01.06,12:13,4450.02,4450.54,4449.43,4449.65,587
2026.01.06,12:14,4449.63,4451.07,4448.68,4450.13,550
2026.01.06,12:15,4450.23,4451.15,4449.70,4450.48,759
2026.01.06,12:16,4450.36,4451.81,4449.84,4451.67,868
2026.01.06,12:17,4451.73,4452.45,4451.31,4451.95,703
2026.01.06,12:18,4451.94,4452.62,4451.41,4452.03,352
2026.01.06,12:19,4452.04,4452.54,4451.51,4452.05,441
2026.01.06,12:20,4451.99,4452.24,4450.26,4450.34,465
2026.01.06,12:21,4450.32,4451.25,4449.71,4449.78,688
2026.01.06,12:22,4449.77,4450.02,4448.74,4449.31,399
2026.01.06,12:23,4449.32,4450.07,4448.88,4450.07,456
2026.01.06,12:24,4450.11,4450.58,4449.34,4450.00,476
2026.01.06,12:25,4450.01,4450.69,4449.32,4449.82,474
2026.01.06,12:26,4449.91,4450.70,4449.37,4449.54,397
2026.01.06,12:27,4449.55,4450.52,4448.98,4449.87,597
2026.01.06,12:28,4449.98,4450.19,4448.65,4448.87,443
2026.01.06,12:29,4448.70,4450.19,4448.57,4450.12,494
2026.01.06,12:30,4450.14,4452.08,4448.43,4451.37,909
2026.01.06,12:31,4451.46,4453.38,4451.03,4453.14,822
2026.01.06,12:32,4453.08,4453.61,4451.83,4452.22,1012
2026.01.06,12:33,4452.19,4452.83,4450.59,4451.58,424
2026.01.06,12:34,4451.58,4451.97,4450.97,4451.26,328
2026.01.06,12:35,4451.28,4454.01,4451.00,4453.65,785
2026.01.06,12:36,4453.70,4454.80,4453.24,4453.95,655
2026.01.06,12:37,4453.94,4454.78,4453.07,4454.65,379
2026.01.06,12:38,4454.64,4455.93,4454.57,4454.78,476
2026.01.06,12:39,4454.81,4454.87,4453.27,4453.92,456
2026.01.06,12:40,4453.89,4454.34,4453.13,4453.62,456
2026.01.06,12:41,4453.61,4454.69,4452.50,4453.17,928
2026.01.06,12:42,4453.15,4453.35,4450.68,4451.13,585
2026.01.06,12:43,4451.14,4451.49,4449.07,4449.68,817
2026.01.06,12:44,4449.65,4451.17,4449.17,4451.05,1098
2026.01.06,12:45,4451.06,4451.56,4450.70,4450.73,295
2026.01.06,12:46,4450.74,4450.74,4449.19,4449.27,607
2026.01.06,12:47,4449.29,4450.55,4449.17,4450.01,1073
2026.01.06,12:48,4449.89,4451.90,4449.10,4451.71,529
2026.01.06,12:49,4451.70,4451.71,4450.58,4451.14,386
2026.01.06,12:50,4451.13,4451.40,4449.78,4450.16,786
2026.01.06,12:51,4450.17,4451.64,4449.93,4451.49,640
2026.01.06,12:52,4451.53,4451.69,4450.51,4450.62,448
2026.01.06,12:53,4450.58,4451.71,4450.49,4451.57,543
2026.01.06,12:54,4451.59,4451.75,4450.85,4451.27,590
2026.01.06,12:55,4451.28,4452.60,4451.01,4452.14,514
2026.01.06,12:56,4452.13,4452.85,4452.11,4452.69,312
2026.01.06,12:57,4452.60,4453.23,4452.41,4452.82,931
2026.01.06,12:58,4452.81,4452.81,4451.40,4451.59,606
2026.01.06,12:59,4451.62,4452.10,4451.22,4451.67,1069
2026.01.06,13:00,4451.74,4452.00,4451.04,4451.75,468
2026.01.06,13:01,4451.89,4451.89,4451.13,4451.32,377
2026.01.06,13:02,4451.33,4452.15,4451.10,4451.42,390
2026.01.06,13:03,4451.40,4452.71,4451.00,4452.55,742
2026.01.06,13:04,4452.57,4453.09,4451.98,4452.21,797
2026.01.06,13:05,4452.20,4452.32,4450.40,4450.63,577
2026.01.06,13:06,4450.62,4451.42,4449.87,4451.15,399
2026.01.06,13:07,4451.16,4451.31,4450.11,4451.13,309
2026.01.06,13:08,4451.14,4452.44,4450.73,4451.87,642
2026.01.06,13:09,4451.85,4451.90,4450.78,4451.39,550
2026.01.06,13:10,4451.40,4451.94,4450.84,4451.54,363
2026.01.06,13:11,4451.53,4451.87,4451.25,4451.77,226
2026.01.06,13:12,4451.72,4452.32,4451.14,4451.58,244
2026.01.06,13:13,4451.59,4451.68,4450.85,4451.01,238
2026.01.06,13:14,4451.03,4451.29,4450.56,4450.66,198
2026.01.06,13:15,4450.65,4451.32,4450.48,4450.48,313
2026.01.06,13:16,4450.51,4450.59,4448.89,4449.26,530
2026.01.06,13:17,4449.25,4449.67,4448.75,4449.36,383
2026.01.06,13:18,4449.28,4449.96,4448.56,4449.18,402
2026.01.06,13:19,4449.15,4451.21,4448.68,4450.50,419
2026.01.06,13:20,4450.49,4451.49,4450.16,4450.41,327
2026.01.06,13:21,4450.38,4451.27,4450.00,4450.77,309
2026.01.06,13:22,4450.75,4451.60,4450.42,4451.05,318
2026.01.06,13:23,4451.04,4452.68,4450.98,4452.51,345
2026.01.06,13:24,4452.52,4453.79,4452.40,4453.69,375
2026.01.06,13:25,4453.68,4453.83,4452.39,4452.72,483
2026.01.06,13:26,4452.70,4453.13,4452.08,4452.60,467
2026.01.06,13:27,4452.59,4453.43,4452.49,4453.04,372
2026.01.06,13:28,4453.06,4453.68,4452.62,4453.44,238
2026.01.06,13:29,4453.45,4455.80,4453.29,4455.46,496
2026.01.06,13:30,4455.45,4456.03,4455.19,4455.32,298
2026.01.06,13:31,4455.32,4455.88,4454.66,4454.81,247
2026.01.06,13:32,4454.82,4457.88,4454.78,4457.36,537
2026.01.06,13:33,4457.35,4459.94,4456.98,4459.69,979
2026.01.06,13:34,4459.71,4460.79,4459.40,4460.53,739
2026.01.06,13:35,4460.50,4462.30,4459.33,4461.28,782
2026.01.06,13:36,4461.27,4462.56,4460.05,4461.72,758
2026.01.06,13:37,4461.82,4462.70,4459.30,4459.39,884
2026.01.06,13:38,4459.40,4460.71,4459.13,4459.97,901
2026.01.06,13:39,4459.98,4460.56,4459.18,4459.54,964
2026.01.06,13:40,4459.45,4460.35,4457.73,4460.18,800
2026.01.06,13:41,4460.15,4460.71,4459.21,4460.50,631
2026.01.06,13:42,4460.49,4460.97,4459.81,4460.74,413
2026.01.06,13:43,4460.79,4461.17,4459.87,4459.89,408
2026.01.06,13:44,4459.81,4462.19,4459.63,4462.17,970
2026.01.06,13:45,4462.18,4462.48,4460.15,4460.40,684
2026.01.06,13:46,4460.36,4461.84,4460.17,4460.97,913
2026.01.06,13:47,4460.98,4461.57,4460.30,4460.65,837
2026.01.06,13:48,4460.64,4461.18,4460.21,4460.66,695
2026.01.06,13:49,4460.60,4460.77,4459.49,4460.40,555
2026.01.06,13:50,4460.44,4461.24,4460.20,4460.34,475
2026.01.06,13:51,4460.33,4461.58,4459.69,4460.74,666
2026.01.06,13:52,4460.76,4462.29,4460.74,4462.19,300
2026.01.06,13:53,4462.20,4463.28,4461.63,4461.82,676
2026.01.06,13:54,4461.83,4462.92,4461.70,4462.70,761
2026.01.06,13:55,4462.67,4463.11,4462.29,4462.92,631
2026.01.06,13:56,4462.98,4463.20,4462.53,4462.69,485
2026.01.06,13:57,4462.83,4464.74,4462.70,4464.15,943
2026.01.06,13:58,4464.11,4464.31,4462.54,4462.77,864
2026.01.06,13:59,4462.79,4463.55,4462.35,4463.35,967
2026.01.06,14:00,4463.30,4464.74,4463.23,4463.90,1085
2026.01.06,14:01,4463.99,4464.77,4463.59,4464.07,580
2026.01.06,14:02,4464.06,4464.54,4462.73,4463.25,578
2026.01.06,14:03,4463.18,4463.76,4462.08,4462.50,727
2026.01.06,14:04,4462.55,4462.71,4461.70,4461.91,539
2026.01.06,14:05,4461.93,4463.99,4461.90,4463.16,984
2026.01.06,14:06,4463.17,4464.38,4462.88,4464.16,415
2026.01.06,14:07,4464.13,4464.24,4462.96,4463.08,444
2026.01.06,14:08,4463.07,4463.27,4462.39,4462.76,582
2026.01.06,14:09,4462.66,4463.96,4462.64,4463.25,697
2026.01.06,14:10,4463.10,4463.69,4462.77,4463.20,545
2026.01.06,14:11,4463.26,4463.37,4462.66,4463.07,336
2026.01.06,14:12,4462.93,4462.96,4461.79,4462.66,286
2026.01.06,14:13,4462.67,4462.98,4462.38,4462.74,288
2026.01.06,14:14,4462.77,4462.91,4461.93,4462.07,277
2026.01.06,14:15,4462.04,4462.76,4461.85,4462.45,1165
2026.01.06,14:16,4462.42,4462.93,4462.05,4462.76,607
2026.01.06,14:17,4462.68,4464.73,4462.62,4464.41,659
2026.01.06,14:18,4464.40,4464.81,4463.41,4463.59,426
2026.01.06,14:19,4463.61,4463.79,4461.53,4461.56,519
2026.01.06,14:20,4461.72,4463.28,4461.38,4462.34,541
2026.01.06,14:21,4462.33,4464.41,4462.12,4463.58,804
2026.01.06,14:22,4463.59,4465.43,4463.56,4465.32,905
2026.01.06,14:23,4465.33,4465.82,4464.74,4465.64,650
2026.01.06,14:24,4465.67,4465.70,4464.26,4465.01,579
2026.01.06,14:25,4465.01,4465.59,4464.78,4465.12,488
2026.01.06,14:26,4465.19,4465.71,4464.83,4465.24,612
2026.01.06,14:27,4465.25,4465.48,4464.77,4464.83,419
2026.01.06,14:28,4464.82,4464.90,4463.05,4463.98,969
2026.01.06,14:29,4463.92,4464.96,4463.59,4464.41,443
2026.01.06,14:30,4464.43,4466.34,4463.73,4464.04,797
2026.01.06,14:31,4463.98,4463.99,4461.53,4462.26,777
2026.01.06,14:32,4462.11,4462.42,4461.73,4462.00,614
2026.01.06,14:33,4462.00,4462.42,4461.33,4461.78,802
2026.01.06,14:34,4461.81,4462.30,4460.65,4461.02,721
2026.01.06,14:35,4461.04,4462.51,4459.61,4462.19,1320
2026.01.06,14:36,4462.10,4462.16,4460.81,4461.78,1148
2026.01.06,14:37,4461.76,4462.55,4461.28,4462.25,839
2026.01.06,14:38,4462.26,4462.70,4461.20,4461.29,1067
2026.01.06,14:39,4461.33,4462.02,4460.29,4460.30,486
2026.01.06,14:40,4460.28,4460.85,4459.60,4460.21,649
2026.01.06,14:41,4460.21,4460.33,4458.69,4458.89,1155
2026.01.06,14:42,4458.85,4460.96,4458.73,4460.30,1821
2026.01.06,14:43,4460.27,4460.85,4459.91,4459.92,631
2026.01.06,14:44,4459.97,4462.20,4459.97,4462.00,996
2026.01.06,14:45,4461.98,4462.19,4460.87,4461.11,1483
2026.01.06,14:46,4461.16,4461.36,4460.74,4461.34,578
2026.01.06,14:47,4461.31,4461.66,4460.57,4460.89,333
2026.01.06,14:48,4460.90,4462.86,4460.86,4462.61,742
2026.01.06,14:49,4462.66,4462.94,4460.23,4460.33,703
2026.01.06,14:50,4460.40,4460.92,4459.40,4460.82,1424
2026.01.06,14:51,4460.83,4461.90,4460.68,4461.48,1736
2026.01.06,14:52,4461.47,4462.36,4461.39,4461.80,613
2026.01.06,14:53,4461.73,4461.95,4461.02,4461.87,311
2026.01.06,14:54,4461.85,4462.73,4461.60,4462.46,635
2026.01.06,14:55,4462.60,4462.73,4462.01,4462.63,405
2026.01.06,14:56,4462.64,4464.01,4462.58,4463.48,765
2026.01.06,14:57,4463.55,4464.92,4463.55,4464.30,318
2026.01.06,14:58,4464.38,4464.50,4462.75,4462.80,420
2026.01.06,14:59,4462.70,4464.03,4462.61,4463.55,631
2026.01.06,15:00,4463.53,4465.09,4462.18,4464.16,2179
2026.01.06,15:01,4464.17,4464.96,4462.94,4463.82,2217
2026.01.06,15:02,4463.87,4464.72,4459.72,4460.62,1423
2026.01.06,15:03,4460.55,4464.19,4460.49,4463.87,2586
2026.01.06,15:04,4463.96,4465.75,4463.56,4464.40,1497
2026.01.06,15:05,4464.30,4465.08,4462.02,4462.78,1825
2026.01.06,15:06,4462.80,4463.89,4461.56,4463.46,1462
2026.01.06,15:07,4463.46,4464.66,4462.88,4462.88,1326
2026.01.06,15:08,4462.89,4463.19,4460.99,4462.72,1046
2026.01.06,15:09,4462.85,4464.73,4462.13,4464.67,839
2026.01.06,15:10,4464.61,4466.52,4464.46,4465.74,1536
2026.01.06,15:11,4465.89,4468.33,4465.54,4467.79,2378
2026.01.06,15:12,4467.91,4468.11,4465.36,4465.91,2179
2026.01.06,15:13,4466.02,4466.21,4464.48,4466.07,1982
2026.01.06,15:14,4466.08,4466.60,4465.00,4465.44,2418
2026.01.06,15:15,4465.52,4467.29,4464.94,4467.05,2641
2026.01.06,15:16,4467.09,4470.73,4467.09,4470.41,1556
2026.01.06,15:17,4470.35,4470.60,4469.03,4469.99,868
2026.01.06,15:18,4470.02,4470.20,4466.71,4467.28,660
2026.01.06,15:19,4467.31,4468.79,4467.13,4468.71,680
2026.01.06,15:20,4468.81,4468.81,4462.74,4465.61,1643
2026.01.06,15:21,4465.63,4465.63,4462.64,4462.94,1212
2026.01.06,15:22,4462.87,4464.42,4460.83,4461.00,1316
2026.01.06,15:23,4461.16,4463.12,4459.59,4462.89,1458
2026.01.06,15:24,4462.95,4462.95,4459.75,4459.80,1252
2026.01.06,15:25,4459.73,4460.58,4459.09,4459.57,1331
2026.01.06,15:26,4459.55,4460.08,4457.40,4459.89,1990
2026.01.06,15:27,4460.00,4461.56,4459.73,4460.22,2059
2026.01.06,15:28,4460.26,4461.08,4458.99,4460.32,1781
2026.01.06,15:29,4460.33,4460.38,4458.18,4458.73,1879
2026.01.06,15:30,4459.09,4460.29,4457.44,4458.57,1456
2026.01.06,15:31,4458.68,4460.80,4455.00,4460.37,1435
2026.01.06,15:32,4460.40,4461.35,4459.27,4460.97,1918
2026.01.06,15:33,4460.99,4461.52,4458.93,4458.98,1542
2026.01.06,15:34,4458.89,4459.37,4457.18,4458.41,2158
2026.01.06,15:35,4458.53,4458.69,4455.92,4458.34,1338
2026.01.06,15:36,4458.53,4460.07,4457.56,4459.86,1508
2026.01.06,15:37,4459.86,4460.21,4458.00,4458.79,1172
2026.01.06,15:38,4458.81,4460.48,4458.58,4458.73,1275
2026.01.06,15:39,4458.72,4460.15,4458.17,4458.71,1371
2026.01.06,15:40,4458.66,4461.63,4458.66,4461.25,906
2026.01.06,15:41,4461.32,4461.95,4460.44,4461.32,798
2026.01.06,15:42,4461.36,4462.42,4460.55,4461.98,1082
2026.01.06,15:43,4462.01,4462.37,4461.18,4461.37,509
2026.01.06,15:44,4461.42,4461.64,4459.51,4461.15,692
2026.01.06,15:45,4461.07,4463.40,4461.03,4463.23,1668
2026.01.06,15:46,4463.17,4463.88,4462.51,4462.97,1120
2026.01.06,15:47,4463.01,4463.27,4460.10,4460.10,654
2026.01.06,15:48,4460.08,4460.08,4458.13,4458.47,731
2026.01.06,15:49,4458.51,4459.28,4456.82,4458.14,856
2026.01.06,15:50,4458.12,4458.55,4453.57,4458.15,1087
2026.01.06,15:51,4458.07,4459.19,4457.38,4459.03,1196
2026.01.06,15:52,4458.86,4459.99,4458.19,4459.85,659
2026.01.06,15:53,4459.93,4463.39,4459.86,4463.01,664
2026.01.06,15:54,4462.98,4465.20,4462.98,4465.09,734
2026.01.06,15:55,4464.94,4466.77,4464.94,4466.55,1607
2026.01.06,15:56,4466.54,4468.30,4466.31,4467.11,2089
2026.01.06,15:57,4467.12,4467.52,4465.63,4466.05,2337
2026.01.06,15:58,4466.04,4467.18,4465.68,4466.88,3197
2026.01.06,15:59,4466.90,4468.22,4466.62,4467.90,1417
2026.01.06,16:00,4467.93,4470.10,4467.78,4469.42,1412
2026.01.06,16:01,4469.45,4470.23,4467.95,4469.19,1167
2026.01.06,16:02,4469.08,4471.44,4468.86,4469.91,774
2026.01.06,16:03,4469.90,4471.01,4468.55,4469.41,847
2026.01.06,16:04,4469.37,4469.46,4467.18,4467.53,943
2026.01.06,16:05,4467.52,4468.44,4466.20,4467.60,853
2026.01.06,16:06,4467.63,4470.61,4466.90,4470.08,793
2026.01.06,16:07,4470.05,4471.19,4469.63,4470.89,1466
2026.01.06,16:08,4470.95,4471.58,4469.79,4471.21,1807
2026.01.06,16:09,4471.22,4472.72,4470.75,4471.34,1532
2026.01.06,16:10,4471.31,4472.01,4470.66,4471.34,1688
2026.01.06,16:11,4471.41,4472.43,4471.22,4471.40,1364
2026.01.06,16:12,4471.51,4472.48,4470.07,4470.72,1213
2026.01.06,16:13,4470.71,4471.10,4469.56,4470.27,1486
2026.01.06,16:14,4470.25,4472.11,4470.02,4471.77,1621
2026.01.06,16:15,4471.82,4473.35,4471.77,4472.81,1507
2026.01.06,16:16,4472.93,4473.41,4468.22,4468.70,1424
2026.01.06,16:17,4468.70,4470.81,4468.29,4468.74,880
2026.01.06,16:18,4468.86,4469.39,4467.67,4469.04,500
2026.01.06,16:19,4468.95,4469.01,4466.87,4467.18,681
2026.01.06,16:20,4467.15,4467.15,4464.47,4466.75,980
2026.01.06,16:21,4466.72,4467.35,4464.59,4467.24,1089
2026.01.06,16:22,4467.41,4468.79,4466.92,4468.33,1141
2026.01.06,16:23,4468.22,4468.52,4466.69,4466.95,676
2026.01.06,16:24,4466.92,4467.90,4466.22,4466.45,684
2026.01.06,16:25,4466.43,4467.32,4464.96,4465.86,856
2026.01.06,16:26,4466.03,4467.98,4465.49,4467.57,811
2026.01.06,16:27,4467.59,4468.57,4465.28,4466.63,1486
2026.01.06,16:28,4466.73,4467.78,4466.01,4466.49,813
2026.01.06,16:29,4466.39,4467.47,4465.15,4466.69,1463
2026.01.06,16:30,4466.80,4470.73,4464.58,4470.55,3899
2026.01.06,16:31,4470.47,4474.33,4470.08,4473.99,2815
2026.01.06,16:32,4473.97,4474.72,4472.53,4473.61,2522
2026.01.06,16:33,4473.57,4478.13,4473.35,4475.48,2030
2026.01.06,16:34,4475.49,4478.91,4474.91,4478.76,1725
2026.01.06,16:35,4478.79,4480.77,4478.00,4479.56,1694
2026.01.06,16:36,4479.55,4482.11,4479.25,4481.95,1428
2026.01.06,16:37,4481.96,4483.08,4480.46,4481.62,1665
2026.01.06,16:38,4481.57,4482.27,4477.67,4478.95,1685
2026.01.06,16:39,4478.88,4480.02,4476.44,4478.79,1787
2026.01.06,16:40,4478.78,4481.35,4477.87,4481.18,1995
2026.01.06,16:41,4481.22,4483.05,4479.90,4480.74,1427
2026.01.06,16:42,4480.62,4480.85,4477.54,4478.56,1384
2026.01.06,16:43,4478.60,4478.60,4476.03,4477.85,1721
2026.01.06,16:44,4477.94,4480.60,4477.91,4479.35,1556
2026.01.06,16:45,4479.44,4485.41,4479.35,4485.11,1576
2026.01.06,16:46,4485.11,4485.56,4483.79,4484.94,1418
2026.01.06,16:47,4484.91,4485.35,4484.09,4484.66,875
2026.01.06,16:48,4484.69,4485.09,4481.54,4484.14,1083
2026.01.06,16:49,4484.16,4485.22,4480.85,4482.10,1289
2026.01.06,16:50,4482.12,4483.57,4480.03,4482.53,1281
2026.01.06,16:51,4482.52,4483.81,4481.87,4483.14,819
2026.01.06,16:52,4483.21,4488.26,4482.87,4487.85,1210
2026.01.06,16:53,4487.94,4488.13,4486.66,4487.03,1123
2026.01.06,16:54,4487.12,4487.93,4486.48,4487.86,839
2026.01.06,16:55,4487.82,4489.41,4487.28,4488.44,1076
2026.01.06,16:56,4488.35,4488.87,4486.82,4486.93,651
2026.01.06,16:57,4486.95,4488.38,4486.30,4486.68,782
2026.01.06,16:58,4486.68,4488.51,4485.82,4488.37,788
2026.01.06,16:59,4488.43,4489.96,4486.41,4486.76,914
2026.01.06,17:00,4486.80,4490.94,4486.31,4489.63,1687
2026.01.06,17:01,4489.61,4490.82,4486.26,4487.02,2125
2026.01.06,17:02,4486.76,4487.69,4483.20,4484.09,2361
2026.01.06,17:03,4483.96,4486.94,4483.09,4486.84,1633
2026.01.06,17:04,4486.90,4487.43,4484.54,4484.55,1566
2026.01.06,17:05,4484.79,4485.28,4482.16,4483.30,1756
2026.01.06,17:06,4483.30,4487.36,4482.27,4486.47,1328
2026.01.06,17:07,4486.20,4487.53,4485.45,4486.65,1292
2026.01.06,17:08,4486.58,4488.70,4485.58,4486.26,1309
2026.01.06,17:09,4486.24,4488.56,4486.09,4487.05,1367
2026.01.06,17:10,4487.09,4487.58,4482.76,4483.36,1804
2026.01.06,17:11,4483.35,4484.51,4479.93,4481.30,2255
2026.01.06,17:12,4481.26,4482.80,4478.88,4480.08,2027
2026.01.06,17:13,4479.82,4483.10,4479.22,4482.97,1813
2026.01.06,17:14,4483.06,4484.69,4480.18,4480.26,1132
2026.01.06,17:15,4480.00,4482.77,4480.00,4482.60,1852
2026.01.06,17:16,4482.59,4483.45,4479.69,4479.96,1891
2026.01.06,17:17,4480.08,4482.10,4477.39,4477.55,2009
2026.01.06,17:18,4477.54,4479.81,4477.12,4478.66,1575
2026.01.06,17:19,4478.67,4479.03,4474.09,4474.40,2779
2026.01.06,17:20,4474.31,4476.08,4473.61,4476.02,2834
2026.01.06,17:21,4475.91,4477.86,4475.13,4477.74,2179
2026.01.06,17:22,4477.91,4478.93,4475.80,4477.44,1680
2026.01.06,17:23,4477.41,4479.29,4476.84,4478.30,1817
2026.01.06,17:24,4478.40,4479.00,4475.55,4476.50,2482
2026.01.06,17:25,4476.63,4478.45,4476.20,4478.07,2108
2026.01.06,17:26,4478.06,4481.39,4477.55,4481.23,2170
2026.01.06,17:27,4481.19,4481.53,4477.98,4479.10,1931
2026.01.06,17:28,4479.02,4479.95,4478.18,4479.86,1525
2026.01.06,17:29,4479.82,4481.80,4479.26,4480.95,2061
2026.01.06,17:30,4480.97,4481.94,4475.19,4475.31,3298
2026.01.06,17:31,4475.30,4477.73,4473.93,4476.98,3053
2026.01.06,17:32,4476.97,4478.10,4475.47,4477.36,2366
2026.01.06,17:33,4477.45,4477.98,4468.25,4468.54,3553
2026.01.06,17:34,4468.57,4470.98,4466.70,4469.68,2645
2026.01.06,17:35,4469.65,4471.18,4467.28,4469.00,2357
2026.01.06,17:36,4469.03,4471.23,4466.58,4468.48,3689
2026.01.06,17:37,4468.51,4468.82,4462.69,4465.32,2774
2026.01.06,17:38,4465.30,4470.78,4463.93,4469.63,2049
2026.01.06,17:39,4469.60,4472.43,4469.32,4470.38,1997
2026.01.06,17:40,4470.39,4473.46,4469.91,4473.23,1984
2026.01.06,17:41,4473.22,4474.93,4472.54,4474.73,1628
2026.01.06,17:42,4474.65,4476.47,4473.69,4474.31,1884
2026.01.06,17:43,4474.30,4475.98,4473.64,4475.66,2209
2026.01.06,17:44,4475.67,4475.93,4473.93,4475.32,1699
2026.01.06,17:45,4475.34,4475.34,4472.05,4473.78,2406
2026.01.06,17:46,4473.70,4476.34,4471.30,4476.26,1925
2026.01.06,17:47,4476.29,4478.33,4476.09,4477.81,1307
2026.01.06,17:48,4477.78,4479.37,4477.18,4477.95,1449
2026.01.06,17:49,4477.96,4479.31,4477.76,4478.18,1165
2026.01.06,17:50,4478.07,4479.13,4476.31,4476.66,1259
2026.01.06,17:51,4476.67,4477.77,4476.01,4476.54,1870
2026.01.06,17:52,4476.47,4477.37,4474.89,4475.77,2037
2026.01.06,17:53,4475.77,4477.78,4475.50,4476.01,2284
2026.01.06,17:54,4476.06,4477.62,4474.60,4477.49,2251
2026.01.06,17:55,4477.51,4477.66,4472.86,4473.76,3462
2026.01.06,17:56,4473.74,4475.18,4472.94,4474.94,2049
2026.01.06,17:57,4474.91,4479.47,4474.83,4479.01,2230
2026.01.06,17:58,4478.97,4479.90,4478.28,4478.57,2155
2026.01.06,17:59,4478.51,4479.10,4477.69,4478.35,2482
2026.01.06,18:00,4478.34,4480.05,4477.82,4479.27,1570
2026.01.06,18:01,4480.72,4483.17,4480.31,4481.60,2411
2026.01.06,18:02,4481.57,4482.50,4479.82,4480.53,1986
2026.01.06,18:03,4480.55,4480.98,4479.01,4479.77,1942
2026.01.06,18:04,4479.67,4479.67,4476.67,4476.75,1315
2026.01.06,18:05,4476.73,4477.23,4472.17,4473.56,1891
2026.01.06,18:06,4473.41,4476.85,4471.40,4475.17,1427
2026.01.06,18:07,4475.17,4475.62,4472.69,4475.08,1153
2026.01.06,18:08,4475.07,4475.43,4472.79,4473.47,1263
2026.01.06,18:09,4473.49,4475.85,4472.93,4474.34,1329
2026.01.06,18:10,4474.36,4475.18,4473.01,4474.83,1504
2026.01.06,18:11,4474.85,4476.34,4474.34,4475.88,1386
2026.01.06,18:12,4475.93,4478.47,4475.10,4476.82,1910
2026.01.06,18:13,4476.83,4477.55,4475.80,4476.52,1804
2026.01.06,18:14,4476.51,4478.84,4475.78,4478.76,1365
2026.01.06,18:15,4478.77,4480.41,4477.86,4480.37,1698
2026.01.06,18:16,4480.36,4481.21,4479.82,4480.02,1640
2026.01.06,18:17,4480.01,4480.61,4477.49,4478.36,1599
2026.01.06,18:18,4478.45,4479.92,4477.67,4479.23,1228
2026.01.06,18:19,4479.28,4480.66,4478.82,4479.92,1533
2026.01.06,18:20,4479.91,4481.43,4479.77,4480.85,1687
2026.01.06,18:21,4480.95,4481.47,4479.54,4480.72,1140
2026.01.06,18:22,4480.74,4481.28,4480.30,4480.84,1051
2026.01.06,18:23,4480.92,4482.27,4480.45,4482.18,959
2026.01.06,18:24,4482.20,4483.62,4481.67,4481.89,1609
2026.01.06,18:25,4481.92,4483.38,4481.91,4482.74,937
2026.01.06,18:26,4482.75,4483.85,4482.31,4483.16,1986
2026.01.06,18:27,4483.17,4484.68,4482.34,4484.41,1826
2026.01.06,18:28,4484.40,4485.25,4482.24,4482.51,1233
2026.01.06,18:29,4482.55,4483.61,4482.12,4483.42,1513
2026.01.06,18:30,4483.37,4485.44,4483.26,4484.91,1111
2026.01.06,18:31,4484.84,4484.87,4483.85,4484.44,1268
2026.01.06,18:32,4484.38,4484.94,4482.38,4482.52,1133
2026.01.06,18:33,4482.47,4484.48,4482.47,4483.15,1035
2026.01.06,18:34,4483.13,4485.90,4482.98,4485.30,1049
2026.01.06,18:35,4485.31,4485.83,4484.45,4485.55,1011
2026.01.06,18:36,4485.76,4486.43,4485.15,4485.17,949
2026.01.06,18:37,4485.18,4485.48,4483.38,4485.18,1137
2026.01.06,18:38,4485.17,4486.86,4484.60,4486.45,1435
2026.01.06,18:39,4486.43,4488.02,4486.15,4486.68,1471
2026.01.06,18:40,4486.71,4488.80,4486.71,4488.61,1315
2026.01.06,18:41,4488.62,4489.19,4485.38,4485.75,1450
2026.01.06,18:42,4485.83,4486.62,4484.89,4486.32,1559
2026.01.06,18:43,4486.31,4486.91,4484.16,4485.58,1364
2026.01.06,18:44,4485.57,4488.83,4485.37,4488.09,951
2026.01.06,18:45,4488.33,4488.33,4484.59,4484.71,1341
2026.01.06,18:46,4484.72,4486.45,4484.29,4485.93,1408
2026.01.06,18:47,4486.02,4487.29,4485.94,4486.55,1002
2026.01.06,18:48,4486.54,4487.01,4485.10,4485.16,1134
2026.01.06,18:49,4485.24,4486.34,4484.75,4485.43,887
2026.01.06,18:50,4485.36,4486.91,4484.31,4485.95,1595
2026.01.06,18:51,4485.96,4486.15,4485.19,4485.81,1273
2026.01.06,18:52,4485.79,4487.45,4485.63,4487.28,1047
2026.01.06,18:53,4487.29,4487.78,4485.92,4486.52,1000
2026.01.06,18:54,4486.49,4487.42,4485.57,4486.44,1735
2026.01.06,18:55,4486.41,4486.48,4484.48,4485.14,2593
2026.01.06,18:56,4485.16,4486.39,4484.96,4485.87,2395
2026.01.06,18:57,4485.94,4487.33,4485.76,4487.12,2087
2026.01.06,18:58,4487.32,4488.82,4487.25,4488.04,2326
2026.01.06,18:59,4488.05,4488.75,4487.23,4488.22,2267
2026.01.06,19:00,4488.21,4489.02,4485.95,4486.31,1653
2026.01.06,19:01,4486.25,4486.97,4484.14,4484.99,1450
2026.01.06,19:02,4485.08,4487.59,4485.08,4487.43,925
2026.01.06,19:03,4487.48,4488.07,4486.89,4487.79,939
2026.01.06,19:04,4487.73,4489.53,4487.69,4488.73,1111
2026.01.06,19:05,4488.70,4490.24,4488.12,4488.27,1834
2026.01.06,19:06,4488.17,4488.73,4486.24,4486.65,1390
2026.01.06,19:07,4486.64,4488.39,4486.64,4488.02,1695
2026.01.06,19:08,4487.98,4488.88,4487.40,4487.91,1947
2026.01.06,19:09,4487.96,4488.74,4487.80,4488.18,1401
2026.01.06,19:10,4488.18,4488.61,4487.43,4488.31,1618
2026.01.06,19:11,4488.28,4488.64,4486.78,4486.89,1909
2026.01.06,19:12,4486.85,4487.47,4486.32,4486.83,1170
2026.01.06,19:13,4486.76,4489.32,4486.74,4488.66,1116
2026.01.06,19:14,4488.65,4489.29,4487.93,4488.36,1064
2026.01.06,19:15,4488.52,4490.03,4488.04,4489.35,1245
2026.01.06,19:16,4489.34,4490.09,4488.92,4489.52,670
2026.01.06,19:17,4489.55,4490.28,4488.46,4489.00,1077
2026.01.06,19:18,4489.21,4489.51,4487.40,4488.85,1668
2026.01.06,19:19,4488.87,4489.15,4487.72,4488.68,944
2026.01.06,19:20,4488.70,4489.65,4487.95,4488.53,1512
2026.01.06,19:21,4488.61,4488.94,4487.19,4487.86,1593
2026.01.06,19:22,4487.87,4488.71,4487.59,4488.29,1097
2026.01.06,19:23,4488.25,4489.31,4487.97,4489.11,972
2026.01.06,19:24,4489.13,4489.53,4488.22,4488.94,935
2026.01.06,19:25,4488.95,4489.24,4487.77,4488.07,1331
2026.01.06,19:26,4488.07,4488.53,4487.23,4487.40,870
2026.01.06,19:27,4487.38,4487.39,4486.08,4486.39,1143
2026.01.06,19:28,4486.39,4487.32,4485.89,4486.61,904
2026.01.06,19:29,4486.62,4487.28,4486.54,4487.03,553
2026.01.06,19:30,4486.89,4489.18,4486.39,4488.01,1278
2026.01.06,19:31,4488.03,4488.27,4487.22,4487.52,828
2026.01.06,19:32,4487.47,4488.82,4487.20,4487.76,1179
2026.01.06,19:33,4487.73,4488.26,4486.80,4487.64,873
2026.01.06,19:34,4487.53,4489.53,4487.21,4488.95,730
2026.01.06,19:35,4489.05,4489.90,4488.88,4489.09,601
2026.01.06,19:36,4489.08,4489.24,4487.74,4488.20,905
2026.01.06,19:37,4488.21,4490.14,4487.97,4488.98,907
2026.01.06,19:38,4489.02,4489.60,4488.04,4488.18,707
2026.01.06,19:39,4488.12,4488.61,4485.49,4486.50,955
2026.01.06,19:40,4486.44,4486.77,4485.19,4485.65,1029
2026.01.06,19:41,4485.73,4487.28,4485.15,4486.35,1030
2026.01.06,19:42,4486.36,4486.92,4483.88,4484.49,1413
2026.01.06,19:43,4484.45,4485.05,4482.22,4482.35,1744
2026.01.06,19:44,4482.36,4484.57,4481.57,4483.79,1300
2026.01.06,19:45,4483.90,4485.06,4483.28,4484.70,1273
2026.01.06,19:46,4484.67,4486.23,4484.27,4485.14,1064
2026.01.06,19:47,4485.31,4485.39,4483.27,4483.77,1276
2026.01.06,19:48,4483.79,4485.22,4483.76,4484.60,1055
2026.01.06,19:49,4484.58,4485.79,4483.55,4485.78,1280
2026.01.06,19:50,4485.89,4486.44,4484.27,4486.13,1119
2026.01.06,19:51,4486.12,4487.29,4485.95,4486.75,872
2026.01.06,19:52,4486.79,4487.65,4485.90,4487.61,934
2026.01.06,19:53,4487.75,4489.25,4487.11,4489.06,1300
2026.01.06,19:54,4489.07,4490.41,4488.57,4490.19,1228
2026.01.06,19:55,4490.20,4491.49,4489.54,4490.27,995
2026.01.06,19:56,4490.17,4491.15,4489.81,4490.62,1259
2026.01.06,19:57,4490.35,4490.74,4489.53,4490.19,1469
2026.01.06,19:58,4490.20,4490.26,4488.08,4489.16,2057
2026.01.06,19:59,4489.12,4489.94,4488.68,4489.47,1559
2026.01.06,20:00,4489.46,4489.98,4486.85,4487.02,1501
2026.01.06,20:01,4487.04,4488.07,4486.62,4487.75,1815
2026.01.06,20:02,4487.78,4488.77,4486.73,4486.96,1153
2026.01.06,20:03,4486.89,4488.38,4486.00,4488.08,1693
2026.01.06,20:04,4488.09,4489.77,4487.66,4488.52,1151
2026.01.06,20:05,4488.55,4488.82,4487.52,4488.52,910
2026.01.06,20:06,4488.50,4489.32,4488.35,4488.50,857
2026.01.06,20:07,4488.39,4488.62,4487.51,4488.27,1033
2026.01.06,20:08,4488.28,4489.24,4488.15,4489.09,891
2026.01.06,20:09,4489.08,4489.49,4488.22,4489.39,801
2026.01.06,20:10,4489.41,4490.45,4489.27,4489.93,1383
2026.01.06,20:11,4489.82,4491.40,4489.64,4489.98,1195
2026.01.06,20:12,4489.99,4491.09,4489.89,4490.66,695
2026.01.06,20:13,4490.64,4491.24,4490.53,4491.07,725
2026.01.06,20:14,4491.05,4491.73,4490.42,4491.02,886
2026.01.06,20:15,4490.96,4491.74,4490.70,4491.08,850
2026.01.06,20:16,4491.06,4493.01,4490.97,4492.69,1167
2026.01.06,20:17,4492.76,4492.95,4491.83,4492.54,984
2026.01.06,20:18,4492.56,4493.66,4492.05,4493.14,1076
2026.01.06,20:19,4493.16,4494.03,4490.07,4490.87,1093
2026.01.06,20:20,4490.90,4492.20,4490.36,4491.57,806
2026.01.06,20:21,4491.55,4492.87,4490.86,4491.90,752
2026.01.06,20:22,4491.91,4492.15,4490.02,4490.68,998
2026.01.06,20:23,4490.65,4491.08,4489.68,4490.61,1085
2026.01.06,20:24,4490.65,4490.68,4487.48,4488.58,1983
2026.01.06,20:25,4488.53,4490.13,4487.64,4489.42,716
2026.01.06,20:26,4489.52,4489.68,4487.47,4487.82,783
2026.01.06,20:27,4487.78,4488.31,4486.71,4488.02,1550
2026.01.06,20:28,4488.01,4488.01,4484.36,4484.65,1313
2026.01.06,20:29,4484.76,4486.84,4484.16,4485.88,2194
2026.01.06,20:30,4485.89,4487.72,4484.59,4486.86,1281
2026.01.06,20:31,4486.97,4487.85,4485.95,4486.20,485
2026.01.06,20:32,4484.07,4484.71,4483.33,4483.74,720
2026.01.06,20:33,4483.74,4484.05,4482.09,4483.68,812
2026.01.06,20:34,4483.65,4484.54,4482.10,4484.13,986
2026.01.06,20:35,4484.07,4485.37,4483.57,4485.12,1163
2026.01.06,20:36,4485.09,4486.31,4484.64,4485.11,1361
2026.01.06,20:37,4485.10,4485.21,4484.00,4484.21,789
2026.01.06,20:38,4483.94,4485.18,4483.91,4484.99,916
2026.01.06,20:39,4484.97,4486.46,4484.91,4485.38,1243
2026.01.06,20:40,4485.38,4487.07,4485.38,4486.55,807
2026.01.06,20:41,4486.58,4486.98,4484.84,4486.03,1476
2026.01.06,20:42,4485.99,4486.20,4485.55,4485.65,865
2026.01.06,20:43,4485.69,4487.27,4485.60,4486.87,1009
2026.01.06,20:44,4486.83,4486.95,4485.79,4486.22,973
2026.01.06,20:45,4486.25,4487.70,4486.04,4486.91,709
2026.01.06,20:46,4486.95,4488.01,4486.76,4487.84,657
2026.01.06,20:47,4487.85,4487.88,4487.02,4487.35,607
2026.01.06,20:48,4487.34,4487.75,4486.58,4486.91,793
2026.01.06,20:49,4486.90,4488.70,4486.89,4488.64,415
2026.01.06,20:50,4488.43,4489.45,4488.02,4489.43,1245
2026.01.06,20:51,4489.45,4490.49,4489.14,4489.46,1029
2026.01.06,20:52,4489.51,4489.87,4487.68,4488.23,797
2026.01.06,20:53,4488.22,4488.71,4487.52,4487.57,821
2026.01.06,20:54,4487.53,4487.94,4487.16,4487.78,639
2026.01.06,20:55,4487.70,4488.10,4487.27,4487.66,813
2026.01.06,20:56,4487.69,4489.04,4487.69,4488.39,1037
2026.01.06,20:57,4488.20,4488.69,4487.70,4488.37,517
2026.01.06,20:58,4488.36,4489.45,4488.14,4488.79,545
2026.01.06,20:59,4488.77,4489.49,4488.40,4488.53,757
2026.01.06,21:00,4488.36,4489.47,4486.83,4487.57,1012
2026.01.06,21:01,4487.30,4487.65,4485.68,4486.55,1144
2026.01.06,21:02,4486.54,4487.55,4485.97,4486.29,1086
2026.01.06,21:03,4486.30,4487.08,4485.96,4486.46,1103
2026.01.06,21:04,4486.56,4487.04,4484.76,4485.82,1228
2026.01.06,21:05,4485.88,4486.52,4485.08,4485.55,1274
2026.01.06,21:06,4485.61,4486.37,4483.06,4484.07,1054
2026.01.06,21:07,4484.05,4485.02,4483.27,4484.06,1396
2026.01.06,21:08,4483.90,4485.29,4483.32,4484.62,1241
2026.01.06,21:09,4484.66,4485.12,4482.86,4483.79,1122
2026.01.06,21:10,4483.84,4484.52,4483.57,4484.33,957
2026.01.06,21:11,4484.30,4484.53,4483.32,4484.16,727
2026.01.06,21:12,4484.12,4484.58,4482.70,4482.70,622
2026.01.06,21:13,4482.67,4483.63,4482.15,4483.51,595
2026.01.06,21:14,4483.50,4483.64,4481.78,4482.01,615
2026.01.06,21:15,4482.03,4482.62,4479.98,4481.18,854
2026.01.06,21:16,4481.10,4482.15,4479.72,4480.48,1408
2026.01.06,21:17,4480.52,4480.76,4477.32,4478.79,2077
2026.01.06,21:18,4478.82,4480.47,4478.47,4479.21,1238
2026.01.06,21:19,4479.33,4482.11,4478.25,4482.06,1003
2026.01.06,21:20,4481.94,4483.87,4481.28,4483.59,1349
2026.01.06,21:21,4483.60,4484.63,4483.13,4484.51,1369
2026.01.06,21:22,4484.49,4484.77,4482.51,4483.62,803
2026.01.06,21:23,4483.62,4484.16,4483.08,4483.25,819
2026.01.06,21:24,4483.33,4483.39,4481.44,4482.37,1135
2026.01.06,21:25,4482.26,4483.74,4482.26,4483.52,1366
2026.01.06,21:26,4483.51,4483.78,4481.98,4482.45,1380
2026.01.06,21:27,4482.46,4482.96,4481.23,4481.75,591
2026.01.06,21:28,4481.73,4482.60,4480.99,4482.42,524
2026.01.06,21:29,4482.47,4482.52,4480.65,4480.89,602
2026.01.06,21:30,4480.89,4481.90,4478.39,4478.49,936
2026.01.06,21:31,4478.46,4480.65,4477.84,4479.89,859
2026.01.06,21:32,4479.90,4480.65,4477.73,4479.54,897
2026.01.06,21:33,4479.53,4481.01,4479.19,4480.73,490
2026.01.06,21:34,4480.72,4480.77,4477.76,4478.78,636
2026.01.06,21:35,4478.62,4479.31,4477.85,4479.10,669
2026.01.06,21:36,4479.02,4481.08,4478.95,4480.70,509
2026.01.06,21:37,4480.77,4482.14,4480.61,4482.12,362
2026.01.06,21:38,4482.19,4482.23,4479.92,4480.79,493
2026.01.06,21:39,4480.72,4482.26,4480.69,4482.04,356
2026.01.06,21:40,4482.06,4483.46,4481.98,4482.41,382
2026.01.06,21:41,4482.33,4482.78,4481.81,4482.54,363
2026.01.06,21:42,4482.56,4482.84,4481.66,4482.71,593
2026.01.06,21:43,4482.75,4483.66,4482.68,4483.05,400
2026.01.06,21:44,4483.06,4483.07,4481.24,4481.53,771
2026.01.06,21:45,4481.52,4483.66,4481.52,4483.35,843
2026.01.06,21:46,4483.36,4483.74,4482.64,4483.19,587
2026.01.06,21:47,4483.20,4483.55,4481.93,4482.84,289
2026.01.06,21:48,4482.85,4483.28,4481.34,4481.49,776
2026.01.06,21:49,4481.50,4482.99,4481.27,4482.44,905
2026.01.06,21:50,4482.45,4482.95,4481.26,4481.82,861
2026.01.06,21:51,4481.79,4482.31,4480.84,4481.26,486
2026.01.06,21:52,4481.35,4481.72,4480.08,4480.30,691
2026.01.06,21:53,4480.31,4481.01,4479.32,4480.04,1032
2026.01.06,21:54,4480.03,4481.61,4478.95,4481.12,1650
2026.01.06,21:55,4481.18,4482.31,4481.05,4482.14,1239
2026.01.06,21:56,4482.09,4482.24,4480.93,4481.78,767
2026.01.06,21:57,4481.84,4482.62,4480.92,4481.08,594
2026.01.06,21:58,4480.99,4481.69,4480.11,4481.01,392
2026.01.06,21:59,4481.03,4482.57,4480.76,4481.24,595
2026.01.06,22:00,4481.31,4481.59,4480.35,4480.88,358
2026.01.06,22:01,4480.89,4481.72,4480.21,4481.18,513
2026.01.06,22:02,4480.99,4482.83,4480.86,4482.35,498
2026.01.06,22:03,4482.37,4483.58,4481.83,4483.05,469
2026.01.06,22:04,4483.13,4483.98,4482.70,4483.86,620
2026.01.06,22:05,4483.97,4484.42,4483.31,4483.33,548
2026.01.06,22:06,4483.37,4483.48,4482.28,4482.48,519
2026.01.06,22:07,4482.26,4482.83,4481.76,4482.80,439
2026.01.06,22:08,4482.81,4483.85,4482.81,4482.95,417
2026.01.06,22:09,4483.13,4484.01,4482.29,4483.77,486
2026.01.06,22:10,4483.80,4484.43,4482.54,4484.07,429
2026.01.06,22:11,4484.03,4484.41,4483.12,4483.84,318
2026.01.06,22:12,4483.80,4484.53,4483.21,4484.21,351
2026.01.06,22:13,4484.15,4486.26,4484.10,4486.08,687
2026.01.06,22:14,4486.06,4486.89,4485.09,4485.30,632
2026.01.06,22:15,4485.34,4486.30,4485.07,4485.73,380
2026.01.06,22:16,4485.84,4486.83,4485.45,4486.83,386
2026.01.06,22:17,4486.82,4487.01,4486.44,4486.97,217
2026.01.06,22:18,4487.16,4487.30,4486.61,4486.87,252
2026.01.06,22:19,4486.86,4487.16,4486.67,4487.01,253
2026.01.06,22:20,4486.95,4487.18,4485.93,4486.60,377
2026.01.06,22:21,4486.61,4487.91,4486.41,4487.21,389
2026.01.06,22:22,4487.20,4487.36,4486.73,4486.85,311
2026.01.06,22:23,4486.87,4487.47,4486.61,4486.95,333
2026.01.06,22:24,4486.98,4487.41,4486.24,4486.35,420
2026.01.06,22:25,4486.33,4487.01,4486.14,4486.98,380
2026.01.06,22:26,4486.77,4487.72,4486.02,4486.15,433
2026.01.06,22:27,4486.14,4486.28,4484.48,4485.86,448
2026.01.06,22:28,4485.85,4486.39,4485.56,4486.37,407
2026.01.06,22:29,4486.28,4486.41,4485.04,4485.58,360
2026.01.06,22:30,4485.52,4485.74,4483.71,4484.53,443
2026.01.06,22:31,4484.58,4484.94,4483.77,4484.51,803
2026.01.06,22:32,4484.48,4485.76,4484.29,4485.40,740
2026.01.06,22:33,4485.41,4485.47,4484.49,4484.66,699
2026.01.06,22:34,4484.51,4485.39,4484.30,4485.23,730
2026.01.06,22:35,4485.22,4485.46,4484.51,4484.68,545
2026.01.06,22:36,4484.64,4485.99,4483.98,4485.77,465
2026.01.06,22:37,4485.73,4486.71,4485.66,4486.70,262
2026.01.06,22:38,4486.74,4487.42,4486.36,4486.93,422
2026.01.06,22:39,4486.88,4486.98,4486.11,4486.61,253
2026.01.06,22:40,4486.62,4488.13,4486.62,4488.06,391
2026.01.06,22:41,4487.99,4488.41,4487.46,4488.05,524
2026.01.06,22:42,4487.94,4490.32,4487.94,4489.90,718
2026.01.06,22:43,4489.97,4490.18,4488.95,4489.44,778
2026.01.06,22:44,4489.52,4490.06,4489.04,4489.82,557
2026.01.06,22:45,4489.81,4491.14,4489.81,4490.43,438
2026.01.06,22:46,4490.39,4491.13,4490.28,4490.89,494
2026.01.06,22:47,4490.97,4491.38,4490.18,4490.88,688
2026.01.06,22:48,4490.86,4491.22,4490.33,4490.38,521
2026.01.06,22:49,4490.41,4490.41,4489.10,4489.81,395
2026.01.06,22:50,4489.88,4489.88,4488.41,4489.43,845
2026.01.06,22:51,4489.44,4490.06,4488.93,4489.61,590
2026.01.06,22:52,4489.63,4490.36,4489.08,4489.79,579
2026.01.06,22:53,4489.73,4490.36,4489.03,4489.93,389
2026.01.06,22:54,4489.94,4490.39,4489.10,4490.37,324
2026.01.06,22:55,4490.25,4490.91,4489.56,4490.41,529
2026.01.06,22:56,4490.37,4491.76,4490.18,4491.74,862
2026.01.06,22:57,4491.75,4494.94,4491.48,4494.26,1102
2026.01.06,22:58,4494.20,4496.74,4494.17,4496.07,1114
2026.01.06,22:59,4496.08,4496.38,4493.42,4493.76,1055
2026.01.06,23:00,4493.62,4494.36,4492.49,4493.18,642
2026.01.06,23:01,4493.15,4493.83,4492.01,4493.19,479
2026.01.06,23:02,4493.20,4494.54,4492.88,4493.89,378
2026.01.06,23:03,4493.10,4493.66,4492.62,4492.85,276
2026.01.06,23:04,4492.73,4493.33,4492.62,4493.11,208
2026.01.06,23:05,4493.06,4493.37,4492.18,4493.04,239
2026.01.06,23:06,4492.99,4494.40,4492.72,4494.40,542
2026.01.06,23:07,4494.37,4494.61,4493.23,4493.29,306
2026.01.06,23:08,4493.26,4494.00,4493.01,4493.81,338
2026.01.06,23:09,4493.80,4493.98,4493.02,4493.68,416
2026.01.06,23:10,4493.66,4493.94,4493.06,4493.62,227
2026.01.06,23:11,4493.55,4493.82,4492.70,4492.87,266
2026.01.06,23:12,4492.88,4493.45,4492.27,4492.38,214
2026.01.06,23:13,4492.41,4493.05,4491.69,4492.19,327
2026.01.06,23:14,4492.21,4492.57,4491.89,4492.01,254
2026.01.06,23:15,4492.02,4493.04,4491.94,4492.54,180
2026.01.06,23:16,4492.55,4493.53,4492.51,4492.76,208
2026.01.06,23:17,4492.88,4493.11,4492.49,4493.01,255
2026.01.06,23:18,4493.04,4493.11,4492.67,4492.85,206
2026.01.06,23:19,4492.81,4492.87,4492.24,4492.55,110
2026.01.06,23:20,4492.45,4492.49,4491.98,4492.46,124
2026.01.06,23:21,4492.44,4492.56,4492.17,4492.53,139
2026.01.06,23:22,4492.52,4493.75,4492.28,4493.51,164
2026.01.06,23:23,4493.49,4493.58,4492.82,4493.45,188
2026.01.06,23:24,4493.49,4493.63,4492.99,4493.06,96
2026.01.06,23:25,4493.10,4493.20,4492.49,4492.90,204
2026.01.06,23:26,4492.80,4493.39,4492.64,4493.35,89
2026.01.06,23:27,4493.36,4493.85,4492.95,4493.76,124
2026.01.06,23:28,4493.72,4493.74,4493.36,4493.69,162
2026.01.06,23:29,4493.78,4494.69,4493.42,4494.01,306
2026.01.06,23:30,4494.02,4495.43,4493.90,4495.43,266
2026.01.06,23:31,4495.29,4495.45,4495.04,4495.28,86
2026.01.06,23:32,4495.40,4495.64,4494.93,4495.59,146
2026.01.06,23:33,4495.58,4495.61,4494.94,4495.37,146
2026.01.06,23:34,4495.41,4495.61,4494.93,4495.51,84
2026.01.06,23:35,4495.68,4496.18,4494.85,4496.03,256
2026.01.06,23:36,4496.04,4496.33,4495.86,4496.16,222
2026.01.06,23:37,4496.15,4496.15,4495.36,4495.76,143
2026.01.06,23:38,4495.78,4496.76,4495.27,4496.45,260
2026.01.06,23:39,4496.47,4496.76,4496.21,4496.76,356
2026.01.06,23:40,4496.74,4496.84,4496.03,4496.14,272
2026.01.06,23:41,4496.11,4497.22,4496.03,4496.88,290
2026.01.06,23:42,4496.87,4497.08,4496.68,4496.71,124
2026.01.06,23:43,4496.73,4496.85,4496.02,4496.14,141
2026.01.06,23:44,4496.13,4496.40,4495.99,4496.23,80
2026.01.06,23:45,4496.25,4496.49,4495.80,4496.28,236
2026.01.06,23:46,4496.18,4496.57,4496.16,4496.35,221
2026.01.06,23:47,4496.42,4496.96,4496.31,4496.93,182
2026.01.06,23:48,4496.87,4497.01,4496.07,4496.07,335
2026.01.06,23:49,4496.20,4497.39,4496.04,4497.28,374
2026.01.06,23:50,4497.26,4497.39,4496.16,4496.94,282
2026.01.06,23:51,4496.80,4497.31,4496.13,4496.68,219
2026.01.06,23:52,4496.64,4496.77,4495.77,4496.35,123
2026.01.06,23:53,4496.29,4496.41,4494.00,4494.38,170
2026.01.06,23:54,4494.30,4495.43,4494.19,4495.12,112
2026.01.06,23:55,4495.29,4495.37,4494.85,4494.98,66
2026.01.06,23:56,4494.99,4494.99,4493.97,4494.35,74
2026.01.06,23:57,4494.35,4494.64,4493.99,4494.51,81
2026.01.06,23:58,4494.35,4495.03,4494.10,4494.97,69
2026.01.06,23:59,4494.95,4495.08,4494.31,4494.31,94
2026.01.07,01:00,4495.21,4497.37,4495.05,4496.80,81
2026.01.07,01:01,4496.78,4498.34,4496.45,4497.84,134
2026.01.07,01:02,4497.81,4498.17,4497.11,4497.39,68
2026.01.07,01:03,4497.33,4498.47,4497.25,4498.21,55
2026.01.07,01:04,4498.18,4498.89,4498.07,4498.49,67
2026.01.07,01:05,4498.50,4499.38,4497.98,4499.26,166
2026.01.07,01:06,4499.24,4499.54,4498.41,4498.95,125
2026.01.07,01:07,4498.99,4499.00,4498.31,4498.93,94
2026.01.07,01:08,4498.98,4499.23,4498.50,4499.23,100
2026.01.07,01:09,4499.27,4499.27,4498.33,4498.62,98
2026.01.07,01:10,4498.59,4498.78,4497.56,4497.58,136
2026.01.07,01:11,4497.57,4497.58,4495.62,4496.18,366
2026.01.07,01:12,4496.45,4497.39,4494.52,4495.91,429
2026.01.07,01:13,4495.92,4496.69,4495.27,4495.46,333
2026.01.07,01:14,4495.42,4497.63,4494.65,4497.63,346
2026.01.07,01:15,4497.65,4499.14,4497.16,4498.78,383
2026.01.07,01:16,4498.77,4499.26,4497.56,4498.79,258
2026.01.07,01:17,4498.66,4498.68,4497.12,4497.39,250
2026.01.07,01:18,4497.56,4498.21,4497.04,4497.46,250
2026.01.07,01:19,4497.53,4498.88,4497.37,4498.85,225
2026.01.07,01:20,4498.69,4499.52,4498.43,4499.21,269
2026.01.07,01:21,4499.18,4500.16,4498.75,4498.98,312
2026.01.07,01:22,4499.01,4499.22,4498.12,4499.09,226
2026.01.07,01:23,4499.11,4500.05,4498.80,4499.47,250
2026.01.07,01:24,4499.44,4499.83,4499.14,4499.76,196
2026.01.07,01:25,4499.59,4500.18,4499.27,4499.94,201
2026.01.07,01:26,4499.84,4500.35,4499.72,4500.21,244
2026.01.07,01:27,4500.23,4500.44,4499.79,4500.20,173
2026.01.07,01:28,4500.23,4500.24,4498.61,4498.87,275
2026.01.07,01:29,4498.85,4498.86,4498.25,4498.51,187
2026.01.07,01:30,4498.56,4499.57,4497.98,4498.26,275
2026.01.07,01:31,4498.27,4499.01,4497.98,4498.56,224
2026.01.07,01:32,4498.55,4499.07,4498.46,4498.86,80
2026.01.07,01:33,4498.91,4499.07,4498.11,4498.39,106
2026.01.07,01:34,4498.38,4499.04,4497.78,4498.89,165
2026.01.07,01:35,4498.88,4499.07,4498.40,4499.01,86
2026.01.07,01:36,4499.02,4499.44,4498.64,4499.04,126
2026.01.07,01:37,4499.05,4499.08,4497.91,4498.22,112
2026.01.07,01:38,4498.23,4498.23,4497.26,4497.60,186
2026.01.07,01:39,4497.61,4497.62,4496.17,4496.41,218
2026.01.07,01:40,4496.38,4496.48,4494.96,4495.49,270
2026.01.07,01:41,4495.44,4496.38,4495.44,4496.05,230
2026.01.07,01:42,4496.06,4496.16,4494.95,4495.19,169
2026.01.07,01:43,4495.21,4496.05,4494.97,4495.95,178
2026.01.07,01:44,4495.94,4496.01,4494.86,4495.06,222
2026.01.07,01:45,4495.04,4495.85,4493.60,4495.52,469
2026.01.07,01:46,4495.50,4495.82,4494.39,4495.16,287
2026.01.07,01:47,4495.16,4495.58,4494.47,4494.47,311
2026.01.07,01:48,4494.48,4495.22,4494.12,4494.21,314
2026.01.07,01:49,4494.21,4494.39,4493.16,4493.58,232
2026.01.07,01:50,4493.60,4494.22,4492.46,4493.13,354
2026.01.07,01:51,4493.12,4493.54,4492.06,4492.29,375
2026.01.07,01:52,4492.28,4494.01,4492.08,4493.84,363
2026.01.07,01:53,4493.83,4495.47,4493.83,4494.71,278
2026.01.07,01:54,4494.68,4496.18,4494.32,4496.05,382
2026.01.07,01:55,4495.93,4496.21,4494.44,4494.44,341
2026.01.07,01:56,4494.49,4495.56,4493.91,4495.09,293
2026.01.07,01:57,4495.12,4495.12,4493.20,4494.68,355
2026.01.07,01:58,4494.75,4494.83,4493.00,4493.00,311
2026.01.07,01:59,4493.00,4493.74,4492.19,4493.18,269
2026.01.07,02:00,4493.26,4494.09,4491.63,4492.19,520
2026.01.07,02:01,4492.28,4493.29,4490.10,4490.47,635
2026.01.07,02:02,4490.41,4491.88,4490.31,4491.27,312
2026.01.07,02:03,4491.29,4492.96,4490.79,4492.49,391
2026.01.07,02:04,4492.59,4493.62,4492.51,4492.81,294
2026.01.07,02:05,4492.73,4492.94,4491.43,4491.53,230
2026.01.07,02:06,4491.55,4491.99,4490.73,4491.10,292
2026.01.07,02:07,4491.07,4492.45,4491.07,4491.38,315
2026.01.07,02:08,4491.43,4491.91,4490.99,4491.67,226
2026.01.07,02:09,4491.76,4492.48,4490.95,4492.11,374
2026.01.07,02:10,4492.14,4493.85,4491.89,4493.50,525
2026.01.07,02:11,4493.58,4493.93,4492.11,4493.79,442
2026.01.07,02:12,4493.80,4494.57,4492.73,4493.12,287
2026.01.07,02:13,4493.15,4493.57,4492.34,4493.15,249
2026.01.07,02:14,4493.09,4493.62,4492.68,4493.07,204
2026.01.07,02:15,4493.26,4493.47,4492.56,4493.16,293
2026.01.07,02:16,4493.13,4493.27,4491.63,4492.05,279
2026.01.07,02:17,4492.07,4492.62,4490.98,4491.46,423
2026.01.07,02:18,4491.40,4491.73,4489.40,4491.27,331
2026.01.07,02:19,4491.16,4491.41,4489.97,4490.47,168
2026.01.07,02:20,4490.73,4492.07,4490.23,4491.64,282
2026.01.07,02:21,4491.62,4492.59,4491.32,4492.45,209
2026.01.07,02:22,4492.48,4492.99,4490.94,4491.44,284
2026.01.07,02:23,4491.42,4491.91,4491.05,4491.42,221
2026.01.07,02:24,4491.44,4491.67,4491.07,4491.27,175
2026.01.07,02:25,4491.26,4491.54,4490.43,4491.16,168
2026.01.07,02:26,4491.18,4491.71,4491.11,4491.20,174
2026.01.07,02:27,4491.22,4491.70,4490.32,4491.11,322
2026.01.07,02:28,4490.94,4491.78,4490.09,4490.51,196
2026.01.07,02:29,4490.53,4491.16,4490.00,4490.96,166
2026.01.07,02:30,4491.17,4492.74,4490.83,4491.63,449
2026.01.07,02:31,4491.69,4492.03,4490.35,4492.00,327
2026.01.07,02:32,4491.97,4491.98,4490.21,4490.30,360
2026.01.07,02:33,4490.18,4492.75,4490.11,4492.46,419
2026.01.07,02:34,4492.41,4493.81,4491.69,4493.58,575
2026.01.07,02:35,4493.53,4493.68,4491.49,4493.13,1478
2026.01.07,02:36,4493.23,4494.64,4492.61,4492.80,1083
2026.01.07,02:37,4492.86,4493.21,4490.81,4491.30,766
2026.01.07,02:38,4491.28,4491.86,4489.55,4489.71,546
2026.01.07,02:39,4489.69,4490.11,4487.78,4489.65,797
2026.01.07,02:40,4489.46,4490.32,4488.58,4489.75,877
2026.01.07,02:41,4489.76,4491.28,4489.15,4490.64,974
2026.01.07,02:42,4490.63,4492.29,4490.57,4491.45,1107
2026.01.07,02:43,4491.44,4491.51,4490.18,4490.37,807
2026.01.07,02:44,4490.36,4490.42,4489.41,4489.76,519
2026.01.07,02:45,4489.74,4489.83,4488.41,4488.51,635
2026.01.07,02:46,4488.61,4489.91,4487.72,4489.63,809
2026.01.07,02:47,4489.71,4491.43,4489.69,4489.82,745
2026.01.07,02:48,4489.70,4491.16,4489.69,4490.80,916
2026.01.07,02:49,4490.85,4491.12,4489.67,4489.90,838
2026.01.07,02:50,4489.88,4490.16,4488.10,4488.63,425
2026.01.07,02:51,4488.64,4489.01,4488.16,4488.43,350
2026.01.07,02:52,4488.40,4488.83,4484.86,4485.01,1348
2026.01.07,02:53,4485.24,4485.31,4482.70,4483.88,1113
2026.01.07,02:54,4483.87,4485.57,4483.76,4485.36,1160
2026.01.07,02:55,4485.35,4486.44,4484.88,4485.89,687
2026.01.07,02:56,4485.97,4486.65,4485.29,4485.70,1018
2026.01.07,02:57,4485.69,4487.24,4485.49,4486.93,863
2026.01.07,02:58,4487.04,4488.22,4486.41,4488.01,958
2026.01.07,02:59,4487.95,4492.20,4487.67,4492.06,1225
2026.01.07,03:00,4491.86,4496.11,4487.61,4490.17,2660
2026.01.07,03:01,4490.12,4491.35,4483.39,4485.49,2169
2026.01.07,03:02,4485.36,4486.15,4482.52,4482.91,3158
2026.01.07,03:03,4482.92,4483.23,4480.47,4482.08,3184
2026.01.07,03:04,4482.20,4484.32,4480.52,4483.38,2043
2026.01.07,03:05,4483.20,4483.59,4477.88,4479.01,2822
2026.01.07,03:06,4479.07,4480.51,4475.50,4475.82,2243
2026.01.07,03:07,4475.74,4476.07,4471.96,4474.80,2621
2026.01.07,03:08,4474.82,4476.86,4472.60,4475.53,2569
2026.01.07,03:09,4475.54,4476.51,4474.02,4475.80,2216
2026.01.07,03:10,4475.80,4476.11,4470.16,4472.08,2573
2026.01.07,03:11,4472.10,4475.90,4470.51,4475.71,2471
2026.01.07,03:12,4475.74,4478.66,4474.75,4478.17,1660
2026.01.07,03:13,4478.22,4478.78,4473.77,4474.14,1691
2026.01.07,03:14,4474.14,4474.14,4468.93,4470.87,1948
2026.01.07,03:15,4471.25,4475.74,4470.60,4474.69,1811
2026.01.07,03:16,4474.70,4474.97,4471.17,4474.02,1529
2026.01.07,03:17,4474.01,4474.39,4472.16,4473.23,1560
2026.01.07,03:18,4473.24,4476.94,4472.90,4475.94,1702
2026.01.07,03:19,4475.76,4476.57,4472.50,4472.69,1710
2026.01.07,03:20,4472.75,4474.36,4471.05,4474.23,1766
2026.01.07,03:21,4474.31,4476.73,4473.53,4476.49,1897
2026.01.07,03:22,4476.37,4477.81,4475.13,4475.95,1604
2026.01.07,03:23,4475.96,4478.28,4474.39,4476.67,1365
2026.01.07,03:24,4476.64,4477.35,4474.39,4476.31,1645
2026.01.07,03:25,4476.17,4478.66,4475.15,4477.10,1656
2026.01.07,03:26,4477.12,4479.07,4476.71,4477.84,1054
2026.01.07,03:27,4477.84,4478.29,4474.31,4474.58,1045
2026.01.07,03:28,4474.61,4475.99,4473.51,4475.06,1754
2026.01.07,03:29,4475.09,4477.71,4474.40,4477.02,1385
2026.01.07,03:30,4477.05,4477.87,4473.71,4474.42,1516
2026.01.07,03:31,4474.45,4475.52,4473.61,4475.31,2205
2026.01.07,03:32,4475.31,4476.32,4471.90,4472.47,1503
2026.01.07,03:33,4472.45,4473.36,4469.36,4469.52,1248
2026.01.07,03:34,4469.51,4471.64,4466.18,4466.69,1805
2026.01.07,03:35,4466.65,4468.01,4464.79,4465.43,2320
2026.01.07,03:36,4465.60,4468.05,4465.10,4466.48,2350
2026.01.07,03:37,4466.31,4468.96,4465.13,4468.15,1566
2026.01.07,03:38,4468.22,4470.13,4466.44,4468.70,1073
2026.01.07,03:39,4468.71,4470.77,4467.53,4470.76,1623
2026.01.07,03:40,4470.72,4471.40,4467.34,4470.28,1987
2026.01.07,03:41,4470.36,4473.14,4470.34,4471.75,1270
2026.01.07,03:42,4471.64,4472.28,4468.67,4468.81,2130
2026.01.07,03:43,4468.77,4470.46,4467.53,4468.83,1786
2026.01.07,03:44,4468.85,4471.56,4468.27,4468.82,1121
2026.01.07,03:45,4468.81,4470.60,4467.81,4470.04,1280
2026.01.07,03:46,4469.89,4470.40,4468.00,4470.16,1750
2026.01.07,03:47,4470.19,4470.25,4468.13,4468.13,991
2026.01.07,03:48,4468.14,4468.72,4465.11,4466.55,1793
2026.01.07,03:49,4466.58,4467.01,4465.04,4465.09,1164
2026.01.07,03:50,4465.11,4468.83,4465.06,4468.64,1444
2026.01.07,03:51,4468.65,4468.94,4466.21,4467.71,1273
2026.01.07,03:52,4467.72,4468.18,4465.75,4466.37,1251
2026.01.07,03:53,4466.45,4468.96,4465.14,4468.91,769
2026.01.07,03:54,4468.91,4470.49,4468.53,4470.03,784
2026.01.07,03:55,4469.92,4469.92,4466.32,4466.45,1344
2026.01.07,03:56,4466.44,4466.86,4462.90,4464.27,1671
2026.01.07,03:57,4464.25,4465.27,4460.87,4463.96,2019
2026.01.07,03:58,4463.98,4466.96,4463.86,4465.24,1280
2026.01.07,03:59,4465.23,4466.16,4464.28,4465.52,1068
2026.01.07,04:00,4465.51,4466.34,4461.13,4461.18,1498
2026.01.07,04:01,4461.02,4463.88,4459.22,4460.64,1420
2026.01.07,04:02,4460.42,4463.56,4459.88,4463.47,1549
2026.01.07,04:03,4463.45,4465.33,4462.76,4464.53,1876
2026.01.07,04:04,4464.54,4467.55,4464.54,4467.55,1420
2026.01.07,04:05,4467.49,4467.55,4466.07,4467.02,1268
2026.01.07,04:06,4466.91,4468.92,4466.60,4468.72,1210
2026.01.07,04:07,4468.67,4469.85,4468.26,4469.52,1278
2026.01.07,04:08,4469.52,4470.38,4468.65,4469.40,1530
2026.01.07,04:09,4469.32,4471.16,4468.60,4470.77,1910
2026.01.07,04:10,4470.73,4473.40,4470.25,4473.30,1171
2026.01.07,04:11,4473.13,4474.59,4472.18,4473.65,2165
2026.01.07,04:12,4473.67,4475.66,4473.27,4475.05,1607
2026.01.07,04:13,4475.01,4475.16,4473.46,4474.09,1025
2026.01.07,04:14,4474.10,4474.86,4471.92,4472.37,755
2026.01.07,04:15,4472.40,4475.02,4471.22,4473.97,546
2026.01.07,04:16,4473.91,4473.91,4471.69,4472.20,537
2026.01.07,04:17,4472.22,4473.09,4471.85,4472.32,631
2026.01.07,04:18,4472.33,4472.82,4471.21,4471.45,475
2026.01.07,04:19,4471.55,4471.90,4470.99,4471.76,367
2026.01.07,04:20,4471.56,4471.64,4470.17,4470.33,321
2026.01.07,04:21,4470.35,4470.56,4469.35,4470.18,435
2026.01.07,04:22,4470.20,4471.71,4469.29,4471.18,563
2026.01.07,04:23,4471.17,4471.27,4469.77,4469.77,470
2026.01.07,04:24,4469.73,4470.11,4469.17,4469.98,473
2026.01.07,04:25,4469.98,4470.51,4468.37,4470.45,696
2026.01.07,04:26,4470.54,4472.07,4469.84,4471.50,510
2026.01.07,04:27,4471.49,4473.05,4471.08,4472.55,558
2026.01.07,04:28,4472.51,4474.82,4472.01,4474.72,585
2026.01.07,04:29,4474.73,4474.99,4473.39,4473.87,470
2026.01.07,04:30,4473.72,4475.22,4473.06,4474.07,1236
2026.01.07,04:31,4474.09,4476.30,4473.50,4476.05,777
2026.01.07,04:32,4476.06,4478.07,4475.92,4477.39,1248
2026.01.07,04:33,4477.32,4477.53,4475.58,4475.84,866
2026.01.07,04:34,4475.85,4476.86,4474.43,4475.08,864
2026.01.07,04:35,4475.01,4478.01,4474.22,4477.90,906
2026.01.07,04:36,4477.83,4478.10,4477.12,4477.51,656
2026.01.07,04:37,4477.48,4477.60,4475.72,4475.99,722
2026.01.07,04:38,4475.75,4477.03,4475.34,4476.67,627
2026.01.07,04:39,4476.48,4477.08,4475.44,4476.82,409
2026.01.07,04:40,4476.80,4477.19,4475.18,4476.69,645
2026.01.07,04:41,4476.82,4477.88,4476.39,4477.27,612
2026.01.07,04:42,4477.46,4478.48,4475.47,4476.37,655
2026.01.07,04:43,4476.40,4477.96,4475.99,4477.55,791
2026.01.07,04:44,4477.65,4477.81,4475.34,4475.53,606
2026.01.07,04:45,4475.52,4475.52,4473.58,4474.37,730
2026.01.07,04:46,4474.39,4476.11,4474.27,4476.11,511
2026.01.07,04:47,4476.10,4477.53,4475.11,4475.55,898
2026.01.07,04:48,4475.62,4477.14,4475.24,4475.63,621
2026.01.07,04:49,4475.72,4477.45,4475.46,4477.11,692
2026.01.07,04:50,4477.07,4478.03,4475.31,4477.37,567
2026.01.07,04:51,4477.36,4477.60,4474.97,4476.18,996
2026.01.07,04:52,4476.21,4477.14,4474.88,4476.37,1023
2026.01.07,04:53,4476.35,4477.51,4476.15,4476.58,835
2026.01.07,04:54,4476.57,4478.68,4476.13,4478.18,1225
2026.01.07,04:55,4478.10,4478.72,4476.96,4477.76,868
2026.01.07,04:56,4477.78,4478.19,4476.27,4477.41,1014
2026.01.07,04:57,4477.34,4477.70,4476.19,4476.31,791
2026.01.07,04:58,4476.40,4476.64,4475.51,4475.86,647
2026.01.07,04:59,4475.91,4475.99,4474.03,4474.54,721
2026.01.07,05:00,4474.55,4476.91,4473.89,4475.83,634
2026.01.07,05:01,4475.72,4475.87,4474.36,4474.75,498
2026.01.07,05:02,4474.73,4476.24,4473.98,4474.03,557
2026.01.07,05:03,4474.02,4475.35,4473.19,4475.02,631
2026.01.07,05:04,4475.00,4476.26,4474.74,4475.11,479
2026.01.07,05:05,4475.10,4475.93,4473.77,4475.19,849
2026.01.07,05:06,4475.17,4475.85,4474.52,4475.39,784
2026.01.07,05:07,4475.37,4476.12,4474.06,4474.76,650
2026.01.07,05:08,4474.75,4474.79,4472.91,4473.78,933
2026.01.07,05:09,4473.77,4476.27,4473.01,4475.77,778
2026.01.07,05:10,4476.09,4477.17,4474.91,4475.24,933
2026.01.07,05:11,4475.27,4476.27,4474.19,4474.55,690
2026.01.07,05:12,4474.65,4475.69,4474.20,4474.78,635
2026.01.07,05:13,4474.77,4474.83,4472.15,4472.31,703
2026.01.07,05:14,4472.19,4474.62,4471.85,4474.39,442
2026.01.07,05:15,4474.69,4474.85,4472.53,4473.44,566
2026.01.07,05:16,4473.40,4474.77,4473.03,4473.83,471
2026.01.07,05:17,4473.85,4477.69,4473.85,4476.95,1366
2026.01.07,05:18,4476.94,4478.93,4476.92,4478.51,730
2026.01.07,05:19,4478.53,4480.27,4478.12,4479.75,1425
2026.01.07,05:20,4479.77,4480.25,4478.41,4478.52,1172
2026.01.07,05:21,4478.52,4478.68,4477.81,4478.18,1039
2026.01.07,05:22,4478.08,4478.95,4477.64,4478.43,732
2026.01.07,05:23,4478.44,4478.97,4476.66,4477.33,813
2026.01.07,05:24,4477.31,4479.31,4477.16,4479.16,872
2026.01.07,05:25,4479.00,4479.76,4477.72,4478.10,1020
2026.01.07,05:26,4478.09,4478.59,4477.34,4477.55,591
2026.01.07,05:27,4477.54,4477.93,4476.46,4476.72,776
2026.01.07,05:28,4476.73,4477.33,4476.26,4476.32,479
2026.01.07,05:29,4476.33,4476.81,4476.18,4476.35,211
2026.01.07,05:30,4476.37,4477.69,4476.22,4476.32,310
2026.01.07,05:31,4476.42,4477.74,4476.04,4476.17,281
2026.01.07,05:32,4476.03,4476.60,4475.65,4475.92,310
2026.01.07,05:33,4475.87,4476.44,4475.37,4476.31,247
2026.01.07,05:34,4476.32,4476.92,4476.18,4476.21,232
2026.01.07,05:35,4476.24,4477.70,4476.23,4477.00,486
2026.01.07,05:36,4476.94,4477.31,4476.17,4476.64,360
2026.01.07,05:37,4476.62,4477.99,4475.99,4477.74,420
2026.01.07,05:38,4477.72,4478.41,4476.62,4476.62,585
2026.01.07,05:39,4476.61,4478.88,4476.45,4477.54,955
2026.01.07,05:40,4477.55,4478.73,4476.94,4478.49,837
2026.01.07,05:41,4478.44,4478.95,4477.61,4478.42,729
2026.01.07,05:42,4478.41,4478.75,4476.97,4477.63,320
2026.01.07,05:43,4477.64,4478.34,4477.53,4477.69,348
2026.01.07,05:44,4477.63,4478.22,4476.96,4478.22,306
2026.01.07,05:45,4478.20,4478.43,4476.91,4477.34,672
2026.01.07,05:46,4477.36,4477.68,4476.86,4477.30,806
2026.01.07,05:47,4477.31,4477.94,4477.22,4477.64,861
2026.01.07,05:48,4477.59,4477.77,4476.31,4476.59,773
2026.01.07,05:49,4476.58,4477.23,4476.28,4476.84,769
2026.01.07,05:50,4476.88,4477.43,4475.30,4475.67,550
2026.01.07,05:51,4475.68,4476.37,4475.56,4476.01,286
2026.01.07,05:52,4476.02,4476.46,4473.68,4474.42,634
2026.01.07,05:53,4474.41,4476.30,4473.95,4476.14,585
2026.01.07,05:54,4476.16,4476.59,4475.61,4475.91,442
2026.01.07,05:55,4475.93,4476.52,4475.29,4476.27,845
2026.01.07,05:56,4476.24,4476.64,4475.37,4475.99,565
2026.01.07,05:57,4476.01,4476.61,4474.58,4475.53,540
2026.01.07,05:58,4475.72,4475.97,4474.62,4474.83,362
2026.01.07,05:59,4474.80,4475.03,4473.43,4474.80,409
2026.01.07,06:00,4474.77,4475.98,4473.51,4473.88,556
2026.01.07,06:01,4473.85,4474.18,4472.31,4472.90,371
2026.01.07,06:02,4472.80,4474.32,4472.79,4473.84,315
2026.01.07,06:03,4473.70,4474.61,4473.24,4473.77,310
2026.01.07,06:04,4473.87,4474.73,4473.06,4473.28,359
2026.01.07,06:05,4473.25,4473.82,4470.99,4471.79,572
2026.01.07,06:06,4471.69,4471.94,4470.10,4470.96,558
2026.01.07,06:07,4470.95,4472.04,4470.28,4471.59,421
2026.01.07,06:08,4471.61,4472.49,4471.18,4472.10,422
2026.01.07,06:09,4471.85,4472.22,4470.79,4471.06,621
2026.01.07,06:10,4471.10,4471.24,4469.20,4471.04,848
2026.01.07,06:11,4471.11,4472.38,4471.11,4471.85,575
2026.01.07,06:12,4471.86,4472.61,4469.37,4469.45,604
2026.01.07,06:13,4469.47,4470.79,4469.20,4470.60,393
2026.01.07,06:14,4470.67,4470.79,4469.01,4470.39,595
2026.01.07,06:15,4470.38,4471.14,4470.20,4470.22,321
2026.01.07,06:16,4470.18,4471.98,4469.50,4470.75,465
2026.01.07,06:17,4470.48,4470.49,4467.77,4469.15,549
2026.01.07,06:18,4469.14,4469.67,4466.78,4467.63,542
2026.01.07,06:19,4467.80,4469.19,4467.66,4468.48,554
2026.01.07,06:20,4468.54,4469.05,4467.08,4469.04,473
2026.01.07,06:21,4469.03,4469.10,4466.33,4467.34,550
2026.01.07,06:22,4467.49,4468.69,4466.90,4468.24,296
2026.01.07,06:23,4468.26,4469.34,4467.68,4469.03,345
2026.01.07,06:24,4469.05,4470.74,4468.43,4469.07,370
2026.01.07,06:25,4468.92,4471.05,4468.87,4470.21,411
2026.01.07,06:26,4470.14,4470.63,4468.45,4468.70,513
2026.01.07,06:27,4468.69,4468.95,4466.57,4466.81,559
2026.01.07,06:28,4466.80,4467.46,4465.92,4466.62,648
2026.01.07,06:29,4466.63,4467.38,4465.62,4465.97,544
2026.01.07,06:30,4465.97,4466.88,4464.02,4465.87,643
2026.01.07,06:31,4465.89,4467.48,4464.42,4465.08,676
2026.01.07,06:32,4465.10,4465.83,4463.47,4465.46,1131
2026.01.07,06:33,4465.47,4466.89,4464.65,4466.18,745
2026.01.07,06:34,4466.20,4467.52,4465.60,4467.31,409
2026.01.07,06:35,4467.26,4468.46,4467.04,4468.40,397
2026.01.07,06:36,4468.38,4468.38,4465.36,4466.12,469
2026.01.07,06:37,4466.10,4467.75,4466.08,4466.74,454
2026.01.07,06:38,4466.72,4466.72,4464.51,4465.35,584
2026.01.07,06:39,4465.34,4465.34,4463.38,4463.38,454
2026.01.07,06:40,4463.43,4466.96,4463.32,4466.73,960
2026.01.07,06:41,4466.66,4468.39,4466.15,4468.25,819
2026.01.07,06:42,4468.26,4468.45,4466.43,4466.83,681
2026.01.07,06:43,4466.84,4467.18,4464.78,4465.18,547
2026.01.07,06:44,4465.17,4465.77,4464.76,4465.23,396
2026.01.07,06:45,4465.05,4465.83,4464.49,4465.55,377
2026.01.07,06:46,4465.31,4465.38,4464.11,4464.86,375
2026.01.07,06:47,4464.85,4465.79,4463.86,4464.00,561
2026.01.07,06:48,4464.07,4466.37,4463.93,4466.29,647
2026.01.07,06:49,4466.21,4466.95,4465.59,4466.21,493
2026.01.07,06:50,4466.29,4466.57,4465.90,4466.32,426
2026.01.07,06:51,4466.34,4467.23,4466.12,4466.64,379
2026.01.07,06:52,4466.63,4466.86,4464.92,4465.91,393
2026.01.07,06:53,4465.95,4466.36,4465.11,4465.44,566
2026.01.07,06:54,4465.47,4465.71,4463.81,4464.47,499
2026.01.07,06:55,4464.52,4465.45,4464.27,4464.53,367
2026.01.07,06:56,4464.60,4465.18,4463.86,4464.33,423
2026.01.07,06:57,4464.32,4465.45,4463.71,4464.72,413
2026.01.07,06:58,4464.74,4465.56,4464.11,4464.26,492
2026.01.07,06:59,4464.41,4464.97,4463.68,4464.74,809
2026.01.07,07:00,4464.72,4464.72,4463.34,4464.10,561
2026.01.07,07:01,4464.00,4464.68,4463.21,4464.31,566
2026.01.07,07:02,4464.32,4465.28,4463.61,4465.28,913
2026.01.07,07:03,4465.26,4465.26,4463.94,4464.43,578
2026.01.07,07:04,4464.42,4464.49,4463.40,4463.96,470
2026.01.07,07:05,4463.95,4464.48,4462.04,4464.07,1074
2026.01.07,07:06,4464.00,4464.30,4463.30,4464.14,661
2026.01.07,07:07,4464.24,4466.64,4464.09,4466.25,764
2026.01.07,07:08,4466.26,4466.57,4465.68,4466.24,736
2026.01.07,07:09,4466.23,4467.20,4465.77,4466.49,684
2026.01.07,07:10,4466.45,4467.03,4465.23,4465.56,1194
2026.01.07,07:11,4465.45,4466.25,4464.98,4466.23,759
2026.01.07,07:12,4466.23,4466.81,4465.54,4466.21,838
2026.01.07,07:13,4466.22,4466.37,4465.05,4465.75,591
2026.01.07,07:14,4465.74,4466.32,4465.05,4465.86,569
2026.01.07,07:15,4465.92,4467.40,4465.07,4467.34,1710
2026.01.07,07:16,4467.51,4469.15,4467.08,4469.10,557
2026.01.07,07:17,4469.21,4469.37,4468.39,4468.83,880
2026.01.07,07:18,4468.78,4469.15,4468.24,4468.86,688
2026.01.07,07:19,4468.89,4468.96,4467.86,4467.93,849
2026.01.07,07:20,4467.95,4468.77,4467.12,4468.75,897
2026.01.07,07:21,4468.78,4469.12,4468.17,4468.74,670
2026.01.07,07:22,4468.76,4469.37,4468.58,4469.08,323
2026.01.07,07:23,4469.09,4469.09,4467.72,4468.43,428
2026.01.07,07:24,4468.41,4469.76,4468.41,4469.65,298
2026.01.07,07:25,4469.62,4470.20,4468.72,4470.00,496
2026.01.07,07:26,4469.95,4469.95,4467.21,4468.13,402
2026.01.07,07:27,4468.06,4469.42,4467.27,4469.11,861
2026.01.07,07:28,4468.98,4470.23,4468.86,4469.30,684
2026.01.07,07:29,4469.27,4469.88,4468.35,4468.48,474
2026.01.07,07:30,4468.59,4469.19,4465.74,4465.94,3054
2026.01.07,07:31,4465.93,4466.27,4462.20,4462.87,1831
2026.01.07,07:32,4462.82,4463.63,4460.52,4460.61,1722
2026.01.07,07:33,4460.60,4461.85,4458.07,4458.50,2069
2026.01.07,07:34,4458.44,4458.74,4452.12,4453.75,1596
2026.01.07,07:35,4453.78,4454.62,4451.54,4454.62,1195
2026.01.07,07:36,4454.68,4457.16,4454.32,4455.44,1112
2026.01.07,07:37,4455.48,4456.77,4454.25,4454.51,825
2026.01.07,07:38,4454.51,4455.49,4451.46,4452.23,965
2026.01.07,07:39,4452.20,4453.88,4451.08,4453.14,1185
2026.01.07,07:40,4453.18,4454.05,4451.77,4453.13,1326
2026.01.07,07:41,4453.11,4453.83,4450.70,4451.92,1602
2026.01.07,07:42,4451.93,4453.82,4451.37,4452.61,2098
2026.01.07,07:43,4452.68,4454.13,4448.17,4450.43,1953
2026.01.07,07:44,4450.43,4453.04,4448.49,4452.50,1890
2026.01.07,07:45,4452.45,4453.05,4445.39,4446.07,1760
2026.01.07,07:46,4446.08,4449.75,4445.52,4446.68,1418
2026.01.07,07:47,4446.63,4447.88,4444.28,4444.56,1527
2026.01.07,07:48,4444.40,4446.94,4442.95,4444.69,1790
2026.01.07,07:49,4444.71,4448.69,4444.26,4448.10,1453
2026.01.07,07:50,4448.11,4449.87,4447.53,4447.77,976
2026.01.07,07:51,4447.76,4449.57,4447.25,4448.88,900
2026.01.07,07:52,4448.87,4448.98,4446.12,4447.43,1513
2026.01.07,07:53,4447.44,4449.23,4446.39,4448.65,1832
2026.01.07,07:54,4448.53,4448.74,4446.26,4447.49,995
2026.01.07,07:55,4447.50,4448.60,4446.17,4447.62,1165
2026.01.07,07:56,4447.60,4451.56,4447.36,4451.41,986
2026.01.07,07:57,4451.44,4453.16,4451.04,4452.87,628
2026.01.07,07:58,4452.93,4454.03,4451.98,4452.46,767
2026.01.07,07:59,4452.47,4454.49,4452.06,4454.25,574
2026.01.07,08:00,4454.15,4456.62,4453.49,4454.59,929
2026.01.07,08:01,4454.60,4456.56,4452.78,4452.97,814
2026.01.07,08:02,4452.92,4454.15,4452.89,4453.61,675
2026.01.07,08:03,4453.60,4455.71,4453.17,4455.47,1004
2026.01.07,08:04,4455.53,4457.15,4455.05,4456.64,577
2026.01.07,08:05,4456.64,4457.63,4456.09,4457.18,622
2026.01.07,08:06,4457.24,4457.97,4456.55,4457.45,591
2026.01.07,08:07,4457.44,4457.44,4456.20,4456.95,433
2026.01.07,08:08,4456.96,4457.50,4456.31,4457.02,836
2026.01.07,08:09,4457.10,4459.28,4457.00,4457.53,964
2026.01.07,08:10,4457.65,4458.38,4456.47,4456.77,695
2026.01.07,08:11,4456.76,4456.85,4455.02,4455.73,823
2026.01.07,08:12,4455.56,4457.59,4455.08,4457.35,645
2026.01.07,08:13,4457.36,4459.35,4457.23,4457.96,930
2026.01.07,08:14,4458.19,4458.95,4456.00,4456.18,710
2026.01.07,08:15,4456.19,4458.46,4455.97,4457.07,784
2026.01.07,08:16,4457.09,4458.94,4456.65,4458.57,595
2026.01.07,08:17,4458.60,4459.99,4458.58,4459.83,1009
2026.01.07,08:18,4459.73,4459.99,4458.92,4459.06,592
2026.01.07,08:19,4459.18,4459.88,4458.34,4459.03,909
2026.01.07,08:20,4459.02,4460.45,4458.44,4458.65,502
2026.01.07,08:21,4458.74,4460.30,4458.40,4458.84,505
2026.01.07,08:22,4458.76,4459.30,4458.00,4458.25,791
2026.01.07,08:23,4458.19,4458.86,4457.46,4457.62,921
2026.01.07,08:24,4457.54,4457.62,4454.44,4454.99,608
2026.01.07,08:25,4454.98,4456.39,4453.28,4453.28,1050
2026.01.07,08:26,4453.30,4454.75,4452.58,4452.71,540
2026.01.07,08:27,4452.70,4454.48,4452.12,4453.73,717
2026.01.07,08:28,4453.74,4454.82,4453.16,4454.11,480
2026.01.07,08:29,4454.12,4456.46,4454.10,4455.01,497
2026.01.07,08:30,4454.87,4455.54,4453.78,4454.55,644
2026.01.07,08:31,4454.46,4455.49,4453.51,4454.03,560
2026.01.07,08:32,4454.07,4454.33,4451.21,4451.56,723
2026.01.07,08:33,4451.55,4451.75,4449.14,4449.75,951
2026.01.07,08:34,4449.78,4451.16,4448.94,4451.16,594
2026.01.07,08:35,4451.14,4451.15,4448.04,4448.64,833
2026.01.07,08:36,4448.71,4449.07,4445.69,4445.88,978
2026.01.07,08:37,4445.83,4446.77,4443.54,4444.09,857
2026.01.07,08:38,4444.14,4446.93,4444.02,4446.33,893
2026.01.07,08:39,4446.28,4450.67,4446.23,4450.66,642
2026.01.07,08:40,4450.63,4451.63,4448.25,4450.80,807
2026.01.07,08:41,4451.07,4452.02,4450.04,4452.01,804
2026.01.07,08:42,4451.93,4452.00,4447.16,4447.66,939
2026.01.07,08:43,4447.69,4448.10,4446.40,4447.54,623
2026.01.07,08:44,4447.55,4447.55,4446.16,4446.68,748
2026.01.07,08:45,4446.56,4447.14,4443.99,4444.10,1197
2026.01.07,08:46,4444.09,4446.97,4441.08,4446.52,1270
2026.01.07,08:47,4446.48,4448.07,4446.00,4447.96,799
2026.01.07,08:48,4447.98,4448.27,4446.56,4447.47,565
2026.01.07,08:49,4447.48,4449.07,4445.85,4446.15,629
2026.01.07,08:50,4446.07,4448.79,4445.56,4448.79,706
2026.01.07,08:51,4448.72,4450.45,4447.13,4449.87,809
2026.01.07,08:52,4449.86,4451.26,4448.89,4449.30,895
2026.01.07,08:53,4449.32,4449.64,4447.57,4448.57,577
2026.01.07,08:54,4448.54,4449.10,4445.41,4446.18,665
2026.01.07,08:55,4446.21,4446.58,4444.12,4445.65,909
2026.01.07,08:56,4445.50,4445.60,4442.78,4443.89,635
2026.01.07,08:57,4443.92,4445.57,4442.69,4444.46,733
2026.01.07,08:58,4444.54,4445.46,4443.86,4444.36,740
2026.01.07,08:59,4444.35,4444.73,4443.03,4444.21,562
2026.01.07,09:00,4444.20,4444.72,4441.57,4444.72,907
2026.01.07,09:01,4444.83,4446.32,4443.31,4443.52,1581
2026.01.07,09:02,4443.53,4445.57,4443.39,4445.07,636
2026.01.07,09:03,4445.05,4447.23,4444.40,4446.92,640
2026.01.07,09:04,4446.82,4447.88,4446.10,4447.80,392
2026.01.07,09:05,4447.81,4449.06,4447.17,4448.38,966
2026.01.07,09:06,4448.35,4449.28,4447.41,4447.93,755
2026.01.07,09:07,4448.11,4448.89,4447.35,4448.80,450
2026.01.07,09:08,4448.79,4449.57,4448.17,4449.17,394
2026.01.07,09:09,4449.16,4449.56,4448.60,4448.99,226
2026.01.07,09:10,4449.10,4450.29,4449.10,4449.49,289
2026.01.07,09:11,4449.26,4449.56,4448.03,4448.61,204
2026.01.07,09:12,4448.57,4449.65,4447.75,4449.65,533
2026.01.07,09:13,4449.65,4450.43,4449.18,4449.20,628
2026.01.07,09:14,4449.05,4450.88,4449.01,4450.24,662
2026.01.07,09:15,4450.26,4450.51,4448.98,4450.36,918
2026.01.07,09:16,4450.37,4450.86,4449.05,4449.36,499
2026.01.07,09:17,4449.37,4450.09,4448.41,4450.04,544
2026.01.07,09:18,4450.05,4450.70,4449.23,4450.33,422
2026.01.07,09:19,4450.34,4451.62,4449.67,4451.04,544
2026.01.07,09:20,4451.05,4452.64,4450.62,4452.04,678
2026.01.07,09:21,4452.03,4453.05,4451.87,4452.67,463
2026.01.07,09:22,4452.68,4453.20,4450.21,4451.03,868
2026.01.07,09:23,4450.89,4452.20,4450.68,4451.58,733
2026.01.07,09:24,4451.54,4451.96,4450.51,4451.69,834
2026.01.07,09:25,4451.67,4453.04,4451.45,4452.74,612
2026.01.07,09:26,4452.73,4454.94,4452.64,4454.83,862
2026.01.07,09:27,4454.77,4455.05,4453.82,4454.68,416
2026.01.07,09:28,4454.67,4454.79,4452.89,4453.19,461
2026.01.07,09:29,4453.21,4455.08,4453.02,4455.01,475
2026.01.07,09:30,4455.00,4456.14,4454.02,4454.19,603
2026.01.07,09:31,4454.18,4454.84,4453.53,4454.63,408
2026.01.07,09:32,4454.60,4455.46,4454.34,4454.86,423
2026.01.07,09:33,4454.89,4455.93,4454.87,4454.87,568
2026.01.07,09:34,4454.88,4455.74,4454.65,4455.44,707
2026.01.07,09:35,4455.45,4456.29,4454.91,4456.07,430
2026.01.07,09:36,4456.08,4458.84,4455.78,4458.74,571
2026.01.07,09:37,4458.75,4459.13,4457.93,4458.63,463
2026.01.07,09:38,4458.55,4460.05,4458.38,4459.54,371
2026.01.07,09:39,4459.45,4459.64,4457.81,4458.89,645
2026.01.07,09:40,4458.89,4459.70,4458.62,4458.78,585
2026.01.07,09:41,4458.79,4460.10,4458.41,4458.91,522
2026.01.07,09:42,4458.82,4459.83,4457.15,4457.23,677
2026.01.07,09:43,4457.20,4457.94,4456.33,4457.13,713
2026.01.07,09:44,4457.14,4458.93,4456.52,4458.92,602
2026.01.07,09:45,4458.94,4459.31,4458.40,4459.31,367
2026.01.07,09:46,4459.58,4463.13,4459.38,4462.69,719
2026.01.07,09:47,4462.75,4464.31,4462.25,4463.36,574
2026.01.07,09:48,4463.32,4464.15,4462.62,4463.19,443
2026.01.07,09:49,4463.11,4463.16,4461.72,4462.00,363
2026.01.07,09:50,4462.01,4465.08,4460.77,4461.05,845
2026.01.07,09:51,4461.20,4461.77,4460.28,4461.35,495
2026.01.07,09:52,4461.33,4461.54,4460.48,4460.48,409
2026.01.07,09:53,4460.47,4462.67,4460.28,4462.20,466
2026.01.07,09:54,4462.27,4463.88,4462.01,4463.33,214
2026.01.07,09:55,4463.27,4463.43,4462.58,4462.87,218
2026.01.07,09:56,4462.82,4463.43,4462.22,4462.40,310
2026.01.07,09:57,4462.37,4462.37,4461.24,4461.53,327
2026.01.07,09:58,4461.56,4462.64,4460.78,4461.66,344
2026.01.07,09:59,4461.69,4462.22,4460.95,4461.12,320
2026.01.07,10:00,4461.10,4462.01,4460.46,4461.51,482
2026.01.07,10:01,4461.68,4463.22,4461.48,4461.63,425
2026.01.07,10:02,4461.87,4462.83,4460.60,4461.13,372
2026.01.07,10:03,4461.12,4462.89,4460.82,4461.69,447
2026.01.07,10:04,4461.90,4463.50,4461.49,4463.40,481
2026.01.07,10:05,4463.43,4464.02,4461.63,4462.14,453
2026.01.07,10:06,4462.17,4462.24,4460.76,4460.76,458
2026.01.07,10:07,4460.88,4460.94,4459.22,4460.27,515
2026.01.07,10:08,4460.37,4464.33,4460.16,4464.07,718
2026.01.07,10:09,4464.02,4465.74,4463.41,4465.57,485
2026.01.07,10:10,4465.56,4466.51,4464.36,4465.78,552
2026.01.07,10:11,4465.68,4465.94,4464.77,4464.98,356
2026.01.07,10:12,4464.94,4465.28,4462.71,4463.61,455
2026.01.07,10:13,4463.65,4464.20,4463.39,4463.56,326
2026.01.07,10:14,4463.59,4466.05,4463.56,4465.79,492
2026.01.07,10:15,4465.74,4466.17,4464.90,4464.91,414
2026.01.07,10:16,4464.93,4465.40,4464.69,4465.17,386
2026.01.07,10:17,4465.19,4468.14,4465.12,4467.24,861
2026.01.07,10:18,4467.25,4467.63,4465.88,4466.45,531
2026.01.07,10:19,4466.46,4467.15,4465.92,4466.12,446
2026.01.07,10:20,4466.15,4466.37,4465.37,4466.04,300
2026.01.07,10:21,4466.02,4468.54,4465.81,4467.01,756
2026.01.07,10:22,4467.02,4467.62,4466.47,4466.71,341
2026.01.07,10:23,4466.65,4466.81,4465.56,4465.70,405
2026.01.07,10:24,4465.68,4467.25,4465.42,4466.54,464
2026.01.07,10:25,4466.53,4466.80,4463.42,4464.54,533
2026.01.07,10:26,4464.56,4465.44,4464.19,4464.32,427
2026.01.07,10:27,4464.33,4465.90,4463.86,4465.58,488
2026.01.07,10:28,4465.49,4466.32,4464.40,4465.48,412
2026.01.07,10:29,4465.40,4465.80,4464.41,4465.23,515
2026.01.07,10:30,4465.07,4465.96,4464.07,4465.03,431
2026.01.07,10:31,4465.05,4466.72,4465.05,4466.61,343
2026.01.07,10:32,4466.60,4467.23,4465.46,4466.56,343
2026.01.07,10:33,4466.56,4466.77,4465.78,4466.65,276
2026.01.07,10:34,4466.61,4467.90,4466.58,4467.26,304
2026.01.07,10:35,4467.04,4468.63,4466.23,4468.10,478
2026.01.07,10:36,4468.06,4470.13,4467.81,4469.62,489
2026.01.07,10:37,4469.60,4470.95,4468.52,4470.95,545
2026.01.07,10:38,4471.09,4471.09,4469.81,4470.32,439
2026.01.07,10:39,4470.33,4472.51,4470.31,4471.44,718
2026.01.07,10:40,4471.46,4471.86,4469.62,4471.75,886
2026.01.07,10:41,4471.74,4473.96,4471.49,4473.40,846
2026.01.07,10:42,4473.43,4474.81,4472.31,4472.77,858
2026.01.07,10:43,4472.73,4473.20,4470.04,4470.21,581
2026.01.07,10:44,4470.20,4470.21,4466.74,4466.83,525
2026.01.07,10:45,4466.78,4467.53,4465.29,4467.41,796
2026.01.07,10:46,4467.40,4468.95,4466.76,4468.34,602
2026.01.07,10:47,4468.32,4469.86,4468.26,4469.24,391
2026.01.07,10:48,4469.20,4469.87,4468.71,4469.45,294
2026.01.07,10:49,4469.46,4470.40,4468.77,4468.94,484
2026.01.07,10:50,4468.91,4469.94,4468.64,4469.82,246
2026.01.07,10:51,4469.84,4470.03,4469.43,4469.64,177
2026.01.07,10:52,4469.75,4470.32,4469.55,4470.11,185
2026.01.07,10:53,4470.12,4470.66,4468.31,4468.33,353
2026.01.07,10:54,4468.34,4469.05,4467.46,4468.44,351
2026.01.07,10:55,4468.45,4469.14,4468.45,4468.71,361
2026.01.07,10:56,4468.68,4469.24,4468.34,4468.72,409
2026.01.07,10:57,4468.68,4468.75,4466.46,4467.23,400
2026.01.07,10:58,4467.17,4469.57,4467.02,4468.91,522
2026.01.07,10:59,4468.70,4468.90,4467.64,4468.25,398
2026.01.07,11:00,4468.20,4468.91,4467.17,4467.17,584
2026.01.07,11:01,4467.18,4468.10,4466.03,4466.09,525
2026.01.07,11:02,4466.24,4466.72,4463.99,4464.27,724
2026.01.07,11:03,4464.25,4465.51,4463.88,4465.24,701
2026.01.07,11:04,4465.29,4466.00,4464.63,4465.33,415
2026.01.07,11:05,4465.33,4465.51,4463.90,4463.96,481
2026.01.07,11:06,4464.05,4464.76,4463.35,4463.53,512
2026.01.07,11:07,4463.56,4463.74,4460.57,4460.58,891
2026.01.07,11:08,4460.64,4461.46,4459.62,4461.38,679
2026.01.07,11:09,4461.36,4461.78,4460.01,4461.30,448
2026.01.07,11:10,4461.33,4464.59,4461.22,4464.52,756
2026.01.07,11:11,4464.55,4466.53,4463.69,4466.36,755
2026.01.07,11:12,4466.32,4466.44,4465.36,4465.73,634
2026.01.07,11:13,4465.69,4465.69,4464.35,4465.08,491
2026.01.07,11:14,4465.10,4466.43,4465.10,4465.90,477
2026.01.07,11:15,4465.89,4466.31,4464.06,4465.29,707
2026.01.07,11:16,4465.17,4466.63,4464.18,4466.06,540
2026.01.07,11:17,4466.15,4466.48,4464.78,4464.87,400
2026.01.07,11:18,4464.88,4465.30,4464.34,4464.86,522
2026.01.07,11:19,4464.89,4467.21,4464.27,4466.47,650
2026.01.07,11:20,4466.29,4466.30,4464.02,4464.61,691
2026.01.07,11:21,4464.63,4464.94,4462.64,4463.08,615
2026.01.07,11:22,4463.09,4463.81,4462.51,4462.84,436
2026.01.07,11:23,4462.83,4464.51,4462.27,4464.13,459
2026.01.07,11:24,4464.14,4464.83,4463.93,4464.03,325
2026.01.07,11:25,4464.02,4464.22,4462.84,4463.94,413
2026.01.07,11:26,4464.10,4465.07,4463.35,4464.98,397
2026.01.07,11:27,4464.97,4465.63,4463.76,4464.61,377
2026.01.07,11:28,4464.63,4464.83,4462.02,4462.07,364
2026.01.07,11:29,4462.08,4462.71,4461.70,4462.03,315
2026.01.07,11:30,4461.88,4463.82,4461.02,4463.15,587
2026.01.07,11:31,4463.35,4463.75,4461.58,4462.16,437
2026.01.07,11:32,4462.16,4462.98,4461.71,4462.73,416
2026.01.07,11:33,4462.74,4464.11,4462.71,4462.95,486
2026.01.07,11:34,4462.93,4463.51,4462.86,4463.03,256
2026.01.07,11:35,4462.99,4463.95,4462.87,4463.51,378
2026.01.07,11:36,4463.52,4464.49,4463.03,4464.36,370
2026.01.07,11:37,4464.45,4464.50,4463.58,4464.08,338
2026.01.07,11:38,4464.07,4464.15,4462.63,4463.07,255
2026.01.07,11:39,4463.04,4463.06,4462.37,4462.79,314
2026.01.07,11:40,4462.69,4464.01,4462.13,4462.13,654
2026.01.07,11:41,4462.12,4462.32,4461.18,4462.00,294
2026.01.07,11:42,4461.99,4462.16,4461.15,4461.37,386
2026.01.07,11:43,4461.35,4462.18,4460.82,4461.55,427
2026.01.07,11:44,4461.53,4462.94,4461.37,4461.45,446
2026.01.07,11:45,4461.41,4461.54,4460.76,4461.05,338
2026.01.07,11:46,4461.03,4462.06,4459.78,4461.82,598
2026.01.07,11:47,4461.85,4463.09,4461.85,4462.98,493
2026.01.07,11:48,4462.96,4464.21,4462.40,4463.48,528
2026.01.07,11:49,4463.76,4465.31,4463.55,4464.08,784
2026.01.07,11:50,4464.07,4464.19,4461.72,4462.46,500
2026.01.07,11:51,4462.48,4463.26,4462.08,4462.96,570
2026.01.07,11:52,4462.98,4463.15,4462.22,4462.47,469
2026.01.07,11:53,4462.46,4464.10,4462.33,4463.97,515
2026.01.07,11:54,4463.96,4465.55,4463.95,4465.31,1043
2026.01.07,11:55,4465.23,4465.63,4464.33,4464.84,542
2026.01.07,11:56,4464.81,4465.42,4464.45,4464.78,400
2026.01.07,11:57,4464.80,4465.32,4464.47,4464.71,703
2026.01.07,11:58,4464.70,4465.10,4463.70,4463.70,460
2026.01.07,11:59,4463.63,4463.97,4462.71,4463.31,357
2026.01.07,12:00,4463.31,4463.31,4461.51,4461.62,266
2026.01.07,12:01,4461.61,4462.64,4461.37,4462.57,185
2026.01.07,12:02,4462.58,4463.20,4461.50,4461.72,256
2026.01.07,12:03,4461.73,4463.64,4461.44,4462.91,339
2026.01.07,12:04,4462.91,4464.00,4462.91,4463.54,414
2026.01.07,12:05,4463.54,4464.06,4463.01,4463.32,370
2026.01.07,12:06,4463.40,4464.73,4463.38,4464.48,399
2026.01.07,12:07,4464.53,4464.94,4463.24,4464.78,485
2026.01.07,12:08,4464.81,4465.65,4464.09,4464.29,758
2026.01.07,12:09,4464.31,4464.40,4462.71,4463.32,498
2026.01.07,12:10,4463.31,4464.12,4463.22,4463.53,368
2026.01.07,12:11,4463.51,4463.53,4462.34,4462.59,558
2026.01.07,12:12,4462.60,4463.71,4462.27,4463.36,499
2026.01.07,12:13,4463.35,4464.64,4463.33,4464.12,341
2026.01.07,12:14,4464.13,4465.11,4464.13,4464.76,459
2026.01.07,12:15,4464.64,4466.75,4464.63,4465.70,1292
2026.01.07,12:16,4465.72,4466.20,4465.08,4465.11,704
2026.01.07,12:17,4465.11,4466.01,4464.85,4465.42,629
2026.01.07,12:18,4465.43,4465.61,4464.70,4464.80,310
2026.01.07,12:19,4464.82,4465.45,4464.68,4464.91,307
2026.01.07,12:20,4464.90,4465.70,4464.49,4464.71,335
2026.01.07,12:21,4464.72,4465.31,4464.22,4464.46,254
2026.01.07,12:22,4464.45,4464.67,4464.04,4464.55,204
2026.01.07,12:23,4464.56,4465.33,4464.49,4465.08,260
2026.01.07,12:24,4465.04,4465.04,4463.47,4464.33,234
2026.01.07,12:25,4464.36,4464.83,4462.28,4462.69,347
2026.01.07,12:26,4462.70,4463.03,4460.82,4461.09,401
2026.01.07,12:27,4461.14,4461.30,4460.02,4460.48,406
2026.01.07,12:28,4460.47,4461.62,4459.47,4460.75,572
2026.01.07,12:29,4460.75,4460.93,4458.52,4459.88,615
2026.01.07,12:30,4459.85,4461.48,4458.72,4459.60,554
2026.01.07,12:31,4459.59,4460.78,4458.74,4460.54,742
2026.01.07,12:32,4460.26,4461.60,4460.12,4461.21,597
2026.01.07,12:33,4461.20,4463.59,4461.13,4463.31,611
2026.01.07,12:34,4463.32,4464.55,4463.19,4463.61,718
2026.01.07,12:35,4463.74,4464.98,4463.48,4464.28,592
2026.01.07,12:36,4464.12,4464.51,4463.71,4464.50,288
2026.01.07,12:37,4464.59,4465.14,4464.22,4464.94,378
2026.01.07,12:38,4464.93,4465.74,4463.83,4465.08,396
2026.01.07,12:39,4465.06,4465.30,4464.54,4464.64,343
2026.01.07,12:40,4464.63,4466.22,4464.63,4465.94,289
2026.01.07,12:41,4465.92,4467.39,4465.45,4465.58,486
2026.01.07,12:42,4465.57,4465.72,4464.61,4464.94,285
2026.01.07,12:43,4464.93,4466.11,4464.56,4465.08,268
2026.01.07,12:44,4465.06,4466.23,4465.06,4466.04,266
2026.01.07,12:45,4465.96,4466.90,4465.46,4466.74,321
2026.01.07,12:46,4466.73,4467.86,4466.73,4467.17,313
2026.01.07,12:47,4467.26,4467.65,4466.81,4467.43,233
2026.01.07,12:48,4467.42,4467.62,4466.44,4466.62,254
2026.01.07,12:49,4466.58,4466.90,4466.10,4466.40,345
2026.01.07,12:50,4466.30,4466.99,4465.77,4466.87,627
2026.01.07,12:51,4466.86,4467.27,4466.32,4466.49,439
2026.01.07,12:52,4466.51,4466.57,4465.69,4466.11,327
2026.01.07,12:53,4466.09,4466.20,4465.22,4465.72,662
2026.01.07,12:54,4465.70,4465.77,4464.88,4465.08,770
2026.01.07,12:55,4465.05,4465.34,4464.12,4464.54,765
2026.01.07,12:56,4464.38,4465.19,4464.17,4464.68,451
2026.01.07,12:57,4464.66,4465.16,4463.70,4463.89,679
2026.01.07,12:58,4463.84,4464.99,4463.65,4463.78,821
2026.01.07,12:59,4463.78,4464.46,4463.72,4464.46,274
2026.01.07,13:00,4464.45,4464.58,4463.70,4463.75,234
2026.01.07,13:01,4463.73,4463.83,4462.40,4462.66,354
2026.01.07,13:02,4462.67,4463.01,4461.60,4462.83,448
2026.01.07,13:03,4462.84,4464.58,4462.84,4464.47,482
2026.01.07,13:04,4464.54,4464.89,4463.62,4464.12,328
2026.01.07,13:05,4464.15,4464.33,4463.03,4463.90,437
2026.01.07,13:06,4463.79,4463.92,4462.92,4462.93,307
2026.01.07,13:07,4462.91,4463.24,4460.91,4462.98,444
2026.01.07,13:08,4463.08,4463.29,4461.67,4462.03,331
2026.01.07,13:09,4462.26,4462.82,4462.05,4462.41,237
2026.01.07,13:10,4462.40,4463.28,4461.64,4461.83,312
2026.01.07,13:11,4461.84,4462.72,4461.34,4461.86,403
2026.01.07,13:12,4461.82,4462.90,4461.42,4462.41,325
2026.01.07,13:13,4462.42,4462.68,4461.18,4462.38,295
2026.01.07,13:14,4462.29,4462.39,4461.68,4461.77,169
2026.01.07,13:15,4461.75,4461.75,4460.43,4460.84,223
2026.01.07,13:16,4460.89,4462.70,4460.27,4462.68,313
2026.01.07,13:17,4462.67,4462.80,4462.14,4462.71,194
2026.01.07,13:18,4462.72,4463.76,4462.71,4463.26,314
2026.01.07,13:19,4463.23,4464.26,4462.22,4462.66,275
2026.01.07,13:20,4462.64,4462.79,4461.41,4462.20,332
2026.01.07,13:21,4462.20,4462.61,4461.01,4461.14,348
2026.01.07,13:22,4461.16,4461.42,4460.66,4460.81,236
2026.01.07,13:23,4460.85,4461.10,4459.95,4460.21,318
2026.01.07,13:24,4460.12,4460.98,4459.47,4459.55,396
2026.01.07,13:25,4459.53,4459.68,4457.51,4457.51,460
2026.01.07,13:26,4457.47,4458.34,4455.33,4457.58,918
2026.01.07,13:27,4457.56,4458.86,4457.47,4458.63,479
2026.01.07,13:28,4458.61,4460.04,4458.61,4458.98,363
2026.01.07,13:29,4458.99,4459.42,4458.82,4458.96,270
2026.01.07,13:30,4459.16,4460.18,4458.27,4458.45,373
2026.01.07,13:31,4458.44,4458.95,4457.85,4458.16,256
2026.01.07,13:32,4458.14,4458.95,4457.18,4457.86,298
2026.01.07,13:33,4457.85,4458.01,4456.16,4456.32,387
2026.01.07,13:34,4456.33,4457.53,4454.77,4454.94,598
2026.01.07,13:35,4454.97,4455.74,4453.94,4454.43,695
2026.01.07,13:36,4454.42,4454.42,4451.93,4453.54,874
2026.01.07,13:37,4453.53,4454.98,4453.26,4454.75,577
2026.01.07,13:38,4454.76,4455.03,4452.56,4453.13,544
2026.01.07,13:39,4453.14,4453.26,4450.44,4451.66,807
2026.01.07,13:40,4451.61,4453.77,4451.48,4453.66,478
2026.01.07,13:41,4453.74,4454.31,4453.08,4453.35,263
2026.01.07,13:42,4453.38,4453.38,4451.65,4452.13,475
2026.01.07,13:43,4452.14,4452.94,4451.23,4451.78,392
2026.01.07,13:44,4451.79,4451.94,4450.44,4450.44,413
2026.01.07,13:45,4450.43,4452.07,4449.91,4451.52,436
2026.01.07,13:46,4451.53,4451.92,4449.70,4449.84,450
2026.01.07,13:47,4450.00,4451.74,4448.99,4451.41,490
2026.01.07,13:48,4451.43,4452.19,4450.85,4451.96,446
2026.01.07,13:49,4451.95,4452.13,4449.57,4450.74,695
2026.01.07,13:50,4450.69,4452.12,4450.32,4451.53,885
2026.01.07,13:51,4451.54,4452.48,4451.30,4451.43,853
2026.01.07,13:52,4451.53,4452.35,4451.09,4451.68,397
2026.01.07,13:53,4451.78,4452.02,4449.18,4450.49,664
2026.01.07,13:54,4450.47,4454.58,4450.33,4453.91,818
2026.01.07,13:55,4453.85,4454.06,4452.17,4452.26,449
2026.01.07,13:56,4452.24,4452.70,4450.11,4451.45,901
2026.01.07,13:57,4451.54,4452.40,4451.09,4451.10,512
2026.01.07,13:58,4451.22,4452.14,4447.42,4447.99,1369
2026.01.07,13:59,4447.90,4448.06,4446.39,4447.36,1082
2026.01.07,14:00,4447.52,4450.24,4447.45,4450.24,467
2026.01.07,14:01,4450.23,4450.23,4448.97,4449.45,447
2026.01.07,14:02,4449.36,4449.46,4448.21,4448.62,641
2026.01.07,14:03,4448.61,4448.64,4446.03,4446.60,774
2026.01.07,14:04,4446.55,4448.86,4445.85,4448.25,975
2026.01.07,14:05,4448.21,4449.31,4447.26,4448.76,574
2026.01.07,14:06,4448.75,4449.01,4447.28,4447.58,491
2026.01.07,14:07,4447.58,4449.24,4446.76,4447.98,619
2026.01.07,14:08,4447.94,4448.89,4445.52,4445.64,851
2026.01.07,14:09,4445.63,4446.92,4445.15,4446.45,443
2026.01.07,14:10,4446.43,4446.45,4444.89,4445.34,691
2026.01.07,14:11,4445.38,4445.53,4444.42,4445.02,639
2026.01.07,14:12,4445.09,4445.66,4443.97,4445.01,549
2026.01.07,14:13,4445.00,4445.00,4443.26,4443.88,469
2026.01.07,14:14,4443.91,4446.39,4443.04,4445.58,481
2026.01.07,14:15,4445.50,4448.09,4445.28,4447.80,582
2026.01.07,14:16,4447.76,4448.07,4446.24,4446.28,611
2026.01.07,14:17,4446.27,4447.68,4445.08,4446.42,503
2026.01.07,14:18,4446.44,4446.52,4440.29,4441.52,586
2026.01.07,14:19,4441.53,4442.96,4440.39,4442.07,701
2026.01.07,14:20,4442.10,4443.04,4439.24,4442.76,795
2026.01.07,14:21,4442.92,4446.95,4442.24,4446.84,465
2026.01.07,14:22,4446.77,4447.14,4445.03,4446.35,293
2026.01.07,14:23,4446.43,4447.21,4445.94,4446.70,547
2026.01.07,14:24,4446.68,4447.78,4446.57,4447.25,638
2026.01.07,14:25,4447.17,4448.03,4443.56,4443.83,2057
2026.01.07,14:26,4443.85,4447.31,4443.67,4447.09,1309
2026.01.07,14:27,4447.08,4448.40,4446.39,4447.78,746
2026.01.07,14:28,4447.86,4449.38,4447.57,4449.17,872
2026.01.07,14:29,4449.17,4450.66,4448.32,4450.08,719
2026.01.07,14:30,4449.94,4452.38,4449.27,4451.69,928
2026.01.07,14:31,4451.74,4453.32,4451.04,4452.04,688
2026.01.07,14:32,4452.10,4454.36,4451.71,4454.13,703
2026.01.07,14:33,4454.11,4454.65,4453.42,4453.99,709
2026.01.07,14:34,4453.96,4454.28,4452.48,4453.26,522
2026.01.07,14:35,4453.20,4454.82,4452.98,4454.67,467
2026.01.07,14:36,4454.68,4454.85,4453.39,4454.61,303
2026.01.07,14:37,4454.62,4455.11,4453.51,4453.57,478
2026.01.07,14:38,4453.58,4454.00,4453.11,4453.69,422
2026.01.07,14:39,4453.68,4454.36,4451.11,4451.68,849
2026.01.07,14:40,4451.67,4452.79,4450.07,4450.33,696
2026.01.07,14:41,4450.29,4453.11,4450.13,4453.00,833
2026.01.07,14:42,4453.26,4454.12,4452.48,4452.48,270
2026.01.07,14:43,4452.64,4452.70,4451.01,4451.78,438
2026.01.07,14:44,4451.76,4451.91,4449.85,4450.02,405
2026.01.07,14:45,4450.03,4452.19,4449.30,4452.06,969
2026.01.07,14:46,4452.08,4453.70,4451.73,4453.53,648
2026.01.07,14:47,4453.49,4453.77,4451.78,4453.15,670
2026.01.07,14:48,4453.17,4453.88,4453.14,4453.49,503
2026.01.07,14:49,4453.48,4453.59,4452.78,4453.25,488
2026.01.07,14:50,4453.18,4453.99,4451.73,4452.15,816
2026.01.07,14:51,4452.11,4453.73,4452.11,4453.55,553
2026.01.07,14:52,4453.36,4453.63,4451.54,4452.37,438
2026.01.07,14:53,4452.38,4452.38,4448.54,4448.98,1019
2026.01.07,14:54,4448.94,4449.73,4448.35,4448.41,931
2026.01.07,14:55,4448.42,4449.04,4447.65,4448.08,772
2026.01.07,14:56,4448.06,4448.75,4446.89,4446.89,608
2026.01.07,14:57,4446.84,4447.87,4446.30,4446.96,688
2026.01.07,14:58,4447.06,4448.68,4446.66,4447.02,557
2026.01.07,14:59,4446.87,4446.88,4444.97,4445.07,801
2026.01.07,15:00,4445.05,4448.41,4443.39,4447.04,2603
2026.01.07,15:01,4447.05,4448.93,4445.90,4447.38,1701
2026.01.07,15:02,4447.44,4448.96,4446.59,4448.65,1579
2026.01.07,15:03,4448.71,4450.18,4447.53,4447.65,1471
2026.01.07,15:04,4447.64,4448.33,4444.83,4445.72,1809
2026.01.07,15:05,4445.69,4447.16,4444.89,4445.62,1954
2026.01.07,15:06,4445.57,4445.71,4437.96,4438.78,1705
2026.01.07,15:07,4438.99,4439.90,4437.57,4439.23,2278
2026.01.07,15:08,4439.26,4439.80,4432.14,4432.54,3061
2026.01.07,15:09,4432.45,4435.82,4428.68,4429.93,3020
2026.01.07,15:10,4429.97,4434.34,4427.58,4433.51,3395
2026.01.07,15:11,4433.58,4436.12,4430.19,4430.95,2620
2026.01.07,15:12,4430.92,4432.40,4429.87,4431.48,1298
2026.01.07,15:13,4431.47,4433.50,4429.79,4432.35,1125
2026.01.07,15:14,4432.31,4433.92,4431.97,4432.95,465
2026.01.07,15:15,4433.63,4438.32,4431.78,4437.85,841
2026.01.07,15:16,4438.00,4439.30,4435.81,4437.33,1187
2026.01.07,15:17,4437.29,4437.86,4431.12,4433.48,1375
2026.01.07,15:18,4433.54,4435.39,4429.85,4435.03,2525
2026.01.07,15:19,4434.99,4436.19,4433.55,4434.02,1411
2026.01.07,15:20,4434.09,4437.10,4432.47,4436.11,2247
2026.01.07,15:21,4436.10,4438.24,4435.17,4437.54,1720
2026.01.07,15:22,4437.63,4438.50,4436.54,4437.31,1174
2026.01.07,15:23,4437.16,4443.12,4436.76,4442.65,1434
2026.01.07,15:24,4442.73,4443.58,4441.36,4442.26,1181
2026.01.07,15:25,4442.24,4443.87,4440.37,4442.13,1639
2026.01.07,15:26,4442.03,4443.92,4441.89,4443.19,1212
2026.01.07,15:27,4443.19,4446.47,4442.98,4446.44,695
2026.01.07,15:28,4446.45,4447.19,4444.66,4444.99,822
2026.01.07,15:29,4444.97,4445.02,4441.59,4442.06,968
2026.01.07,15:30,4442.10,4445.82,4441.65,4444.92,829
2026.01.07,15:31,4444.88,4446.19,4443.23,4443.76,884
2026.01.07,15:32,4443.78,4446.95,4443.04,4443.19,758
2026.01.07,15:33,4443.46,4443.64,4441.27,4442.43,734
2026.01.07,15:34,4442.40,4445.20,4440.91,4443.35,685
2026.01.07,15:35,4443.41,4444.60,4440.47,4440.47,599
2026.01.07,15:36,4440.73,4444.40,4440.57,4444.21,648
2026.01.07,15:37,4444.01,4444.19,4439.00,4439.50,885
2026.01.07,15:38,4439.44,4441.68,4438.03,4441.24,684
2026.01.07,15:39,4441.26,4444.09,4441.20,4443.53,852
2026.01.07,15:40,4443.58,4445.82,4441.05,4445.23,1064
2026.01.07,15:41,4445.17,4446.81,4443.80,4446.69,684
2026.01.07,15:42,4446.56,4449.96,4446.25,4449.78,952
2026.01.07,15:43,4449.67,4450.67,4448.83,4449.28,619
2026.01.07,15:44,4449.30,4449.61,4445.06,4445.53,1238
2026.01.07,15:45,4445.54,4447.46,4444.90,4447.46,1336
2026.01.07,15:46,4447.47,4448.35,4445.58,4445.97,1485
2026.01.07,15:47,4446.21,4447.03,4444.60,4446.49,1659
2026.01.07,15:48,4446.50,4449.14,4446.35,4448.15,1204
2026.01.07,15:49,4448.01,4450.13,4446.78,4446.90,813
2026.01.07,15:50,4446.95,4448.10,4445.84,4447.55,1643
2026.01.07,15:51,4447.57,4450.56,4447.27,4449.77,1892
2026.01.07,15:52,4449.76,4450.99,4449.12,4450.81,1144
2026.01.07,15:53,4450.93,4452.22,4449.77,4449.88,1740
2026.01.07,15:54,4449.82,4450.87,4448.12,4448.59,1496
2026.01.07,15:55,4448.63,4450.56,4446.99,4447.30,1990
2026.01.07,15:56,4447.31,4453.02,4447.01,4452.15,1849
2026.01.07,15:57,4452.18,4453.16,4451.26,4452.80,1062
2026.01.07,15:58,4452.86,4453.09,4451.59,4452.44,1258
2026.01.07,15:59,4452.43,4453.21,4451.89,4452.94,982
2026.01.07,16:00,4452.93,4453.31,4449.76,4451.76,1303
2026.01.07,16:01,4452.03,4453.18,4450.05,4452.73,1030
2026.01.07,16:02,4452.81,4453.81,4450.41,4451.16,1233
2026.01.07,16:03,4451.25,4454.43,4450.71,4454.10,1563
2026.01.07,16:04,4454.11,4454.48,4452.03,4452.65,1493
2026.01.07,16:05,4452.70,4452.79,4450.72,4451.92,1983
2026.01.07,16:06,4451.93,4452.97,4449.25,4450.99,2023
2026.01.07,16:07,4451.06,4453.59,4450.32,4453.15,1354
2026.01.07,16:08,4453.14,4453.70,4451.02,4451.04,1446
2026.01.07,16:09,4451.10,4451.76,4448.24,4448.54,1358
2026.01.07,16:10,4448.61,4450.59,4448.03,4449.31,1938
2026.01.07,16:11,4449.30,4450.65,4448.66,4449.17,1553
2026.01.07,16:12,4449.19,4450.23,4448.44,4449.97,1469
2026.01.07,16:13,4450.04,4452.16,4448.81,4449.24,1878
2026.01.07,16:14,4449.22,4449.99,4447.01,4447.29,1627
2026.01.07,16:15,4447.34,4452.92,4446.91,4452.85,2323
2026.01.07,16:16,4452.88,4453.48,4448.60,4448.68,1584
2026.01.07,16:17,4448.57,4450.43,4448.06,4449.15,2147
2026.01.07,16:18,4449.03,4450.85,4448.00,4450.37,1223
2026.01.07,16:19,4450.33,4451.49,4449.67,4449.75,900
2026.01.07,16:20,4449.77,4449.86,4446.01,4446.20,1188
2026.01.07,16:21,4446.21,4447.05,4443.39,4443.76,1136
2026.01.07,16:22,4443.80,4445.52,4443.19,4445.05,1047
2026.01.07,16:23,4445.06,4446.23,4442.86,4445.57,1353
2026.01.07,16:24,4445.53,4448.27,4444.21,4445.37,2721
2026.01.07,16:25,4445.43,4446.39,4443.57,4443.57,1369
2026.01.07,16:26,4443.74,4445.22,4443.10,4444.87,1555
2026.01.07,16:27,4444.83,4444.86,4442.65,4443.03,1053
2026.01.07,16:28,4443.06,4445.92,4442.51,4445.91,870
2026.01.07,16:29,4445.92,4446.31,4444.25,4444.62,1196
2026.01.07,16:30,4444.55,4449.73,4440.36,4449.45,3479
2026.01.07,16:31,4449.72,4450.40,4446.92,4448.12,2448
2026.01.07,16:32,4448.09,4448.62,4443.51,4444.76,2802
2026.01.07,16:33,4444.73,4449.51,4444.36,4449.35,2888
2026.01.07,16:34,4449.33,4450.03,4447.54,4449.44,2008
2026.01.07,16:35,4449.41,4452.37,4448.88,4450.37,1521
2026.01.07,16:36,4450.35,4450.47,4442.26,4442.43,1879
2026.01.07,16:37,4442.41,4442.41,4436.63,4438.30,2481
2026.01.07,16:38,4438.32,4439.68,4435.58,4439.20,2275
2026.01.07,16:39,4439.26,4443.26,4438.04,4441.06,2324
2026.01.07,16:40,4440.99,4443.62,4440.32,4442.12,2382
2026.01.07,16:41,4442.20,4445.95,4442.20,4443.03,2128
2026.01.07,16:42,4442.78,4442.97,4439.64,4439.64,2074
2026.01.07,16:43,4439.75,4445.74,4439.53,4445.74,2042
2026.01.07,16:44,4445.68,4446.07,4443.11,4444.05,2612
2026.01.07,16:45,4443.98,4447.19,4440.94,4441.20,3178
2026.01.07,16:46,4441.33,4445.06,4440.97,4444.47,2350
2026.01.07,16:47,4444.50,4447.15,4441.96,4443.43,2348
2026.01.07,16:48,4443.40,4443.71,4440.68,4443.43,2237
2026.01.07,16:49,4443.45,4445.15,4441.88,4442.64,2198
2026.01.07,16:50,4442.70,4444.25,4440.81,4442.02,2471
2026.01.07,16:51,4441.96,4443.80,4441.08,4443.60,2657
2026.01.07,16:52,4443.77,4449.47,4443.58,4449.24,2078
2026.01.07,16:53,4449.25,4450.12,4446.47,4447.43,2200
2026.01.07,16:54,4447.38,4448.96,4446.32,4446.61,1457
2026.01.07,16:55,4446.77,4451.55,4446.07,4451.14,1977
2026.01.07,16:56,4451.31,4453.18,4450.55,4451.00,1635
2026.01.07,16:57,4450.95,4452.23,4449.09,4449.22,1082
2026.01.07,16:58,4449.19,4449.93,4445.56,4445.66,763
2026.01.07,16:59,4445.67,4446.14,4444.38,4445.23,558
2026.01.07,17:00,4444.79,4445.80,4439.37,4439.58,1100
2026.01.07,17:01,4439.62,4442.60,4438.63,4440.62,1252
2026.01.07,17:02,4440.55,4441.52,4437.43,4438.00,1091
2026.01.07,17:03,4437.95,4441.92,4437.48,4441.43,1697
2026.01.07,17:04,4441.55,4442.95,4439.49,4441.26,1447
2026.01.07,17:05,4441.33,4444.13,4439.90,4443.39,2044
2026.01.07,17:06,4443.43,4444.71,4441.27,4443.73,2007
2026.01.07,17:07,4443.63,4444.36,4439.90,4439.93,2051
2026.01.07,17:08,4439.99,4444.58,4439.62,4443.75,1971
2026.01.07,17:09,4443.64,4444.55,4440.71,4441.39,1723
2026.01.07,17:10,4441.43,4442.41,4436.48,4436.90,2335
2026.01.07,17:11,4436.95,4437.34,4432.18,4432.98,1916
2026.01.07,17:12,4433.03,4433.90,4430.51,4432.06,2125
2026.01.07,17:13,4432.24,4433.94,4430.29,4432.86,2278
2026.01.07,17:14,4432.78,4432.95,4426.21,4426.49,2404
2026.01.07,17:15,4426.55,4430.12,4425.11,4428.02,2759
2026.01.07,17:16,4427.99,4428.30,4423.68,4426.01,2660
2026.01.07,17:17,4426.04,4428.18,4423.48,4423.72,2295
2026.01.07,17:18,4423.71,4426.69,4423.42,4426.69,2101
2026.01.07,17:19,4426.65,4427.23,4424.40,4424.74,1459
2026.01.07,17:20,4424.73,4431.00,4424.42,4430.89,1759
2026.01.07,17:21,4430.94,4431.87,4428.91,4431.49,2098
2026.01.07,17:22,4431.54,4432.95,4429.56,4430.21,1672
2026.01.07,17:23,4430.25,4432.16,4427.50,4431.74,1741
2026.01.07,17:24,4431.76,4431.99,4429.82,4430.62,1547
2026.01.07,17:25,4430.65,4435.33,4430.65,4434.91,1937
2026.01.07,17:26,4434.92,4435.66,4433.19,4434.27,1304
2026.01.07,17:27,4434.32,4437.85,4434.31,4437.83,1521
2026.01.07,17:28,4437.86,4438.94,4436.83,4438.61,1649
2026.01.07,17:29,4438.64,4442.13,4437.77,4441.49,1659
2026.01.07,17:30,4441.54,4444.51,4441.54,4444.13,1302
2026.01.07,17:31,4444.01,4448.02,4443.96,4445.57,2241
2026.01.07,17:32,4445.55,4450.19,4445.40,4450.14,2140
2026.01.07,17:33,4450.25,4450.32,4447.45,4448.14,1800
2026.01.07,17:34,4448.05,4449.61,4446.81,4448.78,2540
2026.01.07,17:35,4448.81,4450.38,4447.71,4447.81,1294
2026.01.07,17:36,4447.84,4451.28,4447.28,4450.93,1480
2026.01.07,17:37,4450.94,4451.97,4448.51,4449.29,1866
2026.01.07,17:38,4449.28,4449.66,4445.19,4446.10,1474
2026.01.07,17:39,4446.02,4448.81,4445.33,4448.29,2051
2026.01.07,17:40,4448.24,4449.41,4446.00,4446.28,1495
2026.01.07,17:41,4446.30,4447.24,4445.24,4446.02,1566
2026.01.07,17:42,4446.00,4446.48,4444.93,4445.35,1359
2026.01.07,17:43,4445.38,4447.89,4445.38,4446.45,1298
2026.01.07,17:44,4446.43,4446.43,4441.90,4442.17,1938
2026.01.07,17:45,4442.16,4444.44,4441.16,4443.91,1745
2026.01.07,17:46,4443.93,4445.09,4441.41,4441.56,1427
2026.01.07,17:47,4441.64,4442.83,4440.18,4441.90,1000
2026.01.07,17:48,4441.88,4443.52,4441.56,4442.71,989
2026.01.07,17:49,4442.63,4446.77,4442.17,4446.39,1365
2026.01.07,17:50,4446.58,4447.92,4445.10,4447.11,1876
2026.01.07,17:51,4447.12,4447.65,4444.41,4445.36,1693
2026.01.07,17:52,4445.44,4447.22,4444.84,4445.58,935
2026.01.07,17:53,4445.43,4446.57,4443.98,4444.79,1183
2026.01.07,17:54,4444.78,4444.81,4442.04,4442.68,964
2026.01.07,17:55,4442.67,4445.24,4441.54,4445.00,983
2026.01.07,17:56,4444.89,4445.25,4442.49,4443.35,1165
2026.01.07,17:57,4443.29,4444.49,4441.69,4444.02,1095
2026.01.07,17:58,4444.00,4444.46,4443.04,4444.31,742
2026.01.07,17:59,4444.30,4446.33,4444.10,4446.15,905
2026.01.07,18:00,4446.10,4448.85,4445.65,4448.80,1425
2026.01.07,18:01,4448.92,4449.50,4447.49,4448.42,1168
2026.01.07,18:02,4448.51,4449.04,4445.93,4446.40,1101
2026.01.07,18:03,4446.35,4447.52,4444.94,4446.72,1682
2026.01.07,18:04,4446.74,4448.13,4446.03,4446.31,1118
2026.01.07,18:05,4446.28,4447.29,4443.85,4445.63,1643
2026.01.07,18:06,4445.73,4446.68,4443.66,4444.69,1420
2026.01.07,18:07,4444.66,4447.61,4444.41,4445.59,1666
2026.01.07,18:08,4445.57,4446.99,4445.57,4446.29,742
2026.01.07,18:09,4446.35,4448.10,4445.78,4447.20,1003
2026.01.07,18:10,4446.99,4449.54,4446.06,4449.45,1711
2026.01.07,18:11,4449.44,4450.84,4446.95,4447.14,1823
2026.01.07,18:12,4447.16,4447.99,4446.48,4447.26,1077
2026.01.07,18:13,4447.27,4447.31,4445.92,4446.82,923
2026.01.07,18:14,4446.77,4447.18,4445.73,4447.02,713
2026.01.07,18:15,4447.13,4447.80,4444.73,4446.43,1241
2026.01.07,18:16,4446.58,4446.66,4444.57,4445.77,1197
2026.01.07,18:17,4445.78,4446.70,4445.51,4445.96,857
2026.01.07,18:18,4445.98,4447.78,4445.48,4447.59,783
2026.01.07,18:19,4447.60,4448.09,4446.33,4447.85,594
2026.01.07,18:20,4447.61,4449.93,4447.00,4449.35,931
2026.01.07,18:21,4449.43,4453.21,4449.30,4453.05,1251
2026.01.07,18:22,4453.10,4461.39,4452.91,4460.60,2273
2026.01.07,18:23,4460.38,4461.23,4457.57,4459.26,1320
2026.01.07,18:24,4459.32,4459.32,4457.15,4458.72,1455
2026.01.07,18:25,4458.78,4460.00,4455.79,4459.54,1531
2026.01.07,18:26,4459.56,4459.56,4456.48,4458.32,1743
2026.01.07,18:27,4458.31,4460.49,4457.75,4458.23,1648
2026.01.07,18:28,4458.50,4459.40,4456.41,4456.53,1446
2026.01.07,18:29,4456.65,4458.22,4455.52,4457.85,1023
2026.01.07,18:30,4457.86,4460.07,4456.72,4459.21,1042
2026.01.07,18:31,4459.29,4461.24,4458.85,4458.96,721
2026.01.07,18:32,4458.97,4461.58,4457.58,4461.24,857
2026.01.07,18:33,4461.19,4462.59,4460.43,4462.59,908
2026.01.07,18:34,4462.71,4465.37,4462.03,4464.88,1437
2026.01.07,18:35,4464.87,4465.52,4461.29,4461.65,1285
2026.01.07,18:36,4461.62,4462.01,4459.91,4461.48,1058
2026.01.07,18:37,4461.42,4462.80,4459.68,4459.69,1221
2026.01.07,18:38,4459.76,4463.24,4458.65,4462.80,799
2026.01.07,18:39,4462.79,4465.14,4461.83,4462.89,1119
2026.01.07,18:40,4462.86,4463.56,4460.57,4463.39,1114
2026.01.07,18:41,4463.41,4464.05,4461.74,4462.61,1175
2026.01.07,18:42,4462.58,4465.38,4461.70,4464.87,915
2026.01.07,18:43,4464.82,4467.53,4464.61,4466.38,1183
2026.01.07,18:44,4466.42,4468.01,4465.31,4467.58,1510
2026.01.07,18:45,4467.60,4468.16,4464.80,4465.77,1312
2026.01.07,18:46,4465.82,4467.24,4463.96,4464.48,1045
2026.01.07,18:47,4464.47,4466.05,4463.51,4465.73,1079
2026.01.07,18:48,4465.72,4468.40,4465.40,4467.66,860
2026.01.07,18:49,4467.61,4468.29,4466.63,4467.26,785
2026.01.07,18:50,4467.27,4468.11,4465.95,4466.95,1029
2026.01.07,18:51,4466.97,4467.27,4465.10,4466.44,663
2026.01.07,18:52,4466.46,4467.51,4465.70,4466.37,592
2026.01.07,18:53,4466.38,4466.79,4465.28,4465.37,672
2026.01.07,18:54,4465.36,4465.71,4463.64,4464.69,933
2026.01.07,18:55,4464.64,4464.97,4462.40,4463.37,854
2026.01.07,18:56,4463.40,4464.49,4462.93,4463.49,903
2026.01.07,18:57,4463.36,4464.11,4461.87,4463.60,768
2026.01.07,18:58,4463.59,4464.41,4463.11,4463.99,684
2026.01.07,18:59,4464.05,4464.79,4463.62,4464.37,666
2026.01.07,19:00,4464.43,4465.52,4461.35,4461.38,785
2026.01.07,19:01,4461.39,4461.39,4459.62,4461.29,848
2026.01.07,19:02,4461.14,4461.69,4460.11,4461.65,530
2026.01.07,19:03,4461.67,4462.85,4461.10,4462.58,574
2026.01.07,19:04,4462.56,4463.59,4461.59,4463.09,784
2026.01.07,19:05,4463.15,4464.24,4462.39,4462.88,699
2026.01.07,19:06,4462.89,4463.81,4461.07,4461.60,824
2026.01.07,19:07,4461.70,4463.00,4461.19,4462.67,496
2026.01.07,19:08,4462.58,4462.99,4460.38,4460.97,563
2026.01.07,19:09,4460.98,4461.30,4460.16,4460.58,359
2026.01.07,19:10,4460.59,4461.33,4459.39,4459.98,407
2026.01.07,19:11,4459.96,4461.35,4459.49,4459.55,464
2026.01.07,19:12,4459.66,4460.07,4457.69,4457.84,465
2026.01.07,19:13,4457.81,4459.28,4457.62,4458.94,360
2026.01.07,19:14,4458.86,4460.86,4458.85,4460.18,365
2026.01.07,19:15,4460.10,4461.04,4459.76,4459.99,334
2026.01.07,19:16,4459.98,4462.13,4459.05,4462.03,420
2026.01.07,19:17,4462.04,4463.20,4461.75,4462.10,585
2026.01.07,19:18,4462.01,4462.04,4460.54,4461.09,481
2026.01.07,19:19,4461.10,4461.96,4460.95,4461.63,388
2026.01.07,19:20,4461.60,4462.00,4460.72,4461.43,370
2026.01.07,19:21,4461.48,4461.92,4460.54,4461.40,378
2026.01.07,19:22,4461.40,4461.80,4459.71,4460.01,529
2026.01.07,19:23,4460.00,4461.32,4459.90,4460.76,491
2026.01.07,19:24,4460.66,4460.67,4459.16,4460.07,574
2026.01.07,19:25,4460.03,4460.20,4458.19,4458.39,608
2026.01.07,19:26,4458.47,4458.47,4457.11,4457.95,599
2026.01.07,19:27,4457.96,4459.23,4457.44,4458.76,306
2026.01.07,19:28,4458.77,4459.57,4457.73,4458.21,566
2026.01.07,19:29,4458.22,4458.96,4457.73,4458.45,346
2026.01.07,19:30,4458.70,4459.51,4458.11,4459.43,406
2026.01.07,19:31,4459.40,4459.61,4457.93,4458.86,422
2026.01.07,19:32,4458.90,4459.60,4458.68,4458.87,363
2026.01.07,19:33,4458.88,4461.72,4458.88,4461.15,595
2026.01.07,19:34,4461.26,4461.36,4459.20,4459.40,409
2026.01.07,19:35,4459.41,4460.64,4458.93,4459.46,415
2026.01.07,19:36,4458.94,4458.96,4455.95,4456.64,526
2026.01.07,19:37,4456.55,4457.20,4456.28,4456.71,482
2026.01.07,19:38,4456.85,4457.67,4456.77,4457.29,448
2026.01.07,19:39,4457.03,4459.30,4456.89,4458.85,615
2026.01.07,19:40,4458.82,4459.67,4458.15,4458.26,491
2026.01.07,19:41,4458.24,4458.29,4455.90,4457.04,611
2026.01.07,19:42,4457.06,4457.54,4455.80,4455.99,591
2026.01.07,19:43,4456.16,4457.32,4455.99,4456.90,448
2026.01.07,19:44,4456.93,4457.17,4456.42,4456.93,305
2026.01.07,19:45,4456.91,4457.32,4456.37,4457.22,585
2026.01.07,19:46,4457.21,4457.45,4456.26,4457.12,554
2026.01.07,19:47,4457.31,4458.93,4456.91,4458.41,559
2026.01.07,19:48,4458.73,4459.39,4457.22,4458.76,767
2026.01.07,19:49,4458.72,4459.39,4456.90,4457.12,635
2026.01.07,19:50,4457.10,4457.12,4454.17,4455.35,1267
2026.01.07,19:51,4455.34,4455.44,4452.50,4453.09,1157
2026.01.07,19:52,4453.18,4453.56,4452.22,4453.09,829
2026.01.07,19:53,4453.06,4454.81,4452.25,4453.80,770
2026.01.07,19:54,4453.81,4456.00,4453.23,4454.57,832
2026.01.07,19:55,4454.58,4454.75,4451.15,4451.34,1013
2026.01.07,19:56,4451.45,4451.48,4449.57,4450.39,965
2026.01.07,19:57,4450.43,4452.15,4449.73,4451.84,1083
2026.01.07,19:58,4451.66,4453.07,4451.44,4451.86,957
2026.01.07,19:59,4451.89,4452.78,4450.26,4451.68,584
2026.01.07,20:00,4451.76,4452.49,4450.63,4451.40,640
2026.01.07,20:01,4451.28,4452.90,4450.48,4452.90,406
2026.01.07,20:02,4452.91,4452.99,4449.66,4449.97,565
2026.01.07,20:03,4449.99,4450.14,4448.46,4448.74,798
2026.01.07,20:04,4448.78,4450.42,4447.90,4450.41,562
2026.01.07,20:05,4450.56,4452.67,4449.28,4451.86,694
2026.01.07,20:06,4451.80,4451.83,4448.49,4449.21,704
2026.01.07,20:07,4449.23,4451.87,4447.85,4451.24,811
2026.01.07,20:08,4451.20,4451.38,4449.26,4449.64,712
2026.01.07,20:09,4449.73,4451.13,4449.41,4450.24,620
2026.01.07,20:10,4450.25,4453.00,4449.45,4452.36,923
2026.01.07,20:11,4452.32,4452.42,4450.64,4451.19,893
2026.01.07,20:12,4451.18,4452.37,4449.72,4450.18,998
2026.01.07,20:13,4450.03,4450.60,4448.91,4448.95,777
2026.01.07,20:14,4448.65,4450.32,4448.22,4449.80,1244
2026.01.07,20:15,4449.76,4451.02,4448.63,4450.64,909
2026.01.07,20:16,4450.60,4451.38,4449.10,4449.27,785
2026.01.07,20:17,4449.24,4449.48,4448.17,4448.29,739
2026.01.07,20:18,4448.26,4449.14,4447.00,4448.43,975
2026.01.07,20:19,4448.54,4450.75,4448.53,4450.20,981
2026.01.07,20:20,4450.16,4452.59,4450.11,4451.18,913
2026.01.07,20:21,4451.17,4451.49,4449.52,4450.27,660
2026.01.07,20:22,4450.08,4452.01,4449.96,4451.86,980
2026.01.07,20:23,4451.85,4452.89,4450.35,4452.18,1099
2026.01.07,20:24,4452.06,4453.30,4450.65,4451.90,1978
2026.01.07,20:25,4451.90,4454.05,4451.77,4453.47,1212
2026.01.07,20:26,4453.44,4455.70,4453.27,4455.42,899
2026.01.07,20:27,4455.48,4456.11,4453.81,4454.50,1273
2026.01.07,20:28,4454.49,4454.79,4453.33,4454.24,1017
2026.01.07,20:29,4454.25,4454.61,4451.23,4452.15,1817
2026.01.07,20:30,4452.15,4455.45,4451.48,4455.38,1352
2026.01.07,20:31,4455.36,4455.70,4453.78,4454.27,759
2026.01.07,20:32,4454.17,4455.95,4454.07,4454.94,780
2026.01.07,20:33,4454.97,4455.93,4454.81,4455.28,553
2026.01.07,20:34,4455.26,4456.40,4455.01,4455.98,496
2026.01.07,20:35,4456.02,4456.05,4454.06,4454.80,810
2026.01.07,20:36,4454.63,4456.28,4454.40,4455.38,1069
2026.01.07,20:37,4455.37,4457.57,4454.95,4457.36,637
2026.01.07,20:38,4457.29,4458.35,4456.82,4458.25,481
2026.01.07,20:39,4458.23,4458.81,4457.81,4458.24,423
2026.01.07,20:40,4458.21,4458.64,4457.38,4457.58,518
2026.01.07,20:41,4457.69,4458.63,4457.65,4458.09,338
2026.01.07,20:42,4458.10,4458.19,4457.37,4457.54,314
2026.01.07,20:43,4457.47,4458.36,4455.92,4456.09,319
2026.01.07,20:44,4455.97,4457.00,4455.60,4456.12,350
2026.01.07,20:45,4456.11,4456.50,4454.21,4454.38,487
2026.01.07,20:46,4454.42,4454.88,4454.12,4454.33,353
2026.01.07,20:47,4454.32,4456.53,4454.23,4454.80,566
2026.01.07,20:48,4454.81,4455.44,4454.48,4455.04,406
2026.01.07,20:49,4455.00,4456.55,4454.04,4454.05,762
2026.01.07,20:50,4454.04,4454.39,4450.75,4450.97,672
2026.01.07,20:51,4451.01,4452.02,4449.96,4451.47,730
2026.01.07,20:52,4451.74,4453.20,4450.71,4452.98,540
2026.01.07,20:53,4452.97,4453.50,4452.40,4453.32,411
2026.01.07,20:54,4453.29,4453.44,4452.05,4452.38,648
2026.01.07,20:55,4452.32,4452.72,4451.31,4451.51,800
2026.01.07,20:56,4451.49,4452.03,4450.69,4451.26,478
2026.01.07,20:57,4451.30,4452.45,4450.65,4451.16,588
2026.01.07,20:58,4451.14,4452.82,4451.09,4452.51,470
2026.01.07,20:59,4452.56,4452.84,4451.51,4452.04,538
2026.01.07,21:00,4452.00,4452.64,4450.71,4450.89,483
2026.01.07,21:01,4450.97,4451.75,4450.83,4450.99,380
2026.01.07,21:02,4451.02,4452.13,4450.53,4452.13,532
2026.01.07,21:03,4452.07,4453.20,4451.55,4452.61,410
2026.01.07,21:04,4452.66,4455.24,4452.16,4454.99,787
2026.01.07,21:05,4454.99,4455.21,4454.03,4454.65,461
2026.01.07,21:06,4454.60,4455.07,4453.73,4454.15,595
2026.01.07,21:07,4454.13,4455.36,4453.19,4453.54,573
2026.01.07,21:08,4453.51,4454.30,4452.43,4452.56,536
2026.01.07,21:09,4452.51,4453.00,4449.40,4450.39,812
2026.01.07,21:10,4450.40,4451.50,4448.52,4448.81,962
2026.01.07,21:11,4448.76,4449.54,4448.08,4448.55,1030
2026.01.07,21:12,4448.56,4448.95,4447.73,4448.60,904
2026.01.07,21:13,4448.82,4450.47,4448.10,4449.83,1014
2026.01.07,21:14,4449.81,4449.93,4448.79,4449.43,932
2026.01.07,21:15,4449.41,4449.64,4447.37,4447.56,896
2026.01.07,21:16,4447.48,4447.68,4445.73,4445.85,738
2026.01.07,21:17,4445.83,4447.13,4445.13,4446.60,1022
2026.01.07,21:18,4446.65,4448.23,4446.45,4448.23,1025
2026.01.07,21:19,4448.34,4448.50,4447.32,4448.04,833
2026.01.07,21:20,4448.06,4448.98,4447.57,4448.14,667
2026.01.07,21:21,4448.13,4448.59,4447.15,4447.86,672
2026.01.07,21:22,4447.87,4448.60,4447.65,4448.45,520
2026.01.07,21:23,4448.43,4448.92,4448.05,4448.55,394
2026.01.07,21:24,4448.58,4448.97,4448.08,4448.53,275
2026.01.07,21:25,4448.52,4448.73,4446.44,4446.71,453
2026.01.07,21:26,4446.74,4448.74,4446.72,4448.43,527
2026.01.07,21:27,4448.26,4448.26,4447.31,4447.72,354
2026.01.07,21:28,4447.71,4448.58,4447.06,4448.31,472
2026.01.07,21:29,4448.31,4451.00,4447.92,4450.48,617
2026.01.07,21:30,4450.45,4453.67,4450.35,4453.49,643
2026.01.07,21:31,4453.72,4455.89,4453.66,4455.89,618
2026.01.07,21:32,4455.97,4457.33,4455.40,4455.50,800
2026.01.07,21:33,4455.55,4456.46,4455.18,4456.24,666
2026.01.07,21:34,4456.22,4456.81,4455.48,4455.69,433
2026.01.07,21:35,4455.70,4456.80,4454.50,4455.25,571
2026.01.07,21:36,4455.23,4456.51,4454.71,4456.51,484
2026.01.07,21:37,4456.51,4457.23,4455.72,4455.89,601
2026.01.07,21:38,4455.93,4456.03,4454.18,4454.49,484
2026.01.07,21:39,4454.48,4455.61,4454.30,4454.99,686
2026.01.07,21:40,4454.91,4455.34,4454.37,4455.08,416
2026.01.07,21:41,4455.07,4455.70,4452.44,4453.39,535
2026.01.07,21:42,4453.35,4453.90,4452.99,4453.42,368
2026.01.07,21:43,4453.41,4453.81,4452.95,4453.49,277
2026.01.07,21:44,4453.50,4454.00,4452.89,4453.31,304
2026.01.07,21:45,4453.27,4454.01,4452.74,4452.97,304
2026.01.07,21:46,4452.89,4453.76,4451.94,4453.23,845
2026.01.07,21:47,4453.22,4453.82,4451.94,4452.09,839
2026.01.07,21:48,4452.11,4453.12,4451.94,4452.71,480
2026.01.07,21:49,4452.70,4453.34,4452.38,4453.10,410
2026.01.07,21:50,4453.11,4453.61,4452.26,4453.11,521
2026.01.07,21:51,4453.05,4454.90,4452.95,4454.19,761
2026.01.07,21:52,4454.26,4455.08,4453.70,4454.86,625
2026.01.07,21:53,4454.85,4455.18,4454.42,4455.02,442
2026.01.07,21:54,4455.01,4457.70,4454.78,4457.52,491
2026.01.07,21:55,4457.47,4458.06,4456.76,4457.30,660
2026.01.07,21:56,4457.25,4457.63,4456.60,4457.25,770
2026.01.07,21:57,4457.22,4457.84,4456.63,4456.77,685
2026.01.07,21:58,4456.79,4457.93,4456.64,4457.30,835
2026.01.07,21:59,4457.26,4457.65,4456.38,4456.85,776
2026.01.07,22:00,4456.84,4458.98,4456.82,4458.38,725
2026.01.07,22:01,4458.45,4459.61,4458.41,4458.58,351
2026.01.07,22:02,4458.61,4459.14,4457.53,4458.07,548
2026.01.07,22:03,4458.09,4458.55,4457.10,4458.08,546
2026.01.07,22:04,4458.07,4459.03,4458.07,4458.58,447
2026.01.07,22:05,4458.57,4459.46,4458.22,4458.62,380
2026.01.07,22:06,4458.63,4459.65,4457.84,4458.91,795
2026.01.07,22:07,4459.01,4459.01,4457.05,4457.79,886
2026.01.07,22:08,4457.78,4457.90,4455.77,4456.07,738
2026.01.07,22:09,4456.10,4456.97,4455.03,4455.44,942
2026.01.07,22:10,4455.46,4456.54,4455.14,4456.32,903
2026.01.07,22:11,4456.31,4458.03,4455.77,4457.93,833
2026.01.07,22:12,4457.96,4459.10,4457.27,4459.06,843
2026.01.07,22:13,4459.05,4459.46,4457.76,4458.21,974
2026.01.07,22:14,4458.20,4458.66,4456.64,4458.25,1131
2026.01.07,22:15,4458.22,4460.12,4456.70,4460.07,714
2026.01.07,22:16,4460.09,4460.85,4458.08,4459.54,1075
2026.01.07,22:17,4459.42,4459.56,4458.48,4459.10,626
2026.01.07,22:18,4458.96,4461.68,4458.82,4461.41,531
2026.01.07,22:19,4461.44,4461.58,4459.44,4459.79,423
2026.01.07,22:20,4459.77,4461.32,4459.22,4460.93,327
2026.01.07,22:21,4460.94,4461.16,4459.02,4460.07,366
2026.01.07,22:22,4460.13,4460.35,4459.68,4460.02,319
2026.01.07,22:23,4459.89,4460.23,4458.42,4459.11,534
2026.01.07,22:24,4459.01,4459.44,4458.53,4459.06,331
2026.01.07,22:25,4459.07,4459.18,4457.05,4457.16,619
2026.01.07,22:26,4457.09,4458.53,4457.01,4458.30,563
2026.01.07,22:27,4458.28,4459.16,4457.81,4458.68,472
2026.01.07,22:28,4458.62,4458.71,4455.78,4456.67,598
2026.01.07,22:29,4456.68,4458.36,4456.09,4458.06,439
2026.01.07,22:30,4458.09,4459.23,4457.62,4458.73,397
2026.01.07,22:31,4458.51,4458.82,4457.17,4458.13,789
2026.01.07,22:32,4458.18,4459.73,4457.32,4459.66,558
2026.01.07,22:33,4459.64,4460.63,4459.41,4459.81,444
2026.01.07,22:34,4459.83,4459.94,4457.93,4458.29,547
2026.01.07,22:35,4458.31,4458.89,4456.51,4457.63,864
2026.01.07,22:36,4457.66,4458.50,4457.38,4457.65,871
2026.01.07,22:37,4457.66,4457.76,4456.63,4456.66,635
2026.01.07,22:38,4456.65,4457.78,4456.26,4457.44,819
2026.01.07,22:39,4457.44,4457.86,4456.46,4456.69,636
2026.01.07,22:40,4456.68,4458.21,4456.49,4458.12,593
2026.01.07,22:41,4458.14,4458.33,4457.01,4457.28,404
2026.01.07,22:42,4457.29,4460.16,4457.29,4458.49,752
2026.01.07,22:43,4458.50,4459.66,4457.52,4457.77,582
2026.01.07,22:44,4457.78,4458.37,4456.76,4456.84,423
2026.01.07,22:45,4456.76,4457.99,4456.61,4457.66,620
2026.01.07,22:46,4457.68,4459.41,4457.35,4459.22,692
2026.01.07,22:47,4459.24,4459.41,4457.62,4457.71,583
2026.01.07,22:48,4457.72,4458.41,4456.41,4457.33,747
2026.01.07,22:49,4457.36,4458.81,4457.16,4458.54,558
2026.01.07,22:50,4458.56,4459.76,4458.56,4459.02,1563
2026.01.07,22:51,4459.00,4459.54,4458.28,4458.34,768
2026.01.07,22:52,4458.25,4459.80,4457.93,4459.41,378
2026.01.07,22:53,4459.43,4459.48,4458.49,4459.15,488
2026.01.07,22:54,4459.16,4459.33,4458.33,4458.72,477
2026.01.07,22:55,4458.73,4459.13,4455.10,4455.71,883
2026.01.07,22:56,4455.71,4455.91,4453.70,4454.05,716
2026.01.07,22:57,4454.06,4454.48,4453.01,4453.29,609
2026.01.07,22:58,4453.26,4453.36,4451.98,4452.33,723
2026.01.07,22:59,4452.26,4452.26,4450.48,4451.92,1057
2026.01.07,23:00,4451.86,4453.23,4449.76,4452.87,917
2026.01.07,23:01,4452.85,4452.85,4451.42,4451.54,346
2026.01.07,23:02,4451.63,4454.50,4451.56,4454.18,577
2026.01.07,23:03,4454.20,4454.59,4453.54,4453.68,373
2026.01.07,23:04,4453.76,4453.92,4452.59,4453.31,420
2026.01.07,23:05,4453.20,4453.56,4452.38,4452.66,366
2026.01.07,23:06,4452.72,4453.85,4452.44,4452.79,286
2026.01.07,23:07,4452.81,4453.26,4452.27,4452.79,242
2026.01.07,23:08,4452.90,4453.01,4452.28,4452.56,213
2026.01.07,23:09,4452.51,4453.11,4451.87,4452.81,343
2026.01.07,23:10,4452.80,4453.73,4452.72,4453.28,355
2026.01.07,23:11,4453.20,4454.24,4453.03,4453.63,418
2026.01.07,23:12,4453.62,4454.11,4453.18,4454.04,306
2026.01.07,23:13,4454.06,4454.51,4453.41,4453.81,277
2026.01.07,23:14,4453.61,4453.94,4453.12,4453.86,275
2026.01.07,23:15,4453.88,4454.73,4453.28,4453.65,265
2026.01.07,23:16,4453.64,4454.06,4453.25,4453.76,225
2026.01.07,23:17,4453.81,4454.09,4453.62,4453.87,153
2026.01.07,23:18,4453.84,4454.30,4453.49,4454.30,206
2026.01.07,23:19,4454.28,4454.31,4453.69,4453.76,230
2026.01.07,23:20,4453.78,4455.33,4453.78,4454.37,311
2026.01.07,23:21,4454.42,4454.42,4453.53,4453.60,228
2026.01.07,23:22,4453.62,4454.27,4453.54,4453.90,134
2026.01.07,23:23,4453.88,4453.91,4452.93,4453.41,255
2026.01.07,23:24,4453.42,4453.79,4453.16,4453.44,236
2026.01.07,23:25,4453.43,4453.92,4453.11,4453.36,223
2026.01.07,23:26,4453.39,4453.50,4452.89,4453.19,195
2026.01.07,23:27,4453.17,4453.20,4452.32,4452.39,133
2026.01.07,23:28,4452.31,4452.66,4451.98,4452.05,117
2026.01.07,23:29,4451.98,4452.61,4451.74,4452.39,225
2026.01.07,23:30,4452.38,4452.99,4451.86,4452.45,129
2026.01.07,23:31,4452.43,4453.43,4452.36,4453.19,80
2026.01.07,23:32,4453.18,4453.42,4452.92,4453.20,138
2026.01.07,23:33,4453.09,4453.47,4452.98,4453.47,106
2026.01.07,23:34,4453.46,4453.93,4452.12,4452.85,143
2026.01.07,23:35,4452.74,4452.97,4452.17,4452.56,150
2026.01.07,23:36,4452.48,4453.45,4452.41,4452.98,104
2026.01.07,23:37,4452.95,4453.15,4452.73,4452.86,72
2026.01.07,23:38,4452.90,4454.16,4452.90,4453.47,249
2026.01.07,23:39,4453.26,4454.31,4453.12,4454.00,145
2026.01.07,23:40,4453.98,4454.11,4453.13,4453.34,335
2026.01.07,23:41,4453.44,4454.30,4452.84,4454.01,230
2026.01.07,23:42,4454.07,4454.51,4454.01,4454.13,169
2026.01.07,23:43,4454.16,4454.39,4453.53,4453.71,555
2026.01.07,23:44,4453.74,4453.96,4453.07,4453.18,294
2026.01.07,23:45,4453.14,4453.99,4453.07,4453.25,461
2026.01.07,23:46,4453.26,4453.45,4452.62,4453.25,375
2026.01.07,23:47,4453.46,4453.95,4453.15,4453.24,159
2026.01.07,23:48,4453.27,4453.59,4453.09,4453.41,156
2026.01.07,23:49,4453.50,4453.52,4452.82,4452.94,74
2026.01.07,23:50,4452.90,4455.43,4452.51,4455.39,174
2026.01.07,23:51,4455.44,4455.81,4455.21,4455.26,79
2026.01.07,23:52,4455.44,4455.81,4455.36,4455.60,88
2026.01.07,23:53,4455.61,4455.96,4455.18,4455.30,92
2026.01.07,23:54,4455.33,4456.05,4455.26,4455.77,68
2026.01.07,23:55,4455.65,4455.77,4454.83,4455.16,47
2026.01.07,23:56,4455.14,4455.58,4454.90,4455.02,40
2026.01.07,23:57,4455.00,4455.61,4454.49,4455.61,91
2026.01.07,23:58,4455.72,4456.40,4455.28,4456.38,62
2026.01.07,23:59,4456.39,4456.53,4455.91,4456.10,59
2026.01.08,01:00,4459.56,4461.20,4457.97,4459.61,125
2026.01.08,01:01,4459.57,4461.08,4459.26,4460.87,101
2026.01.08,01:02,4460.77,4462.54,4460.76,4462.35,97
2026.01.08,01:03,4462.31,4462.44,4460.77,4461.70,64
2026.01.08,01:04,4461.70,4462.24,4461.70,4461.96,68
2026.01.08,01:05,4461.95,4462.60,4461.32,4462.17,106
2026.01.08,01:06,4462.19,4462.69,4461.63,4461.70,112
2026.01.08,01:07,4461.70,4461.85,4461.15,4461.37,92
2026.01.08,01:08,4461.35,4461.75,4461.34,4461.72,39
2026.01.08,01:09,4461.69,4462.51,4459.60,4459.64,109
2026.01.08,01:10,4459.65,4459.84,4458.51,4459.29,123
2026.01.08,01:11,4459.28,4460.52,4459.25,4460.52,127
2026.01.08,01:12,4460.51,4460.54,4459.14,4460.00,107
2026.01.08,01:13,4459.97,4460.40,4459.60,4459.82,122
2026.01.08,01:14,4459.85,4460.38,4459.58,4459.79,159
2026.01.08,01:15,4459.77,4459.93,4459.09,4459.41,174
2026.01.08,01:16,4459.43,4461.48,4459.27,4460.82,171
2026.01.08,01:17,4460.79,4461.16,4460.65,4460.94,74
2026.01.08,01:18,4460.93,4461.35,4460.41,4460.51,167
2026.01.08,01:19,4460.56,4461.91,4459.51,4461.87,279
2026.01.08,01:20,4461.88,4462.44,4460.35,4461.42,377
2026.01.08,01:21,4461.43,4461.80,4461.23,4461.31,142
2026.01.08,01:22,4461.20,4462.96,4460.97,4462.80,184
2026.01.08,01:23,4462.71,4463.21,4462.34,4463.01,212
2026.01.08,01:24,4462.97,4463.08,4461.86,4461.96,135
2026.01.08,01:25,4461.91,4462.52,4461.72,4462.51,150
2026.01.08,01:26,4462.53,4463.76,4462.47,4463.41,257
2026.01.08,01:27,4463.43,4464.23,4462.51,4462.70,285
2026.01.08,01:28,4462.71,4462.85,4461.91,4462.71,113
2026.01.08,01:29,4462.74,4462.74,4461.80,4462.01,118
2026.01.08,01:30,4461.98,4462.70,4461.27,4461.84,224
2026.01.08,01:31,4461.83,4461.87,4459.80,4459.94,197
2026.01.08,01:32,4459.95,4462.09,4459.95,4461.99,172
2026.01.08,01:33,4462.13,4462.80,4461.34,4461.70,171
2026.01.08,01:34,4461.54,4461.72,4461.01,4461.43,105
2026.01.08,01:35,4461.39,4462.86,4461.38,4462.64,138
2026.01.08,01:36,4462.65,4462.94,4462.24,4462.52,121
2026.01.08,01:37,4462.52,4462.75,4461.36,4461.82,139
2026.01.08,01:38,4461.85,4462.29,4460.95,4461.48,125
2026.01.08,01:39,4461.43,4461.51,4460.49,4461.28,170
2026.01.08,01:40,4461.33,4461.77,4460.90,4461.02,103
2026.01.08,01:41,4460.97,4462.49,4460.90,4462.49,140
2026.01.08,01:42,4462.48,4462.51,4461.80,4462.10,84
2026.01.08,01:43,4462.16,4462.49,4461.73,4462.10,142
2026.01.08,01:44,4462.13,4462.13,4461.59,4461.71,114
2026.01.08,01:45,4461.71,4462.49,4461.23,4461.96,194
2026.01.08,01:46,4461.98,4463.01,4461.25,4461.39,223
2026.01.08,01:47,4461.41,4461.41,4459.82,4460.57,303
2026.01.08,01:48,4460.58,4461.05,4460.20,4460.90,121
2026.01.08,01:49,4460.83,4461.78,4460.39,4461.22,210
2026.01.08,01:50,4461.21,4461.92,4460.89,4461.47,172
2026.01.08,01:51,4461.43,4462.26,4461.02,4461.10,208
2026.01.08,01:52,4461.08,4461.78,4460.80,4461.41,163
2026.01.08,01:53,4461.43,4462.63,4461.01,4461.85,223
2026.01.08,01:54,4461.88,4462.52,4461.35,4461.73,159
2026.01.08,01:55,4461.76,4462.36,4461.50,4461.93,161
2026.01.08,01:56,4461.97,4463.19,4461.97,4462.94,170
2026.01.08,01:57,4462.93,4463.32,4462.79,4462.93,138
2026.01.08,01:58,4462.93,4463.57,4462.82,4463.31,102
2026.01.08,01:59,4463.23,4463.95,4463.23,4463.43,101
2026.01.08,02:00,4463.41,4463.79,4462.73,4463.76,309
2026.01.08,02:01,4463.88,4465.39,4463.49,4465.18,292
2026.01.08,02:02,4465.19,4465.34,4464.46,4465.34,212
2026.01.08,02:03,4465.32,4465.81,4464.90,4465.13,275
2026.01.08,02:04,4465.11,4465.19,4463.68,4463.87,176
2026.01.08,02:05,4463.91,4463.91,4462.20,4462.34,269
2026.01.08,02:06,4462.35,4464.18,4462.30,4463.96,217
2026.01.08,02:07,4463.85,4464.90,4463.74,4464.45,240
2026.01.08,02:08,4464.50,4464.95,4464.04,4464.92,169
2026.01.08,02:09,4464.91,4465.55,4464.74,4465.14,225
2026.01.08,02:10,4465.13,4465.71,4464.83,4465.66,228
2026.01.08,02:11,4465.63,4465.78,4464.51,4465.49,364
2026.01.08,02:12,4465.47,4465.81,4465.24,4465.68,171
2026.01.08,02:13,4465.68,4465.68,4464.71,4464.80,189
2026.01.08,02:14,4464.89,4465.83,4464.56,4465.58,188
2026.01.08,02:15,4465.68,4466.02,4465.32,4465.89,136
2026.01.08,02:16,4465.82,4466.33,4465.32,4465.40,145
2026.01.08,02:17,4465.39,4465.42,4464.83,4464.96,126
2026.01.08,02:18,4464.98,4464.98,4464.09,4464.50,183
2026.01.08,02:19,4464.56,4465.24,4464.04,4464.21,190
2026.01.08,02:20,4463.97,4463.97,4461.43,4461.62,319
2026.01.08,02:21,4461.60,4461.94,4460.80,4461.14,207
2026.01.08,02:22,4461.12,4461.71,4460.71,4460.92,216
2026.01.08,02:23,4460.82,4461.28,4460.78,4460.86,150
2026.01.08,02:24,4460.85,4460.85,4458.47,4458.59,332
2026.01.08,02:25,4458.61,4458.61,4455.71,4455.89,504
2026.01.08,02:26,4455.90,4456.35,4454.13,4454.96,426
2026.01.08,02:27,4454.99,4456.00,4454.44,4454.76,486
2026.01.08,02:28,4454.71,4456.90,4454.41,4456.87,279
2026.01.08,02:29,4456.86,4457.36,4455.83,4456.87,317
2026.01.08,02:30,4456.86,4457.91,4455.65,4457.81,337
2026.01.08,02:31,4457.83,4458.84,4457.60,4458.66,300
2026.01.08,02:32,4458.70,4458.79,4457.53,4458.05,245
2026.01.08,02:33,4458.06,4458.27,4457.23,4458.00,414
2026.01.08,02:34,4458.01,4458.21,4457.68,4457.85,278
2026.01.08,02:35,4457.83,4457.83,4455.85,4456.27,885
2026.01.08,02:36,4456.28,4456.37,4453.36,4454.54,1652
2026.01.08,02:37,4454.57,4455.23,4452.30,4452.54,1080
2026.01.08,02:38,4452.37,4453.41,4451.43,4452.77,1595
2026.01.08,02:39,4452.79,4454.53,4452.63,4453.92,884
2026.01.08,02:40,4453.91,4454.89,4450.56,4450.90,1541
2026.01.08,02:41,4450.87,4451.79,4450.07,4451.40,831
2026.01.08,02:42,4451.48,4452.63,4451.05,4451.86,942
2026.01.08,02:43,4451.85,4454.25,4451.76,4452.93,1156
2026.01.08,02:44,4452.91,4453.03,4450.70,4451.39,722
2026.01.08,02:45,4451.36,4451.66,4449.25,4449.51,1233
2026.01.08,02:46,4449.54,4450.29,4448.22,4449.12,1139
2026.01.08,02:47,4448.94,4450.16,4447.60,4449.31,734
2026.01.08,02:48,4449.44,4449.65,4447.66,4447.93,1045
2026.01.08,02:49,4447.94,4448.74,4447.12,4447.23,1168
2026.01.08,02:50,4447.26,4448.92,4446.65,4448.82,1513
2026.01.08,02:51,4448.69,4450.28,4448.32,4449.42,1321
2026.01.08,02:52,4449.41,4451.05,4449.23,4450.71,2049
2026.01.08,02:53,4450.65,4451.11,4449.55,4450.91,1338
2026.01.08,02:54,4450.74,4451.31,4450.02,4450.69,871
2026.01.08,02:55,4450.80,4451.65,4450.48,4451.09,829
2026.01.08,02:56,4451.08,4451.69,4450.37,4451.00,1497
2026.01.08,02:57,4450.99,4451.85,4450.51,4451.63,1717
2026.01.08,02:58,4451.74,4452.35,4451.52,4451.87,1324
2026.01.08,02:59,4451.88,4452.03,4449.99,4450.15,769
2026.01.08,03:00,4449.88,4449.89,4444.05,4445.82,2106
2026.01.08,03:01,4445.90,4451.69,4445.90,4451.54,2358
2026.01.08,03:02,4451.60,4455.10,4450.13,4453.71,1655
2026.01.08,03:03,4453.80,4454.63,4452.21,4452.79,1421
2026.01.08,03:04,4452.78,4453.40,4450.70,4451.74,765
2026.01.08,03:05,4451.79,4455.98,4451.57,4455.72,742
2026.01.08,03:06,4455.71,4457.81,4455.25,4456.67,1093
2026.01.08,03:07,4456.54,4457.23,4454.86,4456.50,1812
2026.01.08,03:08,4456.60,4458.85,4456.39,4458.57,1594
2026.01.08,03:09,4458.79,4459.76,4458.09,4459.11,1423
2026.01.08,03:10,4459.17,4460.37,4458.51,4459.58,1021
2026.01.08,03:11,4459.50,4460.30,4459.17,4460.04,840
2026.01.08,03:12,4460.04,4460.09,4457.42,4457.89,995
2026.01.08,03:13,4457.91,4458.24,4456.10,4457.86,996
2026.01.08,03:14,4457.79,4458.10,4455.49,4457.04,531
2026.01.08,03:15,4457.03,4457.91,4454.69,4455.42,813
2026.01.08,03:16,4455.47,4456.87,4454.73,4454.79,766
2026.01.08,03:17,4455.02,4455.95,4454.67,4455.50,698
2026.01.08,03:18,4455.51,4458.90,4455.04,4457.57,1270
2026.01.08,03:19,4457.62,4458.80,4457.02,4458.30,1248
2026.01.08,03:20,4458.29,4459.10,4457.18,4457.33,1367
2026.01.08,03:21,4457.34,4459.87,4457.20,4459.34,1656
2026.01.08,03:22,4459.37,4459.79,4458.34,4458.83,1111
2026.01.08,03:23,4458.84,4460.48,4458.19,4458.55,1049
2026.01.08,03:24,4458.46,4459.86,4456.80,4457.47,1547
2026.01.08,03:25,4457.49,4457.64,4454.41,4454.97,1401
2026.01.08,03:26,4454.96,4458.46,4454.36,4456.52,1073
2026.01.08,03:27,4456.51,4457.78,4455.36,4455.96,826
2026.01.08,03:28,4456.01,4456.80,4454.49,4455.87,787
2026.01.08,03:29,4455.82,4455.86,4454.42,4455.18,685
2026.01.08,03:30,4455.08,4455.76,4454.09,4454.91,486
2026.01.08,03:31,4454.88,4456.42,4454.57,4456.35,562
2026.01.08,03:32,4456.37,4457.60,4454.60,4455.05,931
2026.01.08,03:33,4455.06,4455.54,4450.73,4452.32,1009
2026.01.08,03:34,4452.36,4452.99,4450.67,4451.94,889
2026.01.08,03:35,4451.95,4454.19,4451.82,4453.31,1229
2026.01.08,03:36,4453.30,4453.48,4450.75,4450.84,1148
2026.01.08,03:37,4450.81,4452.62,4450.79,4452.38,486
2026.01.08,03:38,4452.43,4454.23,4452.13,4453.40,946
2026.01.08,03:39,4453.41,4455.96,4453.41,4455.67,1554
2026.01.08,03:40,4455.68,4456.29,4449.17,4449.74,624
2026.01.08,03:41,4449.78,4450.45,4448.73,4449.99,530
2026.01.08,03:42,4450.10,4450.22,4447.88,4448.40,1303
2026.01.08,03:43,4448.45,4448.71,4447.35,4447.51,992
2026.01.08,03:44,4447.52,4448.62,4446.01,4447.69,776
2026.01.08,03:45,4447.73,4448.40,4445.22,4445.55,1319
2026.01.08,03:46,4445.54,4445.79,4442.88,4444.81,1476
2026.01.08,03:47,4444.80,4447.27,4444.56,4446.60,802
2026.01.08,03:48,4446.43,4448.60,4446.43,4447.90,784
2026.01.08,03:49,4447.87,4448.38,4447.18,4447.64,686
2026.01.08,03:50,4447.63,4447.72,4445.84,4446.19,788
2026.01.08,03:51,4446.20,4446.83,4445.32,4445.76,862
2026.01.08,03:52,4445.75,4446.15,4444.65,4446.04,1305
2026.01.08,03:53,4446.06,4447.87,4446.06,4447.37,533
2026.01.08,03:54,4447.45,4447.45,4443.86,4444.27,694
2026.01.08,03:55,4444.26,4446.15,4441.45,4444.66,1134
2026.01.08,03:56,4444.58,4445.70,4444.43,4444.87,398
2026.01.08,03:57,4444.82,4447.12,4444.82,4446.81,613
2026.01.08,03:58,4446.88,4448.11,4445.63,4445.90,532
2026.01.08,03:59,4445.84,4448.46,4445.84,4448.41,528
2026.01.08,04:00,4448.38,4448.53,4445.18,4445.40,869
2026.01.08,04:01,4445.41,4449.66,4445.41,4449.12,675
2026.01.08,04:02,4448.97,4449.36,4447.58,4448.02,684
2026.01.08,04:03,4448.05,4448.12,4446.04,4446.78,624
2026.01.08,04:04,4446.85,4446.85,4442.12,4443.13,1560
2026.01.08,04:05,4443.08,4443.29,4439.97,4441.63,1071
2026.01.08,04:06,4441.67,4444.99,4441.14,4443.54,646
2026.01.08,04:07,4443.62,4446.97,4443.62,4446.47,514
2026.01.08,04:08,4446.45,4448.46,4446.41,4448.20,394
2026.01.08,04:09,4448.19,4448.34,4447.06,4447.42,759
2026.01.08,04:10,4447.44,4448.73,4447.08,4447.21,697
2026.01.08,04:11,4447.19,4448.41,4447.19,4448.22,308
2026.01.08,04:12,4448.19,4448.20,4447.12,4447.76,303
2026.01.08,04:13,4447.77,4447.85,4445.78,4446.15,340
2026.01.08,04:14,4446.13,4447.33,4446.08,4446.45,427
2026.01.08,04:15,4446.43,4446.77,4444.74,4444.96,562
2026.01.08,04:16,4445.01,4446.32,4444.99,4445.41,326
2026.01.08,04:17,4445.43,4446.45,4445.23,4446.24,317
2026.01.08,04:18,4446.27,4446.45,4443.93,4444.54,562
2026.01.08,04:19,4444.51,4445.32,4442.68,4443.24,854
2026.01.08,04:20,4443.38,4443.45,4442.08,4443.15,584
2026.01.08,04:21,4443.26,4443.45,4441.01,4441.42,647
2026.01.08,04:22,4441.39,4443.58,4441.00,4443.31,523
2026.01.08,04:23,4443.30,4443.45,4441.43,4442.24,310
2026.01.08,04:24,4442.25,4442.72,4441.67,4442.47,237
2026.01.08,04:25,4442.40,4443.25,4442.38,4443.24,198
2026.01.08,04:26,4443.24,4444.08,4442.22,4442.61,299
2026.01.08,04:27,4442.56,4443.51,4442.33,4443.12,237
2026.01.08,04:28,4443.10,4443.42,4441.07,4441.54,512
2026.01.08,04:29,4441.53,4442.25,4440.76,4441.29,2285
2026.01.08,04:30,4441.28,4441.34,4437.86,4439.73,1048
2026.01.08,04:31,4439.69,4440.38,4437.75,4438.94,717
2026.01.08,04:32,4439.05,4440.10,4437.83,4438.76,752
2026.01.08,04:33,4438.82,4440.00,4435.41,4435.67,851
2026.01.08,04:34,4435.60,4438.28,4435.55,4436.73,1183
2026.01.08,04:35,4436.80,4438.55,4436.05,4437.85,1569
2026.01.08,04:36,4437.79,4439.11,4435.81,4435.97,1000
2026.01.08,04:37,4435.94,4435.95,4433.25,4434.98,1518
2026.01.08,04:38,4434.88,4437.84,4433.83,4437.84,1127
2026.01.08,04:39,4437.96,4440.26,4437.73,4438.84,1376
2026.01.08,04:40,4438.87,4441.04,4438.17,4440.91,1159
2026.01.08,04:41,4440.93,4441.80,4440.33,4441.33,436
2026.01.08,04:42,4441.35,4442.18,4440.41,4441.07,386
2026.01.08,04:43,4441.21,4442.74,4440.59,4442.42,473
2026.01.08,04:44,4442.39,4442.86,4441.58,4442.17,389
2026.01.08,04:45,4442.14,4443.26,4441.29,4443.06,614
2026.01.08,04:46,4443.12,4444.33,4442.63,4442.89,778
2026.01.08,04:47,4442.94,4443.22,4441.27,4442.36,828
2026.01.08,04:48,4442.35,4442.44,4439.00,4439.34,1761
2026.01.08,04:49,4439.28,4439.43,4437.33,4437.67,2237
2026.01.08,04:50,4437.68,4441.15,4437.53,4441.10,1222
2026.01.08,04:51,4441.09,4441.61,4440.27,4441.18,892
2026.01.08,04:52,4441.21,4442.67,4441.21,4442.33,530
2026.01.08,04:53,4442.29,4443.39,4441.94,4442.92,848
2026.01.08,04:54,4442.89,4443.48,4441.15,4441.42,478
2026.01.08,04:55,4441.39,4441.51,4438.60,4439.89,1018
2026.01.08,04:56,4439.79,4442.44,4439.10,4442.30,1019
2026.01.08,04:57,4442.30,4443.40,4442.28,4443.03,396
2026.01.08,04:58,4443.01,4443.64,4442.03,4443.30,790
2026.01.08,04:59,4443.27,4443.86,4440.85,4441.26,799
2026.01.08,05:00,4441.29,4442.26,4440.18,4441.96,551
2026.01.08,05:01,4441.93,4442.53,4439.80,4439.93,588
2026.01.08,05:02,4439.84,4442.35,4439.06,4442.14,371
2026.01.08,05:03,4442.05,4442.78,4441.12,4441.76,496
2026.01.08,05:04,4441.77,4442.87,4440.95,4441.43,286
2026.01.08,05:05,4441.42,4442.01,4440.38,4441.13,624
2026.01.08,05:06,4441.17,4441.17,4438.94,4440.77,927
2026.01.08,05:07,4440.81,4441.74,4438.81,4439.93,1578
2026.01.08,05:08,4439.91,4443.36,4439.91,4442.13,1793
2026.01.08,05:09,4442.28,4444.03,4441.93,4442.42,775
2026.01.08,05:10,4442.38,4444.15,4441.52,4443.86,1101
2026.01.08,05:11,4443.90,4445.32,4443.59,4445.00,1029
2026.01.08,05:12,4445.01,4445.95,4443.87,4444.19,1060
2026.01.08,05:13,4444.19,4445.52,4442.01,4442.01,689
2026.01.08,05:14,4442.00,4442.91,4440.74,4442.52,1138
2026.01.08,05:15,4442.57,4442.62,4438.24,4438.29,597
2026.01.08,05:16,4438.25,4439.91,4437.61,4438.73,704
2026.01.08,05:17,4438.58,4439.09,4437.29,4438.28,795
2026.01.08,05:18,4438.36,4439.92,4436.98,4438.44,658
2026.01.08,05:19,4438.35,4441.80,4438.35,4441.23,620
2026.01.08,05:20,4441.19,4442.34,4440.85,4442.06,594
2026.01.08,05:21,4442.05,4444.24,4442.05,4443.98,834
2026.01.08,05:22,4443.93,4444.81,4443.17,4444.01,812
2026.01.08,05:23,4443.97,4444.25,4443.04,4443.82,724
2026.01.08,05:24,4443.85,4444.24,4442.61,4443.48,677
2026.01.08,05:25,4443.47,4444.48,4443.07,4444.17,850
2026.01.08,05:26,4444.16,4445.91,4443.67,4445.58,553
2026.01.08,05:27,4445.59,4445.78,4444.34,4444.66,832
2026.01.08,05:28,4444.65,4445.06,4443.88,4444.33,1034
2026.01.08,05:29,4444.32,4444.88,4443.70,4444.14,727
2026.01.08,05:30,4444.16,4444.61,4443.43,4444.39,445
2026.01.08,05:31,4444.34,4446.55,4443.72,4444.78,767
2026.01.08,05:32,4444.79,4445.80,4444.48,4444.49,707
2026.01.08,05:33,4444.48,4444.83,4443.94,4443.98,317
2026.01.08,05:34,4443.89,4444.55,4443.23,4443.41,369
2026.01.08,05:35,4443.40,4443.41,4442.10,4442.19,171
2026.01.08,05:36,4442.15,4442.16,4440.35,4441.30,169
2026.01.08,05:37,4441.33,4441.33,4440.21,4440.36,158
2026.01.08,05:38,4440.44,4441.01,4440.25,4440.73,134
2026.01.08,05:39,4440.77,4440.77,4439.96,4440.69,256
2026.01.08,05:40,4440.89,4442.13,4440.57,4441.41,327
2026.01.08,05:41,4441.43,4441.45,4440.63,4441.22,209
2026.01.08,05:42,4441.21,4441.78,4441.10,4441.65,392
2026.01.08,05:43,4441.53,4442.40,4441.02,4441.50,366
2026.01.08,05:44,4441.49,4442.07,4441.07,4442.04,391
2026.01.08,05:45,4442.03,4442.03,4440.85,4441.23,235
2026.01.08,05:46,4441.20,4442.37,4440.80,4441.91,340
2026.01.08,05:47,4441.91,4442.79,4441.79,4442.08,591
2026.01.08,05:48,4442.20,4442.79,4442.12,4442.55,972
2026.01.08,05:49,4442.52,4442.68,4441.80,4442.08,509
2026.01.08,05:50,4442.07,4442.65,4441.03,4442.56,1177
2026.01.08,05:51,4442.53,4442.65,4440.32,4440.54,1026
2026.01.08,05:52,4440.55,4441.49,4440.50,4440.75,1256
2026.01.08,05:53,4440.81,4441.12,4439.66,4439.93,583
2026.01.08,05:54,4439.95,4440.41,4439.10,4440.14,543
2026.01.08,05:55,4440.12,4440.41,4438.82,4439.23,578
2026.01.08,05:56,4439.24,4439.24,4438.11,4438.88,357
2026.01.08,05:57,4438.98,4440.62,4438.68,4440.43,373
2026.01.08,05:58,4440.36,4441.08,4440.07,4440.26,439
2026.01.08,05:59,4440.25,4440.88,4439.71,4440.17,578
2026.01.08,06:00,4440.18,4440.23,4438.33,4438.47,521
2026.01.08,06:01,4438.43,4439.17,4437.47,4437.74,523
2026.01.08,06:02,4437.81,4438.39,4437.19,4437.84,312
2026.01.08,06:03,4437.86,4438.55,4437.08,4437.45,480
2026.01.08,06:04,4437.41,4438.13,4437.27,4438.13,423
2026.01.08,06:05,4438.06,4439.00,4438.06,4438.62,220
2026.01.08,06:06,4438.64,4438.86,4437.95,4437.95,210
2026.01.08,06:07,4437.97,4438.89,4436.68,4438.45,417
2026.01.08,06:08,4438.43,4438.70,4437.65,4438.60,419
2026.01.08,06:09,4438.57,4438.61,4437.90,4438.36,199
2026.01.08,06:10,4438.39,4438.71,4437.97,4438.21,258
2026.01.08,06:11,4438.20,4439.08,4438.12,4438.74,140
2026.01.08,06:12,4438.76,4439.03,4437.83,4438.46,150
2026.01.08,06:13,4438.47,4439.46,4437.92,4439.04,264
2026.01.08,06:14,4439.21,4440.36,4439.13,4440.06,233
2026.01.08,06:15,4440.03,4440.06,4439.52,4439.63,188
2026.01.08,06:16,4439.62,4440.06,4439.41,4439.73,212
2026.01.08,06:17,4439.71,4440.14,4439.37,4439.88,191
2026.01.08,06:18,4439.89,4439.90,4439.17,4439.73,133
2026.01.08,06:19,4439.73,4440.50,4439.62,4440.19,156
2026.01.08,06:20,4440.18,4440.23,4439.41,4439.72,178
2026.01.08,06:21,4439.76,4440.08,4438.88,4438.90,196
2026.01.08,06:22,4438.63,4438.77,4437.49,4438.18,460
2026.01.08,06:23,4438.17,4438.24,4437.94,4437.98,130
2026.01.08,06:24,4437.93,4437.99,4436.79,4436.88,561
2026.01.08,06:25,4436.91,4437.80,4436.55,4437.66,904
2026.01.08,06:26,4437.70,4439.23,4437.47,4438.64,512
2026.01.08,06:27,4438.65,4439.09,4438.07,4439.09,390
2026.01.08,06:28,4439.14,4439.49,4436.81,4437.07,534
2026.01.08,06:29,4437.16,4437.95,4436.54,4436.74,188
2026.01.08,06:30,4436.77,4437.41,4435.95,4435.95,207
2026.01.08,06:31,4435.94,4436.31,4435.72,4436.23,218
2026.01.08,06:32,4436.20,4436.60,4435.65,4435.71,277
2026.01.08,06:33,4435.69,4438.36,4435.44,4437.66,513
2026.01.08,06:34,4437.67,4438.82,4437.67,4438.41,250
2026.01.08,06:35,4438.23,4438.31,4436.15,4436.28,391
2026.01.08,06:36,4436.27,4436.39,4434.55,4435.06,444
2026.01.08,06:37,4435.05,4435.72,4434.52,4434.79,329
2026.01.08,06:38,4434.77,4435.18,4434.30,4434.63,257
2026.01.08,06:39,4434.57,4435.37,4434.43,4434.62,219
2026.01.08,06:40,4434.59,4435.46,4434.27,4434.90,328
2026.01.08,06:41,4434.84,4435.32,4434.09,4434.25,336
2026.01.08,06:42,4434.29,4434.57,4433.76,4433.89,348
2026.01.08,06:43,4433.92,4433.98,4432.87,4432.99,344
2026.01.08,06:44,4433.00,4433.45,4431.90,4432.01,532
2026.01.08,06:45,4432.04,4432.52,4431.05,4432.12,637
2026.01.08,06:46,4432.18,4432.66,4430.68,4431.64,690
2026.01.08,06:47,4431.73,4431.79,4430.46,4430.77,303
2026.01.08,06:48,4430.79,4431.54,4430.28,4430.62,431
2026.01.08,06:49,4430.64,4431.47,4430.35,4431.04,360
2026.01.08,06:50,4431.06,4431.23,4430.19,4430.68,353
2026.01.08,06:51,4430.82,4432.08,4430.65,4431.75,332
2026.01.08,06:52,4431.88,4431.97,4429.98,4430.86,643
2026.01.08,06:53,4430.80,4431.05,4430.14,4430.33,392
2026.01.08,06:54,4430.32,4433.45,4430.32,4432.74,486
2026.01.08,06:55,4432.73,4432.94,4430.57,4431.09,457
2026.01.08,06:56,4431.16,4432.61,4430.95,4432.42,442
2026.01.08,06:57,4432.40,4432.71,4431.99,4432.32,297
2026.01.08,06:58,4432.48,4432.88,4431.71,4431.85,347
2026.01.08,06:59,4431.84,4432.26,4431.49,4431.55,283
2026.01.08,07:00,4431.59,4431.62,4430.47,4431.16,466
2026.01.08,07:01,4431.06,4431.88,4431.06,4431.65,309
2026.01.08,07:02,4431.64,4432.45,4430.23,4430.49,644
2026.01.08,07:03,4430.58,4431.08,4430.27,4430.87,335
2026.01.08,07:04,4430.84,4430.85,4429.99,4430.11,513
2026.01.08,07:05,4430.10,4430.34,4427.34,4428.55,553
2026.01.08,07:06,4428.58,4429.20,4427.09,4427.78,502
2026.01.08,07:07,4427.79,4429.41,4427.76,4429.30,472
2026.01.08,07:08,4429.37,4430.10,4427.98,4428.06,633
2026.01.08,07:09,4428.10,4428.73,4427.23,4427.69,805
2026.01.08,07:10,4427.68,4428.82,4427.14,4427.55,599
2026.01.08,07:11,4427.61,4428.99,4426.52,4427.00,553
2026.01.08,07:12,4427.00,4427.71,4426.31,4427.06,488
2026.01.08,07:13,4427.05,4427.90,4425.72,4427.74,774
2026.01.08,07:14,4427.83,4428.31,4427.02,4427.28,651
2026.01.08,07:15,4427.27,4427.27,4425.34,4425.66,586
2026.01.08,07:16,4425.49,4426.03,4422.46,4425.74,758
2026.01.08,07:17,4425.72,4427.80,4424.82,4426.42,817
2026.01.08,07:18,4426.40,4426.84,4424.90,4425.09,364
2026.01.08,07:19,4425.10,4426.38,4424.41,4426.33,319
2026.01.08,07:20,4426.32,4427.25,4425.54,4426.82,601
2026.01.08,07:21,4426.74,4428.40,4425.70,4428.09,340
2026.01.08,07:22,4428.13,4429.38,4427.99,4429.02,279
2026.01.08,07:23,4428.91,4429.58,4428.58,4429.31,256
2026.01.08,07:24,4429.30,4429.30,4428.57,4428.58,230
2026.01.08,07:25,4428.49,4428.64,4426.41,4426.98,468
2026.01.08,07:26,4426.95,4427.49,4425.43,4426.48,478
2026.01.08,07:27,4426.52,4426.52,4424.58,4425.26,418
2026.01.08,07:28,4425.24,4426.18,4423.81,4423.81,367
2026.01.08,07:29,4423.91,4426.26,4423.84,4425.88,470
2026.01.08,07:30,4425.87,4427.01,4419.96,4424.70,1107
2026.01.08,07:31,4424.68,4424.68,4421.74,4423.58,1235
2026.01.08,07:32,4423.39,4424.30,4419.67,4420.83,1212
2026.01.08,07:33,4421.02,4422.18,4419.63,4420.96,1026
2026.01.08,07:34,4420.97,4423.21,4419.35,4422.91,769
2026.01.08,07:35,4422.90,4423.09,4420.29,4420.86,839
2026.01.08,07:36,4420.92,4426.07,4420.40,4425.70,1055
2026.01.08,07:37,4425.58,4426.04,4422.16,4422.50,856
2026.01.08,07:38,4422.55,4423.24,4420.70,4422.07,1049
2026.01.08,07:39,4422.24,4424.98,4422.01,4424.38,831
2026.01.08,07:40,4424.41,4426.21,4423.89,4426.12,711
2026.01.08,07:41,4426.12,4426.32,4419.96,4421.06,809
2026.01.08,07:42,4421.08,4421.39,4419.25,4419.81,1039
2026.01.08,07:43,4420.00,4420.78,4416.44,4417.32,872
2026.01.08,07:44,4417.35,4418.92,4415.66,4418.58,814
2026.01.08,07:45,4418.57,4419.96,4415.33,4419.04,1111
2026.01.08,07:46,4419.05,4422.04,4418.57,4420.41,943
2026.01.08,07:47,4420.35,4423.05,4420.35,4421.23,991
2026.01.08,07:48,4421.29,4421.93,4420.79,4421.46,592
2026.01.08,07:49,4421.43,4422.99,4420.90,4421.06,959
2026.01.08,07:50,4421.06,4422.35,4420.54,4421.05,642
2026.01.08,07:51,4421.11,4421.80,4418.79,4419.41,735
2026.01.08,07:52,4419.56,4421.38,4418.89,4419.44,712
2026.01.08,07:53,4419.59,4420.98,4418.10,4418.53,786
2026.01.08,07:54,4418.52,4419.32,4417.82,4418.92,621
2026.01.08,07:55,4418.98,4423.70,4418.96,4423.46,629
2026.01.08,07:56,4423.41,4426.16,4423.41,4426.16,579
2026.01.08,07:57,4426.18,4427.47,4425.83,4427.12,470
2026.01.08,07:58,4427.11,4427.64,4425.70,4425.84,687
2026.01.08,07:59,4425.87,4426.16,4424.10,4425.42,501
2026.01.08,08:00,4425.41,4429.43,4422.02,4428.07,1641
2026.01.08,08:01,4428.03,4428.68,4427.28,4427.83,594
2026.01.08,08:02,4427.82,4428.02,4426.56,4427.53,628
2026.01.08,08:03,4427.51,4427.99,4424.24,4424.24,1009
2026.01.08,08:04,4424.30,4424.30,4418.17,4419.09,661
2026.01.08,08:05,4419.02,4421.44,4416.59,4416.80,734
2026.01.08,08:06,4416.75,4419.00,4415.52,4418.30,1248
2026.01.08,08:07,4418.30,4420.00,4416.60,4419.80,1157
2026.01.08,08:08,4419.86,4421.04,4418.17,4418.74,618
2026.01.08,08:09,4418.73,4420.63,4418.14,4419.23,560
2026.01.08,08:10,4419.16,4422.30,4419.07,4421.08,808
2026.01.08,08:11,4419.86,4421.90,4418.72,4421.87,741
2026.01.08,08:12,4421.80,4422.80,4420.63,4421.18,880
2026.01.08,08:13,4421.41,4422.40,4420.17,4421.09,959
2026.01.08,08:14,4421.04,4422.19,4420.11,4420.92,997
2026.01.08,08:15,4420.93,4424.37,4420.30,4423.40,1003
2026.01.08,08:16,4423.40,4424.05,4420.95,4421.38,1065
2026.01.08,08:17,4421.41,4422.30,4418.25,4420.14,1372
2026.01.08,08:18,4420.05,4424.00,4419.88,4422.74,1071
2026.01.08,08:19,4422.82,4423.01,4421.21,4421.57,546
2026.01.08,08:20,4421.58,4423.53,4419.36,4422.98,1234
2026.01.08,08:21,4423.03,4425.30,4422.99,4424.55,1108
2026.01.08,08:22,4424.47,4425.34,4424.07,4424.94,773
2026.01.08,08:23,4424.83,4425.29,4422.54,4423.00,713
2026.01.08,08:24,4422.99,4425.65,4422.95,4425.16,584
2026.01.08,08:25,4425.18,4428.04,4425.06,4427.79,491
2026.01.08,08:26,4427.78,4428.28,4425.57,4426.09,675
2026.01.08,08:27,4426.17,4426.69,4425.32,4425.70,873
2026.01.08,08:28,4425.76,4427.12,4425.43,4425.70,644
2026.01.08,08:29,4425.90,4426.44,4425.09,4426.13,595
2026.01.08,08:30,4426.15,4428.66,4426.15,4428.64,615
2026.01.08,08:31,4428.65,4431.14,4428.65,4430.68,569
2026.01.08,08:32,4430.65,4433.56,4430.55,4433.09,857
2026.01.08,08:33,4433.11,4435.01,4432.88,4435.00,995
2026.01.08,08:34,4434.99,4434.99,4431.37,4431.65,618
2026.01.08,08:35,4431.65,4434.45,4431.65,4433.26,605
2026.01.08,08:36,4433.24,4436.48,4433.22,4435.07,400
2026.01.08,08:37,4435.07,4435.90,4434.46,4435.39,516
2026.01.08,08:38,4435.38,4437.38,4435.12,4437.08,469
2026.01.08,08:39,4437.01,4437.58,4434.66,4434.68,357
2026.01.08,08:40,4434.76,4435.86,4434.26,4435.55,637
2026.01.08,08:41,4435.51,4436.55,4434.46,4434.93,598
2026.01.08,08:42,4434.92,4435.00,4433.74,4434.56,318
2026.01.08,08:43,4434.57,4435.81,4434.37,4434.58,427
2026.01.08,08:44,4434.56,4436.59,4434.22,4435.66,404
2026.01.08,08:45,4435.64,4436.24,4431.28,4431.52,595
2026.01.08,08:46,4431.51,4433.38,4431.39,4431.98,765
2026.01.08,08:47,4431.93,4433.81,4429.83,4433.56,1216
2026.01.08,08:48,4433.48,4434.62,4431.95,4432.65,867
2026.01.08,08:49,4432.82,4433.95,4432.76,4433.77,678
2026.01.08,08:50,4433.71,4434.36,4432.49,4433.02,759
2026.01.08,08:51,4433.04,4433.82,4431.87,4433.61,591
2026.01.08,08:52,4433.58,4433.73,4432.65,4433.25,491
2026.01.08,08:53,4433.23,4434.50,4432.48,4433.86,948
2026.01.08,08:54,4433.85,4435.43,4433.83,4435.09,1148
2026.01.08,08:55,4435.14,4435.42,4433.98,4434.21,1166
2026.01.08,08:56,4434.07,4435.95,4434.07,4435.76,1108
2026.01.08,08:57,4435.72,4435.75,4434.53,4434.63,980
2026.01.08,08:58,4434.61,4435.48,4433.95,4434.94,834
2026.01.08,08:59,4434.99,4434.99,4433.10,4433.36,487
2026.01.08,09:00,4433.41,4435.31,4433.11,4434.62,825
2026.01.08,09:01,4434.70,4436.20,4432.45,4432.99,622
2026.01.08,09:02,4433.01,4434.51,4432.13,4434.14,834
2026.01.08,09:03,4434.22,4434.86,4433.24,4434.04,1063
2026.01.08,09:04,4434.01,4434.01,4432.43,4432.70,755
2026.01.08,09:05,4432.68,4434.45,4432.12,4434.35,524
2026.01.08,09:06,4434.37,4435.48,4433.85,4434.97,323
2026.01.08,09:07,4434.96,4435.68,4434.58,4435.63,418
2026.01.08,09:08,4435.65,4438.55,4435.65,4438.01,588
2026.01.08,09:09,4437.99,4439.23,4437.61,4437.82,591
2026.01.08,09:10,4437.76,4438.47,4437.28,4437.80,558
2026.01.08,09:11,4437.75,4440.01,4437.37,4437.62,578
2026.01.08,09:12,4437.61,4437.91,4436.50,4437.69,423
2026.01.08,09:13,4437.73,4438.34,4436.94,4437.08,366
2026.01.08,09:14,4437.09,4437.82,4435.18,4435.76,464
2026.01.08,09:15,4435.65,4435.89,4434.01,4434.49,603
2026.01.08,09:16,4434.63,4435.27,4433.21,4435.09,818
2026.01.08,09:17,4435.12,4435.60,4434.22,4434.77,476
2026.01.08,09:18,4434.75,4434.97,4433.20,4433.57,628
2026.01.08,09:19,4433.55,4434.62,4432.78,4434.46,457
2026.01.08,09:20,4434.51,4435.27,4434.43,4435.12,360
2026.01.08,09:21,4435.11,4435.75,4434.07,4434.77,440
2026.01.08,09:22,4434.76,4435.45,4433.23,4433.29,455
2026.01.08,09:23,4433.13,4433.79,4431.87,4433.48,422
2026.01.08,09:24,4433.46,4434.25,4433.27,4433.72,453
2026.01.08,09:25,4433.95,4434.03,4430.93,4432.93,900
2026.01.08,09:26,4433.01,4433.78,4430.57,4433.18,1301
2026.01.08,09:27,4433.18,4434.25,4432.51,4433.63,419
2026.01.08,09:28,4433.60,4434.07,4433.23,4433.91,300
2026.01.08,09:29,4433.85,4436.88,4433.25,4436.38,351
2026.01.08,09:30,4436.23,4436.79,4435.09,4435.18,584
2026.01.08,09:31,4435.16,4435.16,4432.32,4432.62,476
2026.01.08,09:32,4432.61,4433.99,4432.13,4433.78,371
2026.01.08,09:33,4433.80,4435.48,4433.67,4433.81,287
2026.01.08,09:34,4433.76,4434.28,4432.81,4433.99,188
2026.01.08,09:35,4433.96,4435.03,4433.68,4433.68,255
2026.01.08,09:36,4433.51,4434.63,4433.51,4434.53,269
2026.01.08,09:37,4434.52,4435.15,4433.91,4435.01,261
2026.01.08,09:38,4434.99,4435.24,4432.89,4432.89,297
2026.01.08,09:39,4432.90,4433.95,4432.36,4432.61,334
2026.01.08,09:40,4432.60,4434.71,4430.74,4434.35,924
2026.01.08,09:41,4434.38,4434.81,4432.13,4434.19,453
2026.01.08,09:42,4434.10,4434.10,4432.77,4433.35,218
2026.01.08,09:43,4433.30,4433.55,4432.26,4432.76,171
2026.01.08,09:44,4432.74,4433.24,4431.00,4431.41,296
2026.01.08,09:45,4431.35,4432.70,4430.10,4432.70,489
2026.01.08,09:46,4432.71,4432.71,4430.56,4431.09,441
2026.01.08,09:47,4431.14,4432.30,4430.40,4431.97,291
2026.01.08,09:48,4431.98,4432.00,4428.45,4428.83,414
2026.01.08,09:49,4428.85,4429.66,4428.44,4429.44,458
2026.01.08,09:50,4429.49,4430.66,4429.27,4429.69,340
2026.01.08,09:51,4429.68,4430.10,4428.49,4429.27,558
2026.01.08,09:52,4429.29,4431.49,4429.18,4430.78,252
2026.01.08,09:53,4430.79,4431.72,4430.38,4431.58,254
2026.01.08,09:54,4431.60,4433.12,4431.26,4432.66,417
2026.01.08,09:55,4432.67,4432.72,4431.43,4432.36,566
2026.01.08,09:56,4432.27,4433.80,4431.68,4432.68,706
2026.01.08,09:57,4432.67,4432.69,4431.61,4431.64,506
2026.01.08,09:58,4431.65,4432.85,4431.14,4431.61,422
2026.01.08,09:59,4431.62,4431.85,4430.66,4430.95,645
2026.01.08,10:00,4430.90,4431.85,4430.14,4430.43,397
2026.01.08,10:01,4430.42,4430.62,4428.47,4429.82,780
2026.01.08,10:02,4429.85,4430.07,4427.93,4429.11,663
2026.01.08,10:03,4429.16,4430.20,4426.76,4428.12,656
2026.01.08,10:04,4428.07,4429.04,4425.61,4425.72,438
2026.01.08,10:05,4425.70,4429.86,4425.51,4428.89,572
2026.01.08,10:06,4428.91,4429.38,4427.64,4428.67,534
2026.01.08,10:07,4428.66,4428.76,4427.64,4427.67,663
2026.01.08,10:08,4427.65,4429.03,4427.56,4428.43,384
2026.01.08,10:09,4428.32,4432.43,4428.32,4432.40,533
2026.01.08,10:10,4432.39,4433.00,4431.32,4432.06,747
2026.01.08,10:11,4432.13,4433.24,4430.21,4430.23,680
2026.01.08,10:12,4430.02,4430.02,4428.88,4428.89,299
2026.01.08,10:13,4428.90,4428.92,4427.37,4428.57,425
2026.01.08,10:14,4428.56,4428.56,4425.63,4425.74,357
2026.01.08,10:15,4425.73,4427.33,4425.33,4426.71,550
2026.01.08,10:16,4426.62,4430.51,4426.32,4430.03,578
2026.01.08,10:17,4430.01,4430.72,4429.85,4430.01,463
2026.01.08,10:18,4430.00,4430.29,4428.73,4429.79,334
2026.01.08,10:19,4429.79,4429.89,4428.58,4428.91,307
2026.01.08,10:20,4428.86,4430.08,4428.25,4430.01,468
2026.01.08,10:21,4429.99,4430.55,4428.95,4429.35,321
2026.01.08,10:22,4429.38,4429.80,4429.24,4429.53,195
2026.01.08,10:23,4429.63,4429.63,4428.00,4428.08,230
2026.01.08,10:24,4428.13,4428.13,4427.10,4427.18,256
2026.01.08,10:25,4427.12,4428.59,4426.41,4428.02,331
2026.01.08,10:26,4428.01,4428.57,4427.03,4428.04,248
2026.01.08,10:27,4428.02,4429.67,4427.32,4429.50,454
2026.01.08,10:28,4429.53,4430.22,4428.68,4429.04,312
2026.01.08,10:29,4428.95,4429.11,4426.46,4426.90,369
2026.01.08,10:30,4426.89,4428.62,4426.57,4427.66,282
2026.01.08,10:31,4427.69,4427.93,4426.38,4426.72,236
2026.01.08,10:32,4426.75,4427.03,4426.10,4426.17,255
2026.01.08,10:33,4426.19,4426.42,4423.81,4424.35,470
2026.01.08,10:34,4424.54,4424.89,4423.36,4424.48,532
2026.01.08,10:35,4424.24,4424.29,4421.82,4422.18,691
2026.01.08,10:36,4422.13,4424.15,4421.41,4424.01,643
2026.01.08,10:37,4423.88,4424.56,4422.35,4422.63,796
2026.01.08,10:38,4422.66,4422.66,4421.18,4421.91,576
2026.01.08,10:39,4421.88,4422.23,4420.55,4421.18,722
2026.01.08,10:40,4421.06,4423.98,4420.63,4422.80,739
2026.01.08,10:41,4423.01,4423.27,4422.22,4422.73,526
2026.01.08,10:42,4422.54,4422.88,4422.27,4422.39,333
2026.01.08,10:43,4422.38,4422.66,4419.79,4420.34,776
2026.01.08,10:44,4420.37,4422.11,4419.86,4421.12,959
2026.01.08,10:45,4421.11,4424.44,4421.02,4424.07,1003
2026.01.08,10:46,4424.05,4424.22,4420.99,4421.72,1226
2026.01.08,10:47,4421.66,4423.67,4421.36,4423.58,752
2026.01.08,10:48,4423.56,4423.63,4421.96,4423.54,587
2026.01.08,10:49,4423.57,4424.20,4423.09,4424.07,375
2026.01.08,10:50,4424.08,4425.64,4423.79,4424.38,516
2026.01.08,10:51,4424.37,4424.41,4422.55,4422.74,293
2026.01.08,10:52,4422.69,4423.55,4422.34,4423.06,438
2026.01.08,10:53,4423.09,4428.33,4422.85,4428.15,825
2026.01.08,10:54,4428.29,4428.45,4426.72,4427.63,573
2026.01.08,10:55,4427.64,4428.70,4425.82,4426.93,721
2026.01.08,10:56,4426.66,4430.63,4426.63,4430.63,958
2026.01.08,10:57,4430.60,4431.74,4430.58,4431.56,730
2026.01.08,10:58,4431.57,4432.95,4431.04,4431.59,758
2026.01.08,10:59,4431.62,4432.88,4431.56,4431.61,976
2026.01.08,11:00,4431.57,4434.71,4431.31,4434.70,764
2026.01.08,11:01,4434.68,4435.45,4434.18,4434.34,592
2026.01.08,11:02,4434.31,4435.29,4433.39,4435.20,520
2026.01.08,11:03,4435.23,4435.37,4432.64,4433.35,313
2026.01.08,11:04,4433.24,4433.29,4431.07,4431.30,451
2026.01.08,11:05,4431.33,4432.39,4430.86,4431.43,444
2026.01.08,11:06,4431.53,4432.88,4431.04,4432.57,466
2026.01.08,11:07,4432.56,4434.30,4432.34,4433.95,417
2026.01.08,11:08,4433.94,4434.70,4433.53,4434.59,453
2026.01.08,11:09,4434.52,4434.58,4432.68,4432.85,754
2026.01.08,11:10,4432.87,4433.00,4431.95,4432.65,543
2026.01.08,11:11,4432.69,4434.72,4432.14,4434.72,640
2026.01.08,11:12,4434.73,4435.03,4432.88,4433.11,714
2026.01.08,11:13,4433.13,4433.13,4430.59,4430.85,504
2026.01.08,11:14,4430.99,4431.43,4430.55,4430.85,990
2026.01.08,11:15,4430.88,4431.18,4429.45,4430.15,684
2026.01.08,11:16,4430.16,4430.83,4429.44,4429.91,719
2026.01.08,11:17,4430.18,4431.51,4428.60,4428.65,519
2026.01.08,11:18,4428.73,4429.31,4426.47,4426.48,489
2026.01.08,11:19,4426.48,4427.10,4426.10,4426.60,551
2026.01.08,11:20,4426.40,4428.90,4425.79,4427.85,529
2026.01.08,11:21,4427.86,4428.77,4427.33,4428.65,541
2026.01.08,11:22,4428.67,4429.25,4426.93,4427.55,414
2026.01.08,11:23,4427.48,4428.23,4426.81,4427.42,399
2026.01.08,11:24,4427.34,4428.49,4426.85,4427.78,319
2026.01.08,11:25,4427.71,4428.34,4427.45,4427.84,253
2026.01.08,11:26,4427.82,4429.34,4427.81,4429.08,412
2026.01.08,11:27,4429.01,4430.73,4429.01,4429.60,507
2026.01.08,11:28,4429.63,4431.11,4429.54,4430.05,675
2026.01.08,11:29,4430.08,4430.90,4430.03,4430.35,535
2026.01.08,11:30,4430.31,4431.01,4429.63,4430.32,442
2026.01.08,11:31,4430.33,4432.99,4430.32,4432.41,1207
2026.01.08,11:32,4432.55,4433.86,4432.55,4433.57,422
2026.01.08,11:33,4433.54,4434.00,4432.25,4433.87,335
2026.01.08,11:34,4433.86,4434.89,4433.52,4434.41,328
2026.01.08,11:35,4434.39,4434.42,4432.20,4432.90,301
2026.01.08,11:36,4432.91,4433.06,4431.70,4432.83,296
2026.01.08,11:37,4432.86,4434.25,4432.52,4432.59,524
2026.01.08,11:38,4432.66,4433.62,4432.39,4432.46,326
2026.01.08,11:39,4432.44,4433.12,4432.25,4432.55,176
2026.01.08,11:40,4432.73,4433.58,4432.39,4432.94,288
2026.01.08,11:41,4432.92,4434.72,4432.49,4434.32,538
2026.01.08,11:42,4434.18,4434.61,4432.67,4433.23,348
2026.01.08,11:43,4433.33,4434.13,4433.30,4433.59,285
2026.01.08,11:44,4433.60,4433.60,4432.64,4433.34,299
2026.01.08,11:45,4433.26,4433.42,4432.47,4432.52,218
2026.01.08,11:46,4432.46,4432.53,4430.68,4431.06,323
2026.01.08,11:47,4430.95,4431.73,4430.74,4430.81,297
2026.01.08,11:48,4430.79,4430.82,4429.03,4429.29,890
2026.01.08,11:49,4429.27,4431.15,4429.27,4430.90,678
2026.01.08,11:50,4430.88,4431.42,4430.16,4431.11,535
2026.01.08,11:51,4431.04,4432.14,4430.73,4430.91,705
2026.01.08,11:52,4430.92,4431.27,4430.40,4430.66,964
2026.01.08,11:53,4430.52,4431.38,4430.24,4431.02,465
2026.01.08,11:54,4431.00,4432.34,4430.93,4431.72,788
2026.01.08,11:55,4431.71,4433.30,4431.48,4432.92,1059
2026.01.08,11:56,4432.94,4433.40,4432.29,4433.04,689
2026.01.08,11:57,4433.03,4433.11,4432.23,4433.09,328
2026.01.08,11:58,4433.08,4433.19,4432.58,4432.90,186
2026.01.08,11:59,4432.91,4432.91,4431.87,4432.59,266
2026.01.08,12:00,4432.60,4432.66,4431.80,4432.09,236
2026.01.08,12:01,4432.05,4432.08,4430.91,4431.51,220
2026.01.08,12:02,4431.48,4432.06,4430.83,4431.71,219
2026.01.08,12:03,4431.70,4431.71,4430.52,4430.90,280
2026.01.08,12:04,4430.78,4430.96,4429.88,4430.02,512
2026.01.08,12:05,4430.07,4430.28,4428.31,4428.95,623
2026.01.08,12:06,4428.94,4429.82,4428.69,4429.55,486
2026.01.08,12:07,4429.53,4429.70,4427.87,4428.14,515
2026.01.08,12:08,4428.12,4429.15,4427.93,4428.41,502
2026.01.08,12:09,4428.39,4429.54,4428.37,4428.65,418
2026.01.08,12:10,4428.72,4429.16,4427.84,4428.80,474
2026.01.08,12:11,4428.79,4429.05,4427.43,4428.15,539
2026.01.08,12:12,4428.16,4428.89,4428.14,4428.44,404
2026.01.08,12:13,4428.45,4429.99,4428.05,4429.64,397
2026.01.08,12:14,4429.62,4429.77,4428.53,4429.23,310
2026.01.08,12:15,4429.22,4430.60,4428.90,4430.24,482
2026.01.08,12:16,4430.22,4430.28,4428.06,4428.08,624
2026.01.08,12:17,4428.06,4428.10,4426.47,4426.59,1145
2026.01.08,12:18,4426.61,4427.45,4425.60,4426.39,548
2026.01.08,12:19,4426.19,4426.34,4424.31,4424.35,324
2026.01.08,12:20,4424.36,4425.43,4422.98,4424.40,464
2026.01.08,12:21,4424.42,4424.59,4423.03,4423.92,452
2026.01.08,12:22,4423.93,4426.21,4423.37,4425.37,652
2026.01.08,12:23,4425.44,4426.24,4424.61,4425.86,642
2026.01.08,12:24,4425.90,4426.63,4425.42,4425.86,367
2026.01.08,12:25,4425.89,4426.48,4425.54,4426.13,559
2026.01.08,12:26,4426.07,4426.36,4425.37,4426.13,396
2026.01.08,12:27,4426.12,4427.48,4425.91,4427.23,419
2026.01.08,12:28,4427.23,4427.34,4423.72,4423.99,626
2026.01.08,12:29,4423.97,4425.06,4423.63,4424.58,483
2026.01.08,12:30,4424.59,4425.89,4423.47,4425.54,590
2026.01.08,12:31,4425.36,4427.80,4424.91,4427.64,572
2026.01.08,12:32,4427.62,4429.51,4426.97,4429.34,489
2026.01.08,12:33,4429.31,4431.46,4428.93,4431.13,528
2026.01.08,12:34,4431.12,4431.77,4430.78,4431.29,322
2026.01.08,12:35,4431.44,4431.68,4430.68,4431.61,287
2026.01.08,12:36,4431.63,4432.13,4430.53,4431.51,304
2026.01.08,12:37,4431.59,4432.11,4431.57,4432.10,246
2026.01.08,12:38,4432.20,4433.71,4432.20,4432.64,295
2026.01.08,12:39,4432.68,4432.78,4431.87,4432.14,243
2026.01.08,12:40,4432.16,4433.76,4432.14,4433.57,259
2026.01.08,12:41,4433.59,4433.82,4432.93,4433.37,421
2026.01.08,12:42,4433.39,4434.64,4432.00,4432.01,397
2026.01.08,12:43,4432.02,4432.70,4431.64,4432.40,216
2026.01.08,12:44,4432.39,4432.63,4432.13,4432.54,183
2026.01.08,12:45,4432.53,4432.54,4430.78,4431.65,283
2026.01.08,12:46,4431.58,4432.55,4430.86,4432.20,232
2026.01.08,12:47,4432.21,4433.10,4432.15,4432.30,184
2026.01.08,12:48,4432.32,4432.32,4430.99,4431.37,254
2026.01.08,12:49,4431.38,4432.03,4431.01,4431.20,292
2026.01.08,12:50,4431.23,4432.22,4430.41,4432.18,417
2026.01.08,12:51,4432.15,4432.19,4431.25,4431.73,257
2026.01.08,12:52,4431.60,4431.60,4430.58,4430.60,314
2026.01.08,12:53,4430.61,4431.07,4430.23,4430.86,165
2026.01.08,12:54,4430.85,4431.46,4430.70,4431.01,244
2026.01.08,12:55,4430.97,4431.02,4430.22,4430.58,161
2026.01.08,12:56,4430.46,4431.20,4429.94,4431.15,336
2026.01.08,12:57,4431.18,4432.23,4431.11,4431.30,317
2026.01.08,12:58,4431.31,4432.81,4431.26,4432.47,563
2026.01.08,12:59,4432.48,4433.81,4432.48,4433.18,381
2026.01.08,13:00,4433.02,4433.05,4431.10,4432.15,391
2026.01.08,13:01,4432.14,4432.62,4431.22,4431.28,345
2026.01.08,13:02,4431.35,4431.92,4431.22,4431.79,156
2026.01.08,13:03,4431.70,4431.97,4430.95,4431.21,295
2026.01.08,13:04,4431.26,4432.41,4431.26,4432.14,192
2026.01.08,13:05,4432.14,4432.64,4431.70,4432.13,185
2026.01.08,13:06,4432.18,4432.29,4430.87,4431.68,226
2026.01.08,13:07,4431.67,4431.71,4430.74,4431.18,363
2026.01.08,13:08,4430.93,4431.59,4430.32,4431.44,343
2026.01.08,13:09,4431.53,4431.55,4429.03,4429.12,469
2026.01.08,13:10,4429.01,4429.06,4427.60,4428.37,836
2026.01.08,13:11,4428.46,4430.21,4428.06,4430.20,490
2026.01.08,13:12,4430.19,4430.40,4429.36,4429.48,347
2026.01.08,13:13,4429.14,4429.87,4429.01,4429.19,404
2026.01.08,13:14,4429.16,4429.29,4428.21,4428.31,374
2026.01.08,13:15,4428.33,4428.55,4427.88,4428.41,333
2026.01.08,13:16,4428.38,4428.38,4427.01,4427.35,488
2026.01.08,13:17,4427.36,4429.25,4426.94,4428.15,480
2026.01.08,13:18,4428.10,4429.14,4427.54,4428.68,400
2026.01.08,13:19,4428.68,4429.66,4428.66,4428.78,380
2026.01.08,13:20,4428.77,4428.86,4427.72,4428.59,800
2026.01.08,13:21,4428.58,4429.10,4428.12,4428.32,713
2026.01.08,13:22,4428.30,4428.66,4426.86,4427.31,561
2026.01.08,13:23,4427.33,4427.53,4426.39,4426.60,436
2026.01.08,13:24,4426.57,4426.57,4425.62,4425.73,768
2026.01.08,13:25,4425.70,4426.05,4424.70,4424.95,1028
2026.01.08,13:26,4424.91,4426.50,4424.69,4425.94,901
2026.01.08,13:27,4425.91,4426.48,4424.96,4426.31,688
2026.01.08,13:28,4426.32,4427.89,4425.83,4427.82,418
2026.01.08,13:29,4427.79,4428.20,4426.41,4426.41,448
2026.01.08,13:30,4426.42,4427.58,4425.93,4426.62,289
2026.01.08,13:31,4426.60,4426.85,4424.93,4425.74,625
2026.01.08,13:32,4425.69,4426.33,4425.10,4425.46,397
2026.01.08,13:33,4425.47,4426.04,4424.75,4424.76,291
2026.01.08,13:34,4424.76,4425.31,4424.62,4425.02,349
2026.01.08,13:35,4425.00,4425.63,4424.81,4425.23,350
2026.01.08,13:36,4425.26,4426.33,4424.84,4426.18,299
2026.01.08,13:37,4426.19,4426.92,4425.87,4426.35,384
2026.01.08,13:38,4426.39,4426.87,4426.27,4426.39,196
2026.01.08,13:39,4426.36,4427.23,4426.20,4427.21,338
2026.01.08,13:40,4427.17,4428.04,4427.03,4427.44,462
2026.01.08,13:41,4427.45,4427.58,4426.35,4427.01,294
2026.01.08,13:42,4427.00,4427.02,4426.50,4426.65,328
2026.01.08,13:43,4426.66,4427.31,4426.47,4427.17,559
2026.01.08,13:44,4427.16,4427.20,4426.14,4426.40,346
2026.01.08,13:45,4426.40,4427.25,4426.30,4427.16,265
2026.01.08,13:46,4427.17,4427.31,4425.17,4425.22,303
2026.01.08,13:47,4425.24,4425.84,4423.44,4423.67,499
2026.01.08,13:48,4423.62,4423.76,4422.26,4422.78,527
2026.01.08,13:49,4422.87,4424.98,4422.40,4424.62,771
2026.01.08,13:50,4424.63,4425.46,4424.05,4424.32,357
2026.01.08,13:51,4424.31,4424.55,4423.10,4424.29,377
2026.01.08,13:52,4424.30,4424.64,4423.54,4424.00,475
2026.01.08,13:53,4424.01,4424.68,4423.57,4424.21,242
2026.01.08,13:54,4424.20,4424.23,4423.67,4423.86,172
2026.01.08,13:55,4423.80,4424.27,4422.98,4424.25,271
2026.01.08,13:56,4424.27,4425.28,4424.23,4424.67,317
2026.01.08,13:57,4424.68,4424.77,4423.33,4423.89,325
2026.01.08,13:58,4423.91,4424.54,4423.55,4423.90,384
2026.01.08,13:59,4423.83,4424.31,4421.99,4422.73,335
2026.01.08,14:00,4422.80,4422.81,4419.59,4420.26,663
2026.01.08,14:01,4420.22,4420.71,4417.07,4418.14,641
2026.01.08,14:02,4418.12,4418.15,4416.36,4417.69,923
2026.01.08,14:03,4417.79,4420.50,4416.98,4419.65,737
2026.01.08,14:04,4419.63,4419.63,4414.62,4416.70,959
2026.01.08,14:05,4416.67,4417.36,4411.97,4413.92,1019
2026.01.08,14:06,4413.95,4417.47,4413.18,4417.05,596
2026.01.08,14:07,4417.06,4417.25,4414.63,4414.96,512
2026.01.08,14:08,4414.92,4416.25,4413.96,4416.11,442
2026.01.08,14:09,4416.19,4419.21,4416.19,4418.23,327
2026.01.08,14:10,4418.25,4419.41,4417.54,4418.31,423
2026.01.08,14:11,4418.29,4418.83,4417.06,4418.07,525
2026.01.08,14:12,4418.06,4418.13,4414.19,4414.29,660
2026.01.08,14:13,4414.17,4415.52,4414.14,4415.07,612
2026.01.08,14:14,4415.08,4415.22,4411.88,4412.26,601
2026.01.08,14:15,4412.21,4413.00,4409.54,4409.94,925
2026.01.08,14:16,4409.83,4411.90,4407.33,4411.55,1128
2026.01.08,14:17,4411.52,4413.31,4410.37,4412.73,572
2026.01.08,14:18,4412.72,4413.62,4411.35,4411.60,643
2026.01.08,14:19,4411.57,4414.33,4411.35,4413.66,622
2026.01.08,14:20,4413.63,4414.99,4413.20,4414.62,480
2026.01.08,14:21,4414.63,4414.75,4413.48,4414.31,418
2026.01.08,14:22,4414.29,4416.42,4414.29,4415.08,462
2026.01.08,14:23,4415.05,4415.57,4413.88,4415.10,449
2026.01.08,14:24,4415.09,4416.17,4414.65,4415.37,501
2026.01.08,14:25,4415.37,4418.91,4412.93,4418.90,1168
2026.01.08,14:26,4418.89,4421.41,4418.11,4421.28,798
2026.01.08,14:27,4421.31,4422.14,4420.43,4421.04,571
2026.01.08,14:28,4421.03,4422.33,4419.89,4421.86,445
2026.01.08,14:29,4421.79,4422.18,4420.46,4420.49,387
2026.01.08,14:30,4420.46,4422.18,4419.93,4421.25,522
2026.01.08,14:31,4421.24,4422.71,4421.04,4422.71,335
2026.01.08,14:32,4422.69,4424.71,4421.99,4423.72,499
2026.01.08,14:33,4423.73,4426.04,4423.72,4425.07,885
2026.01.08,14:34,4425.10,4425.11,4423.42,4423.95,448
2026.01.08,14:35,4423.98,4424.08,4422.33,4422.69,432
2026.01.08,14:36,4422.68,4425.05,4422.09,4425.01,656
2026.01.08,14:37,4425.00,4426.41,4424.88,4426.02,676
2026.01.08,14:38,4426.03,4426.83,4425.18,4426.80,537
2026.01.08,14:39,4426.81,4428.88,4426.58,4427.98,545
2026.01.08,14:40,4427.97,4428.06,4426.99,4427.81,322
2026.01.08,14:41,4427.83,4430.04,4427.72,4430.02,579
2026.01.08,14:42,4429.98,4430.82,4429.19,4430.02,476
2026.01.08,14:43,4430.03,4431.08,4429.70,4430.73,881
2026.01.08,14:44,4430.77,4431.33,4428.23,4428.92,612
2026.01.08,14:45,4428.97,4429.93,4427.57,4427.82,454
2026.01.08,14:46,4427.80,4428.74,4426.71,4427.06,361
2026.01.08,14:47,4427.08,4429.23,4427.07,4428.97,590
2026.01.08,14:48,4429.04,4430.20,4428.80,4429.25,366
2026.01.08,14:49,4429.46,4430.37,4427.87,4428.40,480
2026.01.08,14:50,4428.38,4428.43,4426.75,4427.52,637
2026.01.08,14:51,4427.43,4430.27,4427.39,4429.15,736
2026.01.08,14:52,4429.14,4429.57,4428.41,4428.92,435
2026.01.08,14:53,4428.93,4429.83,4428.14,4428.90,481
2026.01.08,14:54,4428.91,4429.19,4426.70,4427.24,425
2026.01.08,14:55,4427.22,4428.99,4426.61,4428.31,553
2026.01.08,14:56,4428.28,4428.37,4427.62,4428.03,405
2026.01.08,14:57,4428.02,4428.55,4427.63,4428.03,558
2026.01.08,14:58,4428.08,4428.42,4427.06,4427.45,697
2026.01.08,14:59,4427.43,4427.91,4426.20,4427.69,899
2026.01.08,15:00,4427.62,4429.56,4426.47,4427.67,1589
2026.01.08,15:01,4427.65,4427.96,4425.53,4425.90,814
2026.01.08,15:02,4425.92,4426.73,4424.54,4426.22,1278
2026.01.08,15:03,4426.19,4427.06,4424.93,4426.19,1049
2026.01.08,15:04,4426.20,4427.15,4423.08,4423.79,851
2026.01.08,15:05,4423.82,4424.06,4420.41,4421.51,750
2026.01.08,15:06,4421.49,4421.49,4418.28,4421.05,1204
2026.01.08,15:07,4420.99,4421.33,4418.60,4419.89,785
2026.01.08,15:08,4419.83,4421.29,4418.96,4420.82,756
2026.01.08,15:09,4420.86,4421.37,4418.13,4418.78,1305
2026.01.08,15:10,4418.77,4419.53,4417.13,4418.70,1106
2026.01.08,15:11,4418.69,4420.91,4418.17,4419.72,624
2026.01.08,15:12,4419.71,4420.63,4418.16,4419.44,979
2026.01.08,15:13,4419.52,4420.61,4417.69,4419.23,683
2026.01.08,15:14,4419.27,4420.74,4418.23,4420.55,859
2026.01.08,15:15,4420.45,4423.14,4420.29,4422.67,1124
2026.01.08,15:16,4422.64,4424.09,4421.18,4422.30,906
2026.01.08,15:17,4422.31,4424.88,4422.05,4424.47,636
2026.01.08,15:18,4424.37,4426.27,4423.95,4426.08,737
2026.01.08,15:19,4426.28,4427.53,4425.35,4425.77,982
2026.01.08,15:20,4425.76,4429.52,4425.73,4429.10,1573
2026.01.08,15:21,4429.12,4430.32,4428.22,4429.82,1078
2026.01.08,15:22,4429.80,4433.08,4428.93,4432.61,679
2026.01.08,15:23,4432.57,4433.39,4430.38,4431.89,1038
2026.01.08,15:24,4431.87,4432.90,4430.70,4432.18,677
2026.01.08,15:25,4432.06,4436.17,4431.65,4434.84,1452
2026.01.08,15:26,4434.80,4436.00,4430.90,4432.98,1006
2026.01.08,15:27,4432.93,4433.01,4430.72,4431.10,618
2026.01.08,15:28,4431.14,4432.62,4431.00,4431.56,525
2026.01.08,15:29,4431.77,4434.13,4431.31,4433.50,300
2026.01.08,15:30,4433.51,4434.09,4427.36,4429.05,749
2026.01.08,15:31,4429.04,4430.02,4426.33,4427.15,504
2026.01.08,15:32,4427.18,4429.85,4426.50,4429.00,483
2026.01.08,15:33,4429.01,4429.07,4426.38,4427.24,438
2026.01.08,15:34,4427.10,4428.16,4426.16,4426.96,494
2026.01.08,15:35,4426.95,4430.43,4426.87,4429.92,701
2026.01.08,15:36,4429.93,4431.22,4429.53,4429.86,596
2026.01.08,15:37,4429.73,4430.48,4428.01,4429.71,548
2026.01.08,15:38,4429.75,4432.01,4429.56,4430.97,547
2026.01.08,15:39,4431.23,4431.40,4428.35,4429.07,529
2026.01.08,15:40,4429.05,4429.37,4426.23,4426.66,669
2026.01.08,15:41,4426.59,4430.73,4426.01,4430.61,845
2026.01.08,15:42,4430.63,4433.11,4430.48,4432.59,940
2026.01.08,15:43,4432.65,4435.01,4432.19,4435.01,915
2026.01.08,15:44,4435.09,4435.68,4433.02,4433.16,726
2026.01.08,15:45,4433.13,4433.90,4432.13,4432.48,691
2026.01.08,15:46,4432.51,4433.69,4430.79,4431.86,825
2026.01.08,15:47,4432.15,4432.39,4430.29,4431.54,869
2026.01.08,15:48,4431.58,4433.59,4431.21,4432.56,1109
2026.01.08,15:49,4432.61,4433.21,4429.45,4429.60,940
2026.01.08,15:50,4429.58,4430.75,4428.80,4428.89,1484
2026.01.08,15:51,4428.90,4430.47,4428.32,4429.35,1778
2026.01.08,15:52,4429.36,4430.06,4428.02,4429.99,1200
2026.01.08,15:53,4429.99,4431.61,4429.02,4429.53,623
2026.01.08,15:54,4429.54,4429.86,4425.03,4425.23,801
2026.01.08,15:55,4425.27,4425.92,4422.48,4422.91,1311
2026.01.08,15:56,4422.68,4425.08,4422.62,4424.80,900
2026.01.08,15:57,4424.87,4424.96,4423.26,4424.60,635
2026.01.08,15:58,4424.62,4425.38,4422.02,4422.43,831
2026.01.08,15:59,4422.47,4424.87,4421.45,4423.72,753
2026.01.08,16:00,4423.73,4423.86,4420.88,4423.19,1011
2026.01.08,16:01,4423.28,4426.06,4422.08,4424.17,838
2026.01.08,16:02,4424.18,4424.48,4421.27,4423.29,642
2026.01.08,16:03,4423.25,4426.60,4423.23,4426.14,739
2026.01.08,16:04,4426.17,4427.95,4424.33,4424.45,832
2026.01.08,16:05,4424.46,4425.55,4422.08,4424.40,1253
2026.01.08,16:06,4424.43,4427.16,4422.68,4425.61,1034
2026.01.08,16:07,4425.62,4426.06,4421.36,4421.36,952
2026.01.08,16:08,4421.34,4421.48,4418.69,4420.39,1031
2026.01.08,16:09,4420.28,4423.85,4419.93,4423.60,679
2026.01.08,16:10,4423.58,4424.62,4422.22,4424.43,1196
2026.01.08,16:11,4424.38,4426.70,4423.95,4426.27,1015
2026.01.08,16:12,4426.24,4428.29,4425.69,4427.54,1053
2026.01.08,16:13,4427.55,4428.13,4425.74,4425.83,1142
2026.01.08,16:14,4425.84,4425.87,4423.04,4423.29,2379
2026.01.08,16:15,4423.35,4423.82,4421.21,4422.93,1706
2026.01.08,16:16,4422.94,4422.94,4419.38,4422.52,1009
2026.01.08,16:17,4422.50,4424.21,4422.36,4423.80,856
2026.01.08,16:18,4423.75,4427.17,4423.39,4426.60,718
2026.01.08,16:19,4426.61,4427.71,4425.17,4427.35,649
2026.01.08,16:20,4427.26,4427.55,4424.60,4425.12,598
2026.01.08,16:21,4425.11,4425.16,4422.58,4422.61,839
2026.01.08,16:22,4422.62,4422.62,4420.49,4421.97,774
2026.01.08,16:23,4421.96,4425.80,4421.77,4425.70,871
2026.01.08,16:24,4425.67,4428.99,4425.65,4428.98,715
2026.01.08,16:25,4428.99,4429.97,4428.59,4429.55,1199
2026.01.08,16:26,4429.50,4429.81,4427.80,4427.96,935
2026.01.08,16:27,4427.97,4428.71,4427.41,4427.56,701
2026.01.08,16:28,4427.68,4428.50,4427.03,4427.66,727
2026.01.08,16:29,4427.62,4428.55,4426.08,4427.63,1432
2026.01.08,16:30,4427.64,4427.80,4423.15,4426.24,3496
2026.01.08,16:31,4426.22,4427.01,4421.74,4423.39,2312
2026.01.08,16:32,4423.40,4432.73,4423.22,4432.12,2191
2026.01.08,16:33,4432.02,4433.20,4428.21,4428.29,2306
2026.01.08,16:34,4428.17,4433.06,4428.17,4430.68,1907
2026.01.08,16:35,4430.97,4433.68,4430.44,4431.30,1914
2026.01.08,16:36,4431.19,4435.48,4431.00,4432.62,1838
2026.01.08,16:37,4432.60,4435.48,4430.18,4430.69,1943
2026.01.08,16:38,4430.68,4434.03,4429.62,4433.79,2153
2026.01.08,16:39,4433.71,4435.06,4428.96,4429.39,1940
2026.01.08,16:40,4429.40,4431.90,4428.76,4431.65,1360
2026.01.08,16:41,4431.72,4431.72,4427.84,4429.63,1452
2026.01.08,16:42,4429.61,4430.06,4426.62,4426.86,1248
2026.01.08,16:43,4426.70,4430.39,4425.38,4430.22,1934
2026.01.08,16:44,4430.19,4432.23,4425.93,4426.20,1844
2026.01.08,16:45,4426.17,4430.01,4425.81,4429.43,2775
2026.01.08,16:46,4429.42,4434.41,4428.06,4434.26,2630
2026.01.08,16:47,4434.22,4437.55,4434.22,4437.34,2210
2026.01.08,16:48,4437.39,4437.53,4434.01,4436.33,2280
2026.01.08,16:49,4436.19,4437.58,4435.34,4436.54,2361
2026.01.08,16:50,4436.39,4439.22,4432.98,4433.19,2221
2026.01.08,16:51,4433.20,4434.38,4431.12,4432.43,2058
2026.01.08,16:52,4432.41,4435.78,4431.79,4434.59,1676
2026.01.08,16:53,4434.71,4437.24,4433.46,4434.12,2209
2026.01.08,16:54,4434.09,4435.44,4432.28,4434.79,1930
2026.01.08,16:55,4434.76,4435.78,4433.54,4434.83,2141
2026.01.08,16:56,4434.73,4435.55,4432.61,4433.65,1640
2026.01.08,16:57,4433.69,4436.79,4432.82,4436.13,1652
2026.01.08,16:58,4436.12,4437.15,4434.85,4434.92,910
2026.01.08,16:59,4434.90,4435.25,4432.48,4432.91,1458
2026.01.08,17:00,4432.92,4432.94,4427.57,4428.13,1604
2026.01.08,17:01,4428.19,4430.96,4427.79,4430.64,1359
2026.01.08,17:02,4430.56,4432.17,4429.11,4431.61,1083
2026.01.08,17:03,4431.57,4434.39,4429.97,4433.10,1028
2026.01.08,17:04,4433.11,4434.55,4432.94,4434.54,1105
2026.01.08,17:05,4434.52,4440.23,4433.93,4439.73,1576
2026.01.08,17:06,4439.77,4440.53,4437.41,4438.39,1815
2026.01.08,17:07,4438.33,4441.98,4437.93,4440.15,1856
2026.01.08,17:08,4440.07,4441.81,4438.43,4441.36,1986
2026.01.08,17:09,4441.35,4445.15,4441.35,4444.93,2277
2026.01.08,17:10,4444.87,4448.74,4444.64,4447.69,2008
2026.01.08,17:11,4447.70,4449.30,4446.63,4448.66,1592
2026.01.08,17:12,4448.65,4448.87,4445.93,4446.69,1398
2026.01.08,17:13,4446.79,4447.56,4444.74,4444.83,1704
2026.01.08,17:14,4444.82,4448.01,4443.75,4447.78,1606
2026.01.08,17:15,4447.68,4448.72,4446.04,4448.71,1496
2026.01.08,17:16,4448.76,4452.81,4446.98,4452.45,2022
2026.01.08,17:17,4452.62,4454.25,4451.38,4452.30,1983
2026.01.08,17:18,4452.17,4452.27,4449.31,4449.73,1840
2026.01.08,17:19,4449.78,4450.12,4446.50,4447.12,1871
2026.01.08,17:20,4447.15,4451.00,4445.92,4448.32,1961
2026.01.08,17:21,4448.33,4448.43,4445.45,4447.02,2161
2026.01.08,17:22,4447.04,4448.43,4444.57,4445.10,2301
2026.01.08,17:23,4445.11,4446.86,4443.72,4446.83,1851
2026.01.08,17:24,4447.02,4449.21,4445.72,4447.12,2051
2026.01.08,17:25,4447.14,4448.05,4444.80,4445.60,1610
2026.01.08,17:26,4445.46,4445.96,4443.31,4443.63,1771
2026.01.08,17:27,4443.60,4446.33,4443.47,4444.97,1907
2026.01.08,17:28,4444.98,4448.69,4444.98,4447.78,2069
2026.01.08,17:29,4447.76,4448.35,4445.92,4447.68,1712
2026.01.08,17:30,4447.68,4449.96,4446.57,4448.26,1348
2026.01.08,17:31,4448.24,4452.02,4446.91,4450.26,1272
2026.01.08,17:32,4450.28,4452.14,4449.51,4451.94,1685
2026.01.08,17:33,4451.97,4453.10,4450.86,4451.49,1394
2026.01.08,17:34,4451.44,4453.28,4450.53,4451.28,1001
2026.01.08,17:35,4451.27,4452.23,4448.77,4449.06,1350
2026.01.08,17:36,4449.08,4450.16,4448.06,4448.15,1015
2026.01.08,17:37,4448.12,4449.86,4447.38,4448.54,1528
2026.01.08,17:38,4448.55,4448.61,4446.85,4447.02,1397
2026.01.08,17:39,4447.07,4451.21,4446.66,4449.90,1429
2026.01.08,17:40,4449.91,4452.48,4449.91,4452.35,1159
2026.01.08,17:41,4452.36,4455.64,4451.55,4452.81,1684
2026.01.08,17:42,4452.73,4453.95,4450.18,4453.90,1220
2026.01.08,17:43,4453.91,4455.31,4453.39,4454.76,1364
2026.01.08,17:44,4454.83,4455.43,4452.66,4453.59,1063
2026.01.08,17:45,4453.58,4454.86,4451.77,4452.01,1295
2026.01.08,17:46,4452.04,4453.14,4451.40,4451.55,1077
2026.01.08,17:47,4451.66,4453.50,4449.92,4450.04,651
2026.01.08,17:48,4450.07,4454.12,4449.68,4453.82,1651
2026.01.08,17:49,4453.78,4455.57,4453.52,4454.42,1124
2026.01.08,17:50,4454.39,4456.64,4452.94,4454.23,1286
2026.01.08,17:51,4454.36,4454.52,4451.72,4451.96,1149
2026.01.08,17:52,4451.95,4452.99,4451.13,4451.44,894
2026.01.08,17:53,4451.45,4452.69,4450.64,4451.60,988
2026.01.08,17:54,4451.65,4452.09,4447.96,4448.28,1364
2026.01.08,17:55,4448.35,4450.51,4447.64,4450.27,1686
2026.01.08,17:56,4450.24,4451.31,4448.29,4451.15,1868
2026.01.08,17:57,4451.18,4452.87,4450.35,4452.75,1698
2026.01.08,17:58,4452.73,4455.30,4452.51,4455.28,1327
2026.01.08,17:59,4455.30,4455.56,4453.54,4454.10,1353
2026.01.08,18:00,4454.11,4455.03,4452.49,4453.44,1587
2026.01.08,18:01,4453.44,4456.58,4453.35,4456.49,1612
2026.01.08,18:02,4456.36,4457.97,4456.33,4457.00,1694
2026.01.08,18:03,4457.02,4457.68,4454.81,4455.48,1821
2026.01.08,18:04,4455.52,4456.15,4453.58,4453.67,1593
2026.01.08,18:05,4453.75,4453.75,4451.89,4452.29,1518
2026.01.08,18:06,4452.28,4453.26,4451.44,4451.58,1148
2026.01.08,18:07,4451.62,4454.47,4451.12,4454.07,1264
2026.01.08,18:08,4453.97,4454.48,4451.98,4452.09,1591
2026.01.08,18:09,4452.13,4452.43,4451.02,4451.73,1842
2026.01.08,18:10,4451.81,4453.19,4450.47,4450.53,1339
2026.01.08,18:11,4450.52,4451.52,4449.97,4451.00,1537
2026.01.08,18:12,4451.02,4452.02,4450.51,4451.25,1919
2026.01.08,18:13,4451.34,4451.55,4448.72,4448.88,1581
2026.01.08,18:14,4448.84,4449.62,4446.80,4447.07,2621
2026.01.08,18:15,4447.09,4449.58,4446.76,4448.88,2079
2026.01.08,18:16,4448.89,4450.22,4447.83,4450.04,2047
2026.01.08,18:17,4449.95,4450.22,4448.13,4448.63,1778
2026.01.08,18:18,4448.67,4451.62,4448.33,4450.90,1263
2026.01.08,18:19,4450.85,4452.20,4449.48,4450.42,1295
2026.01.08,18:20,4450.56,4453.44,4450.43,4452.94,1654
2026.01.08,18:21,4452.93,4453.76,4452.53,4453.34,1358
2026.01.08,18:22,4453.35,4453.43,4451.53,4452.30,1034
2026.01.08,18:23,4452.49,4453.09,4451.13,4451.29,1598
2026.01.08,18:24,4451.28,4452.64,4450.63,4452.31,1441
2026.01.08,18:25,4452.35,4453.42,4451.45,4453.07,1103
2026.01.08,18:26,4453.01,4454.10,4452.62,4452.80,968
2026.01.08,18:27,4452.66,4453.67,4452.39,4452.75,1159
2026.01.08,18:28,4452.72,4455.06,4452.31,4454.99,1602
2026.01.08,18:29,4455.14,4455.18,4452.80,4453.43,1015
2026.01.08,18:30,4453.35,4454.58,4451.72,4454.04,657
2026.01.08,18:31,4454.05,4455.14,4452.95,4454.95,662
2026.01.08,18:32,4454.81,4458.85,4454.33,4458.67,1108
2026.01.08,18:33,4458.54,4460.98,4457.92,4460.32,848
2026.01.08,18:34,4460.17,4461.79,4460.17,4461.05,678
2026.01.08,18:35,4461.04,4462.04,4458.25,4458.78,1285
2026.01.08,18:36,4458.82,4460.18,4458.27,4459.95,1327
2026.01.08,18:37,4460.00,4462.35,4459.52,4461.16,1256
2026.01.08,18:38,4461.20,4463.67,4460.17,4463.36,1438
2026.01.08,18:39,4463.41,4464.74,4462.08,4462.98,1798
2026.01.08,18:40,4463.01,4463.20,4460.61,4461.49,1036
2026.01.08,18:41,4461.41,4464.45,4461.41,4463.89,1725
2026.01.08,18:42,4463.98,4464.58,4461.48,4461.67,1641
2026.01.08,18:43,4461.66,4462.14,4460.30,4460.75,1364
2026.01.08,18:44,4460.78,4461.76,4459.73,4460.68,986
2026.01.08,18:45,4460.71,4461.06,4458.31,4459.66,1938
2026.01.08,18:46,4459.61,4459.75,4458.31,4459.03,1703
2026.01.08,18:47,4458.93,4459.77,4458.07,4459.51,1049
2026.01.08,18:48,4459.48,4459.72,4457.59,4458.17,1045
2026.01.08,18:49,4458.20,4459.51,4457.94,4458.13,1135
2026.01.08,18:50,4458.02,4460.86,4458.02,4460.37,1052
2026.01.08,18:51,4460.38,4460.48,4459.35,4459.94,705
2026.01.08,18:52,4459.93,4460.87,4459.52,4459.82,725
2026.01.08,18:53,4459.83,4460.49,4458.86,4460.14,752
2026.01.08,18:54,4460.16,4461.32,4459.71,4461.18,994
2026.01.08,18:55,4461.20,4461.78,4460.20,4461.52,1113
2026.01.08,18:56,4461.54,4462.51,4460.62,4462.07,831
2026.01.08,18:57,4462.02,4463.48,4460.82,4462.88,1212
2026.01.08,18:58,4462.89,4464.28,4462.37,4463.41,1502
2026.01.08,18:59,4463.47,4463.72,4462.70,4463.11,1289
2026.01.08,19:00,4463.06,4464.37,4460.31,4461.99,2577
2026.01.08,19:01,4461.98,4464.05,4461.18,4463.99,1239
2026.01.08,19:02,4464.01,4465.39,4463.31,4463.71,1422
2026.01.08,19:03,4463.70,4464.14,4462.39,4462.54,747
2026.01.08,19:04,4462.58,4462.98,4461.17,4461.86,722
2026.01.08,19:05,4461.90,4461.90,4459.62,4460.87,576
2026.01.08,19:06,4460.81,4461.02,4459.56,4459.98,966
2026.01.08,19:07,4459.93,4461.35,4459.63,4461.35,964
2026.01.08,19:08,4461.29,4461.90,4460.46,4460.60,996
2026.01.08,19:09,4460.62,4461.14,4458.07,4459.02,823
2026.01.08,19:10,4459.01,4459.65,4458.41,4458.89,734
2026.01.08,19:11,4458.90,4461.19,4458.72,4461.03,823
2026.01.08,19:12,4460.80,4461.86,4459.41,4459.82,1019
2026.01.08,19:13,4459.83,4461.13,4459.69,4460.37,847
2026.01.08,19:14,4460.39,4460.78,4459.40,4459.98,760
2026.01.08,19:15,4459.83,4459.99,4458.63,4458.97,693
2026.01.08,19:16,4458.93,4459.79,4458.56,4459.09,565
2026.01.08,19:17,4459.10,4459.65,4457.19,4458.16,1752
2026.01.08,19:18,4458.11,4459.86,4457.53,4459.48,1426
2026.01.08,19:19,4459.45,4461.40,4458.97,4460.99,1344
2026.01.08,19:20,4461.01,4461.01,4458.69,4459.20,1267
2026.01.08,19:21,4459.32,4459.58,4458.66,4459.29,472
2026.01.08,19:22,4459.25,4461.10,4459.25,4460.55,1720
2026.01.08,19:23,4460.57,4461.42,4459.36,4459.75,1520
2026.01.08,19:24,4459.76,4461.48,4459.57,4461.18,1611
2026.01.08,19:25,4461.20,4461.55,4459.19,4459.43,1739
2026.01.08,19:26,4459.41,4461.11,4459.09,4460.86,1771
2026.01.08,19:27,4460.86,4462.23,4460.13,4461.67,1502
2026.01.08,19:28,4461.68,4462.26,4461.19,4461.70,938
2026.01.08,19:29,4461.69,4462.19,4461.24,4461.61,842
2026.01.08,19:30,4461.78,4462.91,4461.68,4462.69,1021
2026.01.08,19:31,4462.70,4463.46,4462.22,4463.08,681
2026.01.08,19:32,4463.09,4463.45,4461.72,4462.26,571
2026.01.08,19:33,4462.25,4462.72,4461.94,4462.42,433
2026.01.08,19:34,4462.45,4462.45,4459.85,4460.23,526
2026.01.08,19:35,4460.20,4460.62,4459.58,4460.09,384
2026.01.08,19:36,4459.78,4460.44,4459.13,4460.01,330
2026.01.08,19:37,4460.00,4460.98,4459.44,4459.86,335
2026.01.08,19:38,4459.75,4460.38,4458.88,4460.12,407
2026.01.08,19:39,4460.15,4461.81,4459.87,4461.81,294
2026.01.08,19:40,4461.75,4462.35,4461.11,4462.13,285
2026.01.08,19:41,4462.10,4462.65,4461.62,4462.13,218
2026.01.08,19:42,4462.12,4462.27,4461.23,4462.03,212
2026.01.08,19:43,4462.01,4462.43,4461.05,4461.08,187
2026.01.08,19:44,4461.02,4461.76,4461.00,4461.31,149
2026.01.08,19:45,4461.32,4462.09,4460.99,4461.19,254
2026.01.08,19:46,4461.13,4461.43,4460.04,4461.15,355
2026.01.08,19:47,4461.09,4461.41,4459.94,4460.11,459
2026.01.08,19:48,4460.08,4460.73,4459.76,4459.92,269
2026.01.08,19:49,4459.89,4459.94,4459.11,4459.81,276
2026.01.08,19:50,4459.80,4461.50,4459.80,4461.44,370
2026.01.08,19:51,4461.38,4461.73,4460.42,4461.66,321
2026.01.08,19:52,4461.67,4463.36,4461.64,4462.88,418
2026.01.08,19:53,4462.87,4463.43,4462.27,4463.42,397
2026.01.08,19:54,4463.39,4463.68,4462.37,4462.47,476
2026.01.08,19:55,4462.48,4462.96,4461.90,4462.10,237
2026.01.08,19:56,4462.14,4462.66,4461.70,4462.61,250
2026.01.08,19:57,4462.62,4463.64,4462.61,4463.46,376
2026.01.08,19:58,4463.45,4463.68,4462.25,4462.33,363
